ENSG,ab,ab_hpa_scores,compartment,ccdreason
ENSG00000158321,HPA000390,Approved,Nuc,Pseudotime
ENSG00000136108,HPA008410,Approved,Cell,No                 
ENSG00000138347,HPA036299,Approved,Nuc,No                 
ENSG00000111605,HPA039973,Enhanced,Nuc,No                 
ENSG00000106012,HPA019515,Approved,Nuc,Pseudotime
ENSG00000168159,HPA030098,Supported,Nuc,Pseudotime
ENSG00000214212,HPA055027,Uncertain,Cyto,No                 
ENSG00000166347,HPA058547,Enhanced,Cell,No                 
ENSG00000180822,HPA067652,Approved,Cell,No                 
ENSG00000128422,HPA000453,Enhanced,Cell,Pseudotime
ENSG00000196839,HPA001399,Supported,Cyto,No                 
ENSG00000101115,HPA015791,Enhanced,Nuc,Pseudotime
ENSG00000189060,HPA000843,Supported,Nuc,Pseudotime
ENSG00000138614,HPA040255,Approved,Nuc,No                 
ENSG00000163644,HPA020066,Supported,Cell,No                 
ENSG00000111912,HPA030292,Approved,Nuc,No                 
ENSG00000100744,HPA043054,Approved,Cell,No                 
ENSG00000171421,HPA047238,Supported,Cell,No                 
ENSG00000167065,HPA051349,Supported,Nuc,Pseudotime
ENSG00000165156,HPA055357,Enhanced,Nuc,No                 
ENSG00000213638,HPA058899,Approved,Nuc,No                 
ENSG00000105372,HPA063217,Supported,Nuc,No                 
ENSG00000177311,HPA014865,Enhanced,Nuc,No                 
ENSG00000076201,HPA016845,Supported,Nuc,Pseudotime
ENSG00000189221,HPA054807,Enhanced,Cell,No                 
ENSG00000147231,HPA001374,Approved,Cell,Pseudotime
ENSG00000143217,HPA010775,Supported,Cell,No                 
ENSG00000179104,HPA026954,Approved,Cell,No                 
ENSG00000197776,HPA020461,Supported,Cyto,No                 
ENSG00000177352,HPA047547,Approved,Nuc,No                 
ENSG00000166123,HPA051514,Approved,Cell,No                 
ENSG00000108592,HPA055544,Enhanced,Nuc,Mitotic
ENSG00000183011,HPA059189,Supported,Nuc,No                 
ENSG00000127418,HPA068828,Supported,Cell,No                 
ENSG00000008311,HPA020637,Enhanced,Nuc,Pseudotime
ENSG00000138050,HPA058025,Uncertain,Nuc,Pseudotime
ENSG00000147256,HPA002064,Approved,Cell,Pseudotime
ENSG00000116031,HPA011216,Approved,Cell,No                 
ENSG00000120278,HPA027128,Enhanced,Nuc,Pseudotime
ENSG00000176928,HPA037431,Supported,Cell,No                 
ENSG00000078328,HPA040809,Approved,Cell,No                 
ENSG00000147874,HPA020965,Supported,Cyto,No                 
ENSG00000064933,HPA031013,Supported,Nuc,No                 
ENSG00000096968,HPA043870,Supported,Cell,No                 
ENSG00000179918,HPA047931,Approved,Nuc,No                 
ENSG00000181513,HPA051772,Approved,Nuc,Pseudotime
ENSG00000116793,HPA059486,Approved,Nuc,No                 
ENSG00000158125,HPA069323,Uncertain,Nuc,No                 
ENSG00000073578,HPA041981,Supported,Cell,No                 
ENSG00000121152,HPA003008,Supported,Cell,Pseudotime
ENSG00000136114,HPA012611,Supported,Cyto,No                 
ENSG00000100479,HPA027555,Supported,Nuc,No                 
ENSG00000041802,HPA037704,Supported,Nuc,No                 
ENSG00000152229,HPA040923,Approved,Cell,No                 
ENSG00000187607,HPA021594,Approved,Nuc,No                 
ENSG00000006704,HPA044254,Supported,Cell,Pseudotime
ENSG00000211450,HPA048362,Approved,Nuc,No                 
ENSG00000158480,HPA052224,Approved,Nuc,No                 
ENSG00000134602,HPA059921,Uncertain,Nuc,Pseudotime
ENSG00000135119,HPA064161,Approved,Cyto,No                 
ENSG00000241484,HPA069694,Approved,Nuc,Pseudotime
ENSG00000108602,HPA051150,Supported,Cell,No                 
ENSG00000053702,HPA039860,Approved,Nuc,Pseudotime
ENSG00000139344,HPA040149,Approved,Cyto,No                 
ENSG00000101290,HPA019698,Approved,Cell,No                 
ENSG00000157103,HPA013341,Uncertain,Cell,No                 
ENSG00000157191,HPA028077,Approved,Cell,No                 
ENSG00000180104,HPA037880,Approved,Cell,No                 
ENSG00000110104,HPA041117,Enhanced,Nuc,Mitotic
ENSG00000124813,HPA022040,Enhanced,Nuc,No                 
ENSG00000077549,HPA031531,Approved,Cell,No                 
ENSG00000141506,HPA044505,Supported,Cyto,No                 
ENSG00000274349,HPA048668,Approved,Nuc,No                 
ENSG00000185507,HPA052757,Approved,Nuc,No                 
ENSG00000161956,HPA060290,Supported,Nuc,Pseudotime
ENSG00000160539,HPA070252,Approved,Nuc,No                 
ENSG00000122642,HPA055256,Approved,Cell,No                 
ENSG00000111615,HPA051690,Enhanced,Nuc,Mitotic
ENSG00000197712,HPA069701,Enhanced,Cell,No                 
ENSG00000213853,HPA014711,Approved,Nuc,No                 
ENSG00000162396,HPA028308,Approved,Cell,No                 
ENSG00000159335,HPA038186,Approved,Nuc,No                 
ENSG00000166263,HPA022888,Approved,Cyto,No                 
ENSG00000154079,HPA031824,Approved,Cell,No                 
ENSG00000136866,HPA049112,Approved,Cell,Pseudotime
ENSG00000139304,HPA053245,Approved,Cyto,No                 
ENSG00000071889,HPA056991,Approved,Nuc,Pseudotime&Mitotic
ENSG00000198517,HPA060841,Enhanced,Nuc,No                 
ENSG00000174282,HPA064763,Supported,Nuc,No                 
ENSG00000069275,HPA062351,Supported,Nuc,No                 
ENSG00000010704,HPA053470,Supported,Cyto,No                 
ENSG00000130635,HPA030769,Approved,Cell,No                 
ENSG00000165730,HPA037845,Supported,Cyto,No                 
ENSG00000164120,HPA005679,Supported,Cell,Pseudotime
ENSG00000059758,HPA015325,Approved,Cell,Pseudotime
ENSG00000181450,HPA028507,Approved,Nuc,Pseudotime
ENSG00000061794,HPA038513,Approved,Cell,No                 
ENSG00000183044,HPA041690,Supported,Cell,No                 
ENSG00000162302,HPA023225,Supported,Nuc,No                 
ENSG00000011021,HPA032097,Approved,Cell,No                 
ENSG00000215114,HPA045278,Approved,Nuc,No                 
ENSG00000181035,HPA049449,Supported,Cell,Pseudotime
ENSG00000113558,HPA053745,Supported,Nuc,No                 
ENSG00000158615,HPA061088,Approved,Cell,No                 
ENSG00000071894,HPA065167,Enhanced,Nuc,No                 
ENSG00000177990,HPA071264,Approved,Cell,Pseudotime
ENSG00000067365,HPA074173,Supported,Nuc,Pseudotime
ENSG00000114346,HPA053261,Enhanced,Nuc,No                 
ENSG00000058600,HPA041419,Enhanced,Nuc,Pseudotime
ENSG00000188486,HPA051647,Supported,Nuc,Pseudotime
ENSG00000167380,HPA006145,Approved,Nuc,No                 
ENSG00000135636,HPA017071,Supported,Cell,Pseudotime
ENSG00000018869,HPA028858,Approved,Cyto,No                 
ENSG00000148737,HPA038800,Approved,Nuc,Pseudotime
ENSG00000175931,HPA023605,Supported,Nuc,No                 
ENSG00000104967,HPA045607,Approved,Nuc,No                 
ENSG00000077463,HPA049729,Supported,Nuc,No                 
ENSG00000164941,HPA057299,Approved,Nuc,Pseudotime
ENSG00000259120,HPA065721,Approved,Nuc,Pseudotime
ENSG00000105176,HPA071709,Supported,Cell,Pseudotime
ENSG00000172262,HPA074630,Enhanced,Cell,No                 
ENSG00000103876,HPA041370,Approved,Cyto,Pseudotime
ENSG00000118194,HPA017888,Uncertain,Nuc,No                 
ENSG00000145990,HPA029096,Approved,Cell,No                 
ENSG00000139132,HPA039235,Supported,Cell,No                 
ENSG00000156675,HPA024010,Enhanced,Cell,No                 
ENSG00000175573,HPA045938,Approved,Nuc,No                 
ENSG00000105393,HPA054386,Enhanced,Nuc,No                 
ENSG00000137947,HPA061626,Supported,Nuc,No                 
ENSG00000166816,HPA066148,Approved,Cyto,No                 
ENSG00000142197,HPA072065,Approved,Nuc,Pseudotime
ENSG00000167964,HPA075624,Uncertain,Cell,No                 
ENSG00000158161,HPA052432,Enhanced,Nuc,Pseudotime
ENSG00000115165,HPA007191,Approved,Cyto,No                 
ENSG00000115539,HPA018469,Enhanced,Cell,No                 
ENSG00000075218,HPA029457,Approved,Cell,Pseudotime
ENSG00000108578,HPA039548,Supported,Nuc,No                 
ENSG00000123607,HPA035494,Supported,Cell,Pseudotime
ENSG00000122484,HPA046443,Supported,Nuc,No                 
ENSG00000142552,HPA050402,Approved,Cell,No                 
ENSG00000178982,HPA054590,Supported,Cyto,No                 
ENSG00000203880,HPA057849,Approved,Cell,No                 
ENSG00000157259,HPA072785,Enhanced,Nuc,Pseudotime
ENSG00000100196,HPA076405,Supported,Cell,Pseudotime
ENSG00000120694,HPA031569,Enhanced,Cell,No                 
ENSG00000174943,HPA043524,Supported,Nuc,No                 
ENSG00000198898,HPA007643,Approved,Cell,No                 
ENSG00000042493,HPA019080,Enhanced,Nuc,Pseudotime
ENSG00000125356,HPA029768,Supported,Cyto,No                 
ENSG00000083812,HPA039774,Approved,Nuc,No                 
ENSG00000104889,HPA042692,Enhanced,Nuc,No                 
ENSG00000136193,HPA024517,Approved,Cyto,No                 
ENSG00000198848,HPA046717,Supported,Cell,No                 
ENSG00000088833,HPA050628,Enhanced,Nuc,No                 
ENSG00000097096,HPA058378,Approved,Cell,No                 
ENSG00000160781,HPA073505,Approved,Nuc,No                 
ENSG00000225830,HPA071297,Approved,Nuc,Pseudotime
ENSG00000102057,HPA000524,Uncertain,Nuc,Pseudotime
ENSG00000156970,HPA008419,Supported,Cyto,Pseudotime
ENSG00000132688,HPA026111,Enhanced,Cell,No                 
ENSG00000182670,HPA036304,Approved,Nuc,No                 
ENSG00000180881,HPA040004,Approved,Nuc,Pseudotime
ENSG00000118939,HPA019678,Supported,Nuc,No                 
ENSG00000170775,HPA042903,Approved,Nuc,No                 
ENSG00000128923,HPA051103,Enhanced,Nuc,No                 
ENSG00000177732,HPA055052,Enhanced,Nuc,No                 
ENSG00000143190,HPA058559,Supported,Cell,No                 
ENSG00000160211,HPA000834,Enhanced,Cyto,No                 
ENSG00000067829,HPA002017,Approved,Nuc,Pseudotime
ENSG00000124762,HPA005946,Supported,Nuc,No                 
ENSG00000109685,HPA015801,Supported,Nuc,No                 
ENSG00000127241,HPA009641,Enhanced,Cell,No                 
ENSG00000165732,HPA036592,Enhanced,Nuc,Mitotic
ENSG00000179532,HPA040267,Approved,Nuc,Pseudotime
ENSG00000173848,HPA020068,Approved,Nuc,Pseudotime
ENSG00000103269,HPA030360,Approved,Nuc,No                 
ENSG00000129347,HPA043110,Enhanced,Nuc,Pseudotime
ENSG00000008324,HPA047377,Approved,Cell,Pseudotime
ENSG00000157916,HPA051400,Supported,Cell,No                 
ENSG00000185022,HPA055371,Approved,Cell,No                 
ENSG00000148935,HPA058904,Approved,Nuc,Pseudotime
ENSG00000119969,HPA063242,Approved,Cell,No                 
ENSG00000169744,HPA068634,Supported,Nuc,No                 
ENSG00000120594,HPA017268,Supported,Nuc,No                 
ENSG00000115977,HPA020289,Supported,Cyto,No                 
ENSG00000151414,HPA018193,Supported,Nuc,Pseudotime
ENSG00000144354,HPA005565,Supported,Nuc,No                 
ENSG00000105640,HPA055259,Approved,Nuc,No                 
ENSG00000165025,HPA001384,Approved,Cyto,No                 
ENSG00000095739,HPA010819,Approved,Nuc,No                 
ENSG00000164163,HPA036846,Enhanced,Cyto,No                 
ENSG00000021776,HPA040624,Enhanced,Nuc,No                 
ENSG00000006747,HPA020518,Enhanced,Cyto,No                 
ENSG00000196588,HPA030782,Supported,Cell,No                 
ENSG00000172663,HPA043744,Supported,Cyto,No                 
ENSG00000196419,HPA047549,Enhanced,Nuc,No                 
ENSG00000104299,HPA051615,Enhanced,Cell,Pseudotime
ENSG00000156239,HPA059242,Approved,Nuc,Pseudotime
ENSG00000166483,HPA068845,Approved,Nuc,No                 
ENSG00000102316,HPA031572,Enhanced,Cell,No                 
ENSG00000100749,HPA017929,Supported,Nuc,No                 
ENSG00000186198,HPA008398,Approved,Cell,No                 
ENSG00000183354,HPA002109,Approved,Cell,No                 
ENSG00000164649,HPA027169,Supported,Nuc,No                 
ENSG00000113119,HPA037474,Approved,Cell,No                 
ENSG00000198826,HPA040830,Approved,Cell,No                 
ENSG00000138796,HPA043888,Supported,Cell,No                 
ENSG00000005339,HPA055861,Enhanced,Nuc,No                 
ENSG00000179008,HPA059518,Approved,Nuc,Pseudotime
ENSG00000132466,HPA063731,Supported,Nuc,No                 
ENSG00000165501,HPA069364,Approved,Cell,No                 
ENSG00000173599,HPA043922,Enhanced,Cell,Pseudotime
ENSG00000122884,HPA026593,Supported,Cell,Pseudotime
ENSG00000156026,HPA016480,Supported,Cell,No                 
ENSG00000196652,HPA003201,Approved,Cell,No                 
ENSG00000124496,HPA027771,Enhanced,Nuc,No                 
ENSG00000178999,HPA037708,Supported,Nuc,Pseudotime
ENSG00000125534,HPA040929,Approved,Nuc,Pseudotime
ENSG00000141258,HPA021641,Approved,Cell,No                 
ENSG00000068489,HPA052376,Approved,Cell,Pseudotime
ENSG00000010219,HPA056073,Enhanced,Cell,No                 
ENSG00000104979,HPA059928,Approved,Nuc,Pseudotime
ENSG00000161011,HPA064165,Enhanced,Cyto,No                 
ENSG00000102908,HPA069711,Supported,Nuc,Pseudotime
ENSG00000160710,HPA051519,Enhanced,Nuc,No                 
ENSG00000079462,HPA035639,Approved,Cell,No                 
ENSG00000171174,HPA019725,Approved,Cyto,No                 
ENSG00000166526,HPA003719,Approved,Nuc,No                 
ENSG00000118985,HPA013569,Supported,Nuc,No                 
ENSG00000134690,HPA028120,Enhanced,Nuc,Pseudotime
ENSG00000159216,HPA037912,Enhanced,Nuc,No                 
ENSG00000189091,HPA041134,Supported,Nuc,No                 
ENSG00000114857,HPA022120,Supported,Cell,No                 
ENSG00000010803,HPA048898,Supported,Nuc,No                 
ENSG00000248383,HPA052775,Approved,Nuc,No                 
ENSG00000134013,HPA056542,Enhanced,Nuc,No                 
ENSG00000070729,HPA060355,Approved,Cyto,No                 
ENSG00000188368,HPA070350,Approved,Nuc,Pseudotime&Mitotic
ENSG00000147421,HPA055855,Supported,Nuc,Pseudotime
ENSG00000181038,HPA022889,Approved,Cell,No                 
ENSG00000107295,HPA026685,Approved,Cell,Mitotic
ENSG00000168918,HPA070455,Approved,Cyto,No                 
ENSG00000132792,HPA004742,Enhanced,Nuc,No                 
ENSG00000171492,HPA014745,Approved,Nuc,No                 
ENSG00000143452,HPA028346,Approved,Nuc,Pseudotime
ENSG00000169180,HPA038246,Approved,Nuc,No                 
ENSG00000124074,HPA041478,Supported,Cell,Pseudotime
ENSG00000167183,HPA022918,Approved,Cyto,No                 
ENSG00000116039,HPA031847,Approved,Nuc,No                 
ENSG00000119729,HPA044938,Approved,Cell,No                 
ENSG00000198919,HPA049232,Approved,Cell,No                 
ENSG00000114346,HPA053261,,Cell,No                 
ENSG00000171848,HPA056994,Supported,Cyto,Pseudotime
ENSG00000081479,HPA064792,Approved,Cell,No                 
ENSG00000145244,HPA070941,Approved,Cell,Pseudotime
ENSG00000137807,HPA068831,Enhanced,Nuc,Pseudotime
ENSG00000099812,HPA049511,Enhanced,Cyto,No                 
ENSG00000107581,HPA038316,Supported,Cell,Pseudotime
ENSG00000126947,HPA005685,Approved,Cell,No                 
ENSG00000089022,HPA015515,Supported,Cell,Pseudotime
ENSG00000105204,HPA028522,Supported,Nuc,Mitotic
ENSG00000137478,HPA038546,Approved,Cell,Pseudotime
ENSG00000090013,HPA041698,Supported,Cell,No                 
ENSG00000099812,HPA049511,,Cell,No                 
ENSG00000101082,HPA053746,Approved,Cell,No                 
ENSG00000013573,HPA065197,Supported,Nuc,No                 
ENSG00000136824,HPA071309,Supported,Nuc,Pseudotime
ENSG00000074047,HPA074275,Supported,Nuc,No                 
ENSG00000100596,HPA027552,Approved,Cell,Pseudotime
ENSG00000159882,HPA006172,Approved,Cell,No                 
ENSG00000186111,HPA017168,Approved,Nuc,No                 
ENSG00000182247,HPA028872,Approved,Nuc,No                 
ENSG00000187479,HPA038843,Approved,Nuc,No                 
ENSG00000163348,HPA023689,Approved,Nuc,No                 
ENSG00000169228,HPA034945,Approved,Cell,No                 
ENSG00000181274,HPA049763,Approved,Cell,No                 
ENSG00000134258,HPA054200,Approved,Cell,No                 
ENSG00000132530,HPA057302,Supported,Cell,No                 
ENSG00000110031,HPA061441,Supported,Cyto,No                 
ENSG00000254470,HPA065739,Approved,Cell,No                 
ENSG00000186166,HPA071715,Approved,Nuc,No                 
ENSG00000154447,HPA074783,Supported,Cell,No                 
ENSG00000119950,HPA056762,Supported,Nuc,Pseudotime
ENSG00000065518,HPA051739,Supported,Cell,No                 
ENSG00000143627,HPA006653,Approved,Cyto,No                 
ENSG00000100749,HPA017929,,Nuc,No                 
ENSG00000130544,HPA029291,Approved,Cell,No                 
ENSG00000111300,HPA039322,Supported,Cell,No                 
ENSG00000187994,HPA042083,Approved,Nuc,No                 
ENSG00000155792,HPA024011,Supported,Cell,No                 
ENSG00000198356,HPA045951,Enhanced,Nuc,No                 
ENSG00000144908,HPA050139,Supported,Cyto,No                 
ENSG00000174899,HPA054395,Approved,Nuc,No                 
ENSG00000130921,HPA057595,Approved,Cell,No                 
ENSG00000163950,HPA061670,Supported,Nuc,Pseudotime
ENSG00000171988,HPA066195,Supported,Nuc,No                 
ENSG00000179111,HPA072105,Approved,Nuc,No                 
ENSG00000212907,HPA075648,Approved,Cell,No                 
ENSG00000100297,HPA052880,Enhanced,Nuc,Pseudotime
ENSG00000007202,HPA042781,Approved,Nuc,No                 
ENSG00000120071,HPA007208,Supported,Nuc,No                 
ENSG00000170345,HPA018531,Supported,Nuc,Pseudotime
ENSG00000067225,HPA029501,Enhanced,Cyto,No                 
ENSG00000107937,HPA039618,Supported,Cell,No                 
ENSG00000167674,HPA042559,Supported,Cell,No                 
ENSG00000186185,HPA024205,Supported,Nuc,Pseudotime
ENSG00000112981,HPA035648,Approved,Nuc,Pseudotime
ENSG00000176406,HPA046538,Approved,Cyto,No                 
ENSG00000186871,HPA050492,Supported,Cell,No                 
ENSG00000160908,HPA054639,Approved,Nuc,Pseudotime
ENSG00000161835,HPA062028,Approved,Cell,No                 
ENSG00000254656,HPA066979,Approved,Cyto,No                 
ENSG00000164089,HPA072938,Approved,Nuc,Pseudotime
ENSG00000101452,HPA062700,Approved,Cyto,No                 
ENSG00000177494,HPA029786,Approved,Cell,No                 
ENSG00000127328,HPA039794,Approved,Cell,No                 
ENSG00000058085,HPA024638,Approved,Cyto,No                 
ENSG00000108590,HPA035947,Approved,Nuc,No                 
ENSG00000146463,HPA054802,Approved,Nuc,No                 
ENSG00000126756,HPA058400,Supported,Nuc,Pseudotime
ENSG00000046774,HPA062230,Supported,Cell,Pseudotime
ENSG00000132405,HPA067398,Supported,Nuc,Pseudotime
ENSG00000103202,HPA072588,Supported,Cell,Pseudotime
ENSG00000069399,HPA047514,Supported,Cell,Mitotic
ENSG00000213190,HPA000540,Supported,Cell,No                 
ENSG00000184661,HPA026293,Enhanced,Nuc,Pseudotime
ENSG00000169919,HPA036322,Supported,Cell,No                 
ENSG00000111011,HPA040070,Approved,Nuc,No                 
ENSG00000103479,HPA019703,Supported,Nuc,Pseudotime&Mitotic
ENSG00000172594,HPA030148,Approved,Cell,No                 
ENSG00000137804,HPA042904,Supported,Nuc,Pseudotime
ENSG00000176842,HPA047130,Approved,Cell,No                 
ENSG00000129007,HPA051109,Approved,Cell,Pseudotime
ENSG00000155393,HPA058579,Approved,Nuc,Pseudotime
ENSG00000183248,HPA062741,Approved,Cell,Pseudotime
ENSG00000168505,HPA067809,Approved,Nuc,Pseudotime
ENSG00000100097,HPA001130,Approved,Cyto,No                 
ENSG00000131747,HPA006458,Supported,Nuc,Pseudotime
ENSG00000122882,HPA006465,Supported,Nuc,No                 
ENSG00000129351,HPA001897,Supported,Cell,No                 
ENSG00000129460,HPA000944,Approved,Cell,Pseudotime
ENSG00000117054,HPA026542,Enhanced,Cell,No                 
ENSG00000077458,HPA036608,Approved,Nuc,No                 
ENSG00000119541,HPA040393,Approved,Cell,No                 
ENSG00000185477,HPA043148,Approved,Nuc,No                 
ENSG00000154309,HPA051411,Approved,Nuc,No                 
ENSG00000185745,HPA055380,Supported,Cyto,No                 
ENSG00000149806,HPA059015,Supported,Cyto,No                 
ENSG00000164853,HPA063294,Approved,Nuc,No                 
ENSG00000146701,HPA019714,Enhanced,Cell,No                 
ENSG00000147874,HPA020965,,Cell,No                 
ENSG00000163002,HPA018441,Supported,Nuc,No                 
ENSG00000122952,HPA005757,Enhanced,Cell,No                 
ENSG00000162772,HPA001562,Supported,Nuc,Pseudotime
ENSG00000090316,HPA036886,Enhanced,Nuc,Pseudotime
ENSG00000105819,HPA040674,Enhanced,Cell,No                 
ENSG00000106636,HPA030818,Approved,Cell,No                 
ENSG00000113240,HPA043746,Approved,Cell,No                 
ENSG00000102543,HPA047615,Approved,Nuc,No                 
ENSG00000146950,HPA051646,Approved,Cell,No                 
ENSG00000100065,HPA055612,Approved,Cell,No                 
ENSG00000129038,HPA063583,Approved,Cell,No                 
ENSG00000100146,HPA068898,Supported,Nuc,Pseudotime
ENSG00000163607,HPA034831,Enhanced,Cell,No                 
ENSG00000141552,HPA027838,Enhanced,Nuc,No                 
ENSG00000041880,HPA020984,Supported,Nuc,Pseudotime
ENSG00000069011,HPA008743,Approved,Nuc,Pseudotime
ENSG00000060718,HPA058335,Approved,Cell,No                 
ENSG00000163565,HPA002134,Supported,Cell,No                 
ENSG00000050165,HPA011868,Supported,Cell,No                 
ENSG00000117148,HPA027176,Approved,Cyto,No                 
ENSG00000133731,HPA037489,Approved,Cell,No                 
ENSG00000164190,HPA040834,Supported,Nuc,No                 
ENSG00000096060,HPA031093,Enhanced,Nuc,No                 
ENSG00000161800,HPA043912,Enhanced,Nuc,Pseudotime
ENSG00000105486,HPA048071,Supported,Cell,Pseudotime
ENSG00000095777,HPA051893,Supported,Cell,No                 
ENSG00000178498,HPA059654,Approved,Cell,No                 
ENSG00000144554,HPA063742,Supported,Cell,No                 
ENSG00000125484,HPA069369,Supported,Nuc,No                 
ENSG00000072571,HPA043926,Enhanced,Cell,Pseudotime
ENSG00000137513,HPA026793,Approved,Cell,No                 
ENSG00000134684,HPA018950,Enhanced,Nuc,No                 
ENSG00000276045,HPA016583,Enhanced,Cyto,Pseudotime
ENSG00000095261,HPA003216,Approved,Cell,No                 
ENSG00000110092,HPA027802,Supported,Nuc,Pseudotime
ENSG00000177646,HPA037716,Enhanced,Cell,No                 
ENSG00000130244,HPA040930,Approved,Cell,No                 
ENSG00000136813,HPA021646,Supported,Nuc,Pseudotime
ENSG00000100271,HPA048392,Approved,Cell,No                 
ENSG00000117724,HPA052382,Supported,Nuc,Pseudotime
ENSG00000198142,HPA056131,Approved,Cyto,No                 
ENSG00000156510,HPA064198,Enhanced,Cell,No                 
ENSG00000129422,HPA069795,Enhanced,Nuc,No                 
ENSG00000183963,HPA051778,Supported,Cell,No                 
ENSG00000261236,HPA047869,Enhanced,Nuc,Mitotic
ENSG00000124207,HPA038059,Enhanced,Nuc,No                 
ENSG00000151611,HPA037361,Approved,Cell,No                 
ENSG00000240972,HPA003868,Approved,Cyto,No                 
ENSG00000153066,HPA041174,Supported,Cell,No                 
ENSG00000142634,HPA048961,Approved,Cyto,No                 
ENSG00000131652,HPA052953,Supported,Nuc,No                 
ENSG00000187866,HPA056646,Approved,Nuc,No                 
ENSG00000214517,HPA064396,Supported,Nuc,No                 
ENSG00000131016,HPA056230,Enhanced,Cell,No                 
ENSG00000167548,HPA035977,Approved,Nuc,Pseudotime
ENSG00000172716,HPA023030,Enhanced,Nuc,No                 
ENSG00000137817,HPA026991,Approved,Cell,Pseudotime
ENSG00000112319,HPA004805,Approved,Nuc,No                 
ENSG00000105755,HPA028360,Enhanced,Cell,No                 
ENSG00000145692,HPA038285,Supported,Cyto,No                 
ENSG00000167916,HPA022978,Approved,Cell,No                 
ENSG00000123213,HPA031862,Approved,Cell,Pseudotime
ENSG00000107816,HPA044956,Approved,Cell,No                 
ENSG00000125966,HPA049280,Approved,Nuc,Pseudotime
ENSG00000122035,HPA053296,Approved,Nuc,Pseudotime
ENSG00000122787,HPA057002,Approved,Cell,No                 
ENSG00000165434,HPA060948,Approved,Cell,No                 
ENSG00000168306,HPA064845,Approved,Cell,No                 
ENSG00000157764,HPA071048,Approved,Cyto,No                 
ENSG00000084676,HPA070520,Enhanced,Cell,No                 
ENSG00000092853,HPA026312,Enhanced,Nuc,Pseudotime
ENSG00000184867,HPA005761,Approved,Cell,Pseudotime
ENSG00000181722,HPA015551,Enhanced,Nuc,No                 
ENSG00000163638,HPA028601,Approved,Cell,No                 
ENSG00000166343,HPA038564,Uncertain,Cell,No                 
ENSG00000177875,HPA041715,Approved,Cyto,No                 
ENSG00000164904,HPA023296,Supported,Cell,Pseudotime
ENSG00000110911,HPA032140,Supported,Cell,No                 
ENSG00000117266,HPA045429,Approved,Cell,No                 
ENSG00000114646,HPA049529,Approved,Nuc,No                 
ENSG00000130340,HPA057203,Enhanced,Cyto,No                 
ENSG00000063245,HPA061136,Supported,Cyto,No                 
ENSG00000131931,HPA071310,Supported,Nuc,No                 
ENSG00000065000,HPA074408,Approved,Cyto,No                 
ENSG00000064012,HPA006191,Supported,Cyto,No                 
ENSG00000108599,HPA028901,Supported,Cell,Pseudotime
ENSG00000121390,HPA038904,Supported,Nuc,No                 
ENSG00000182810,HPA041911,Supported,Cell,No                 
ENSG00000146670,HPA023691,Supported,Nuc,Pseudotime
ENSG00000081154,HPA035011,Enhanced,Nuc,No                 
ENSG00000164778,HPA045646,Supported,Nuc,No                 
ENSG00000138801,HPA049781,Approved,Nuc,Pseudotime&Mitotic
ENSG00000100554,HPA057316,Approved,Nuc,Pseudotime
ENSG00000174607,HPA065785,Approved,Cell,No                 
ENSG00000130675,HPA071717,Approved,Nuc,No                 
ENSG00000127990,HPA074790,Approved,Cell,Pseudotime
ENSG00000097007,HPA028409,Enhanced,Nuc,Pseudotime
ENSG00000106261,HPA006672,Approved,Nuc,Pseudotime
ENSG00000159263,HPA029295,Supported,Nuc,No                 
ENSG00000168497,HPA039325,Enhanced,Cyto,Pseudotime
ENSG00000134815,HPA042159,Uncertain,Cell,No                 
ENSG00000092621,HPA024031,Enhanced,Cell,No                 
ENSG00000184384,HPA035223,Supported,Nuc,No                 
ENSG00000054654,HPA050204,Supported,Cell,No                 
ENSG00000128951,HPA054422,Supported,Nuc,No                 
ENSG00000198961,HPA057636,Enhanced,Cell,No                 
ENSG00000138271,HPA066313,Approved,Cell,No                 
ENSG00000168411,HPA075649,Enhanced,Nuc,No                 
ENSG00000163608,HPA069654,Supported,Nuc,Pseudotime
ENSG00000100401,HPA062034,Enhanced,Cell,No                 
ENSG00000140105,HPA018944,Enhanced,Cyto,No                 
ENSG00000198959,HPA029518,Approved,Cell,Pseudotime
ENSG00000172731,HPA039630,Approved,Nuc,No                 
ENSG00000166582,HPA042616,Approved,Cell,Pseudotime
ENSG00000105220,HPA024305,Supported,Cell,No                 
ENSG00000117000,HPA054653,Approved,Nuc,Pseudotime
ENSG00000145391,HPA058111,Enhanced,Nuc,Pseudotime&Mitotic
ENSG00000158402,HPA066991,Supported,Nuc,No                 
ENSG00000185869,HPA073073,Approved,Nuc,No                 
ENSG00000170004,HPA076524,Approved,Nuc,No                 
ENSG00000083123,HPA031956,Supported,Nuc,Pseudotime
ENSG00000120697,HPA007989,Approved,Cell,No                 
ENSG00000117419,HPA029895,Approved,Nuc,Pseudotime
ENSG00000161642,HPA039799,Supported,Cell,No                 
ENSG00000213965,HPA042761,Uncertain,Nuc,No                 
ENSG00000117133,HPA024642,Supported,Nuc,No                 
ENSG00000101746,HPA046740,Supported,Nuc,No                 
ENSG00000155621,HPA050767,Approved,Cell,No                 
ENSG00000175197,HPA058416,Supported,Nuc,No                 
ENSG00000119559,HPA067491,Approved,Cell,No                 
ENSG00000139180,HPA073212,Supported,Cell,No                 
ENSG00000118492,HPA036341,Uncertain,Cell,No                 
ENSG00000178922,HPA040092,Approved,Cell,No                 
ENSG00000239857,HPA019765,Supported,Nuc,Pseudotime
ENSG00000133119,HPA030149,Supported,Cell,No                 
ENSG00000006634,HPA042923,Supported,Nuc,Pseudotime
ENSG00000137434,HPA051142,Approved,Cell,No                 
ENSG00000215183,HPA055174,Supported,Cell,No                 
ENSG00000203727,HPA067811,Supported,Cell,No                 
ENSG00000148773,HPA001164,Enhanced,Nuc,Pseudotime&Mitotic
ENSG00000132382,HPA005466,Supported,Nuc,No                 
ENSG00000133466,HPA002042,Approved,Nuc,No                 
ENSG00000100823,HPA000956,Supported,Nuc,Pseudotime
ENSG00000138160,HPA010093,Supported,Cyto,Pseudotime
ENSG00000111846,HPA026776,Supported,Cell,No                 
ENSG00000109814,HPA036656,Supported,Nuc,Pseudotime
ENSG00000116128,HPA020274,Approved,Nuc,No                 
ENSG00000066651,HPA030473,Approved,Nuc,Pseudotime
ENSG00000109736,HPA043209,Approved,Nuc,No                 
ENSG00000232112,HPA047397,Approved,Nuc,Pseudotime
ENSG00000107864,HPA059056,Approved,Nuc,No                 
ENSG00000083817,HPA063318,Approved,Cell,No                 
ENSG00000171462,HPA068672,Approved,Nuc,No                 
ENSG00000171953,HPA023329,Enhanced,Cyto,No                 
ENSG00000067369,HPA022133,Enhanced,Nuc,No                 
ENSG00000185624,HPA018884,Supported,Cell,No                 
ENSG00000117758,HPA055300,Supported,Cell,No                 
ENSG00000125351,HPA001592,Enhanced,Nuc,No                 
ENSG00000081087,HPA010851,Approved,Cyto,No                 
ENSG00000080345,HPA036887,Uncertain,Cell,No                 
ENSG00000122515,HPA040716,Supported,Cell,No                 
ENSG00000145386,HPA020626,Enhanced,Cell,Pseudotime
ENSG00000089123,HPA030824,Approved,Cell,No                 
ENSG00000221932,HPA043768,Approved,Cell,Pseudotime
ENSG00000204950,HPA047619,Approved,Nuc,No                 
ENSG00000118495,HPA055706,Supported,Cell,No                 
ENSG00000175309,HPA063608,Approved,Cell,Pseudotime
ENSG00000111530,HPA069053,Enhanced,Cell,No                 
ENSG00000134077,HPA036171,Enhanced,Cell,No                 
ENSG00000164951,HPA021152,Supported,Nuc,Pseudotime
ENSG00000164543,HPA018138,Approved,Nuc,Pseudotime
ENSG00000099194,HPA012107,Enhanced,Cell,No                 
ENSG00000156011,HPA002455,Approved,Cell,Pseudotime
ENSG00000118518,HPA027209,Supported,Cell,No                 
ENSG00000102921,HPA040849,Approved,Nuc,No                 
ENSG00000142556,HPA021197,Approved,Cyto,No                 
ENSG00000100612,HPA031121,Approved,Cell,No                 
ENSG00000162512,HPA048085,Approved,Cell,Pseudotime
ENSG00000152242,HPA051899,Approved,Cell,No                 
ENSG00000171405,HPA055941,Approved,Nuc,No                 
ENSG00000143512,HPA059673,Uncertain,Cell,No                 
ENSG00000077420,HPA063903,Enhanced,Cyto,No                 
ENSG00000164535,HPA069377,Supported,Cell,No                 
ENSG00000135972,HPA048479,Enhanced,Cell,No                 
ENSG00000185808,HPA026921,Approved,Cell,Pseudotime
ENSG00000117399,HPA045842,Enhanced,Nuc,Pseudotime
ENSG00000106268,HPA012636,Supported,Cyto,No                 
ENSG00000072682,HPA027824,Enhanced,Cell,No                 
ENSG00000179988,HPA037781,Approved,Cell,No                 
ENSG00000025156,HPA031455,Supported,Nuc,No                 
ENSG00000148291,HPA044340,Enhanced,Nuc,No                 
ENSG00000172175,HPA048432,Approved,Nuc,No                 
ENSG00000196388,HPA052401,Approved,Nuc,No                 
ENSG00000181090,HPA060022,Supported,Nuc,No                 
ENSG00000172493,HPA069947,Approved,Cell,No                 
ENSG00000145425,HPA053454,Enhanced,Cell,No                 
ENSG00000141401,HPA029561,Approved,Nuc,Pseudotime
ENSG00000119705,HPA020291,Supported,Cell,No                 
ENSG00000041988,HPA067114,Approved,Cell,No                 
ENSG00000146426,HPA013903,Supported,Nuc,No                 
ENSG00000162066,HPA041184,Approved,Cell,No                 
ENSG00000067369,HPA022133,,Nuc,No                 
ENSG00000169733,HPA031673,Supported,Nuc,No                 
ENSG00000108344,HPA048972,Supported,Nuc,No                 
ENSG00000086544,HPA053003,Supported,Nuc,No                 
ENSG00000119950,HPA056762,,Nuc,Pseudotime
ENSG00000038382,HPA064664,Approved,Cyto,No                 
ENSG00000160075,HPA070604,Approved,Cyto,No                 
ENSG00000130725,HPA057800,Approved,Nuc,Pseudotime
ENSG00000071462,HPA052185,Supported,Nuc,Pseudotime
ENSG00000107816,HPA044956,,Cyto,No                 
ENSG00000175806,HPA023804,Approved,Nuc,No                 
ENSG00000112276,HPA014788,Supported,Cell,Pseudotime
ENSG00000171759,HPA028407,Approved,Cell,No                 
ENSG00000004866,HPA038325,Supported,Nuc,No                 
ENSG00000102981,HPA041551,Supported,Cell,No                 
ENSG00000172716,HPA023030,,Nuc,No                 
ENSG00000189241,HPA031970,Supported,Nuc,No                 
ENSG00000165264,HPA053334,Enhanced,Cell,No                 
ENSG00000239779,HPA057067,Approved,Cyto,No                 
ENSG00000135414,HPA060985,Approved,Cell,No                 
ENSG00000104332,HPA064870,Approved,Cell,Pseudotime
ENSG00000084453,HPA071152,Supported,Cell,No                 
ENSG00000176731,HPA071903,Approved,Nuc,No                 
ENSG00000184640,HPA050627,Enhanced,Cell,No                 
ENSG00000117394,HPA031345,Enhanced,Cell,No                 
ENSG00000076944,HPA015564,Enhanced,Cyto,No                 
ENSG00000131979,HPA028612,Supported,Nuc,No                 
ENSG00000075089,HPA038587,Approved,Cell,No                 
ENSG00000221944,HPA041717,Approved,Nuc,Mitotic
ENSG00000104522,HPA023361,Approved,Nuc,Pseudotime
ENSG00000198901,HPA034521,Supported,Cell,Mitotic
ENSG00000140832,HPA045471,Approved,Cell,No                 
ENSG00000162927,HPA049582,Approved,Cell,No                 
ENSG00000100867,HPA053915,Supported,Cell,No                 
ENSG00000136243,HPA057251,Supported,Cell,No                 
ENSG00000177971,HPA061177,Enhanced,Nuc,No                 
ENSG00000042088,HPA071317,Supported,Cell,No                 
ENSG00000227268,HPA074502,Supported,Nuc,No                 
ENSG00000110092,HPA027802,,Nuc,Pseudotime
ENSG00000169740,HPA039148,Approved,Nuc,Pseudotime
ENSG00000142945,HPA006219,Supported,Cell,Pseudotime
ENSG00000115808,HPA017286,Approved,Cyto,No                 
ENSG00000149489,HPA028910,Approved,Cell,No                 
ENSG00000158458,HPA038935,Supported,Nuc,No                 
ENSG00000169612,HPA041923,Supported,Nuc,No                 
ENSG00000118007,HPA035015,Enhanced,Nuc,No                 
ENSG00000111786,HPA049849,Supported,Nuc,No                 
ENSG00000175054,HPA054320,Supported,Cell,No                 
ENSG00000172465,HPA057345,Enhanced,Nuc,No                 
ENSG00000005381,HPA061464,Supported,Cell,No                 
ENSG00000128710,HPA065871,Approved,Cell,No                 
ENSG00000129103,HPA074892,Uncertain,Cell,Pseudotime
ENSG00000136243,HPA057251,,Cyto,No                 
ENSG00000163235,HPA042297,Approved,Cell,No                 
ENSG00000189184,HPA017976,Approved,Cell,No                 
ENSG00000130818,HPA029342,Approved,Nuc,Pseudotime
ENSG00000149761,HPA039334,Enhanced,Nuc,No                 
ENSG00000129691,HPA042289,Supported,Cell,Pseudotime
ENSG00000071282,HPA024059,Supported,Cell,No                 
ENSG00000099364,HPA035317,Approved,Cell,No                 
ENSG00000143889,HPA046084,Approved,Cell,No                 
ENSG00000138182,HPA050214,Supported,Nuc,Pseudotime
ENSG00000165716,HPA054443,Approved,Nuc,No                 
ENSG00000138152,HPA057638,Uncertain,Nuc,Pseudotime
ENSG00000144485,HPA061763,Approved,Nuc,No                 
ENSG00000123096,HPA066432,Approved,Nuc,No                 
ENSG00000085231,HPA070217,Supported,Nuc,No                 
ENSG00000101577,HPA030550,Supported,Cell,Pseudotime
ENSG00000114739,HPA007398,Approved,Cell,No                 
ENSG00000010539,HPA018981,Approved,Cell,No                 
ENSG00000204764,HPA029568,Approved,Nuc,Pseudotime
ENSG00000139684,HPA039700,Approved,Cell,No                 
ENSG00000204311,HPA042621,Supported,Cell,No                 
ENSG00000121413,HPA024318,Approved,Nuc,No                 
ENSG00000251664,HPA035812,Approved,Cyto,No                 
ENSG00000159069,HPA046615,Approved,Cell,No                 
ENSG00000198768,HPA067015,Uncertain,Cell,No                 
ENSG00000151702,HPA073099,Supported,Nuc,Pseudotime
ENSG00000100968,HPA076526,Supported,Cell,No                 
ENSG00000174444,HPA034600,Supported,Nuc,Pseudotime
ENSG00000115234,HPA043867,Supported,Cell,No                 
ENSG00000122786,HPA008066,Enhanced,Cell,Pseudotime
ENSG00000095380,HPA019223,Approved,Cell,No                 
ENSG00000124541,HPA029905,Supported,Nuc,Pseudotime
ENSG00000177951,HPA039819,Supported,Cell,No                 
ENSG00000189144,HPA042776,Approved,Cell,No                 
ENSG00000165046,HPA025032,Approved,Nuc,Pseudotime
ENSG00000155034,HPA036049,Approved,Cell,No                 
ENSG00000152078,HPA046762,Approved,Cell,No                 
ENSG00000136930,HPA054902,Supported,Cell,No                 
ENSG00000101470,HPA058481,Approved,Cell,No                 
ENSG00000071564,HPA062476,Enhanced,Cell,No                 
ENSG00000080815,HPA067496,Approved,Cell,Pseudotime
ENSG00000178127,HPA077896,Supported,Cell,No                 
ENSG00000167792,HPA075051,Supported,Cyto,No                 
ENSG00000167984,HPA048062,Supported,Cyto,Pseudotime
ENSG00000136367,HPA000720,Approved,Cell,Pseudotime
ENSG00000153147,HPA008751,Supported,Nuc,No                 
ENSG00000085662,HPA026425,Supported,Cell,No                 
ENSG00000168116,HPA036370,Approved,Nuc,No                 
ENSG00000175395,HPA030190,Approved,Cell,No                 
ENSG00000106333,HPA042927,Approved,Cell,No                 
ENSG00000187514,HPA047183,Supported,Nuc,No                 
ENSG00000178307,HPA062854,Supported,Cell,No                 
ENSG00000142632,HPA068108,Approved,Nuc,No                 
ENSG00000104823,HPA005835,Enhanced,Cyto,No                 
ENSG00000196365,HPA002192,Enhanced,Cell,No                 
ENSG00000154274,HPA052894,Supported,Cell,No                 
ENSG00000100348,HPA000994,Enhanced,Cell,No                 
ENSG00000127863,HPA010135,Approved,Cell,No                 
ENSG00000139618,HPA026815,Approved,Nuc,Pseudotime
ENSG00000183166,HPA036708,Uncertain,Cell,No                 
ENSG00000119705,HPA020291,,Cell,No                 
ENSG00000111875,HPA030502,Enhanced,Nuc,No                 
ENSG00000157227,HPA051432,Approved,Cell,No                 
ENSG00000101057,HPA055416,Supported,Nuc,Pseudotime
ENSG00000029153,HPA059074,Supported,Nuc,No                 
ENSG00000132341,HPA063353,Uncertain,Nuc,No                 
ENSG00000145934,HPA068691,Approved,Nuc,No                 
ENSG00000171320,HPA027243,Supported,Nuc,Pseudotime
ENSG00000097021,HPA025735,Supported,Cell,No                 
ENSG00000119004,HPA055872,Uncertain,Cell,No                 
ENSG00000100345,HPA001644,Supported,Cell,No                 
ENSG00000188167,HPA027019,Approved,Nuc,Pseudotime
ENSG00000072756,HPA036938,Supported,Cell,Pseudotime
ENSG00000166477,HPA040741,Enhanced,Cell,No                 
ENSG00000148334,HPA020631,Approved,Cell,No                 
ENSG00000137802,HPA030833,Supported,Nuc,No                 
ENSG00000130309,HPA047821,Approved,Cell,No                 
ENSG00000143669,HPA055725,Supported,Nuc,Pseudotime
ENSG00000160446,HPA059339,Approved,Nuc,No                 
ENSG00000112972,HPA036914,Supported,Cell,No                 
ENSG00000120738,HPA029937,Enhanced,Nuc,No                 
ENSG00000159231,HPA018434,Approved,Nuc,Pseudotime
ENSG00000130035,HPA012638,Approved,Cell,Pseudotime
ENSG00000135899,HPA058554,Supported,Nuc,No                 
ENSG00000172260,HPA011894,Approved,Cell,No                 
ENSG00000116991,HPA027224,Approved,Cell,No                 
ENSG00000047056,HPA037565,Approved,Cell,No                 
ENSG00000136819,HPA021242,Enhanced,Nuc,No                 
ENSG00000143384,HPA031125,Enhanced,Cell,Pseudotime
ENSG00000151718,HPA044005,Approved,Cell,No                 
ENSG00000185024,HPA051918,Approved,Nuc,Pseudotime
ENSG00000167644,HPA059696,Supported,Cell,No                 
ENSG00000095319,HPA063942,Uncertain,Nuc,No                 
ENSG00000067082,HPA069585,Approved,Cell,No                 
ENSG00000118971,HPA049138,Enhanced,Nuc,Pseudotime
ENSG00000171766,HPA026077,Supported,Nuc,Pseudotime
ENSG00000163565,HPA002134,,Nuc,No                 
ENSG00000111716,HPA019007,Supported,Cyto,No                 
ENSG00000117174,HPA018132,Approved,Cell,No                 
ENSG00000174749,HPA062443,Enhanced,Cell,No                 
ENSG00000120265,HPA003239,Supported,Cyto,No                 
ENSG00000166794,HPA012720,Supported,Nuc,No                 
ENSG00000141552,HPA027838,,Nuc,No                 
ENSG00000243660,HPA037820,Approved,Nuc,Pseudotime
ENSG00000170689,HPA031463,Approved,Cell,No                 
ENSG00000197355,HPA044356,Approved,Cell,No                 
ENSG00000125355,HPA048470,Uncertain,Nuc,No                 
ENSG00000178685,HPA052427,Supported,Cell,No                 
ENSG00000167646,HPA056220,Approved,Cell,No                 
ENSG00000204315,HPA060158,Approved,Nuc,Mitotic
ENSG00000105193,HPA064222,Supported,Cyto,No                 
ENSG00000183696,HPA054040,Enhanced,Nuc,No                 
ENSG00000111641,HPA040119,Supported,Nuc,No                 
ENSG00000172818,HPA003984,Approved,Nuc,Pseudotime
ENSG00000125149,HPA041214,Approved,Nuc,No                 
ENSG00000165698,HPA022243,Approved,Cell,No                 
ENSG00000074201,HPA031707,Supported,Cell,No                 
ENSG00000196482,HPA044678,Approved,Nuc,No                 
ENSG00000104886,HPA048989,Approved,Cell,No                 
ENSG00000172171,HPA053044,Enhanced,Cell,No                 
ENSG00000134884,HPA056792,Enhanced,Cell,No                 
ENSG00000006118,HPA060492,Approved,Cell,No                 
ENSG00000115935,HPA070706,Approved,Cyto,No                 
ENSG00000178878,HPA058882,Enhanced,Cell,No                 
ENSG00000102172,HPA029852,Approved,Cyto,No                 
ENSG00000088325,HPA005487,Supported,Nuc,Pseudotime
ENSG00000103653,HPA028425,Approved,Cyto,No                 
ENSG00000205363,HPA041563,Approved,Cell,No                 
ENSG00000266714,HPA023105,Approved,Cyto,No                 
ENSG00000143476,HPA032023,Supported,Nuc,Pseudotime
ENSG00000051596,HPA045071,,Nuc,No                 
ENSG00000120800,HPA049341,Supported,Nuc,No                 
ENSG00000184967,HPA053424,Supported,Nuc,No                 
ENSG00000087510,HPA057076,Supported,Nuc,Pseudotime
ENSG00000164171,HPA060991,Approved,Cell,Pseudotime
ENSG00000129173,HPA064882,Supported,Cell,No                 
ENSG00000133216,HPA071200,Supported,Cell,No                 
ENSG00000180543,HPA031347,Approved,Cell,No                 
ENSG00000124762,HPA005946,,Nuc,No                 
ENSG00000121690,HPA015800,Approved,Nuc,Pseudotime
ENSG00000152382,HPA028651,Supported,Nuc,No                 
ENSG00000119929,HPA038619,Supported,Nuc,No                 
ENSG00000007545,HPA041752,Approved,Nuc,No                 
ENSG00000175691,HPA023397,Approved,Nuc,No                 
ENSG00000153779,HPA034543,Approved,Nuc,No                 
ENSG00000119632,HPA049588,Approved,Nuc,No                 
ENSG00000152784,HPA057253,Approved,Nuc,No                 
ENSG00000163602,HPA061178,,Nuc,No                 
ENSG00000167555,HPA065435,Approved,Cyto,No                 
ENSG00000105576,HPA071498,Approved,Nuc,Pseudotime
ENSG00000136930,HPA054902,,Cell,No                 
ENSG00000040199,HPA048598,Approved,Cyto,Pseudotime
ENSG00000166321,HPA040636,Approved,Nuc,Pseudotime
ENSG00000148704,HPA028946,Approved,Nuc,Pseudotime
ENSG00000136159,HPA038968,Supported,Nuc,Pseudotime
ENSG00000167461,HPA041945,Supported,Nuc,No                 
ENSG00000118960,HPA035050,Approved,Cell,No                 
ENSG00000132768,HPA045796,Approved,Nuc,Pseudotime
ENSG00000101191,HPA049904,Approved,Cell,No                 
ENSG00000186603,HPA057346,Supported,Cell,No                 
ENSG00000019144,HPA061506,Approved,Nuc,Pseudotime
ENSG00000105642,HPA065938,Approved,Cyto,Pseudotime
ENSG00000153936,HPA075001,Approved,Cell,No                 
ENSG00000173486,HPA049405,Approved,Cell,No                 
ENSG00000164329,HPA054468,Approved,Cyto,No                 
ENSG00000104756,HPA042468,Supported,Cell,No                 
ENSG00000137337,HPA006915,Supported,Nuc,No                 
ENSG00000171488,HPA029347,Approved,Cell,No                 
ENSG00000177830,HPA039374,Uncertain,Cell,No                 
ENSG00000006071,HPA042318,Approved,Nuc,No                 
ENSG00000119125,HPA024099,Approved,Nuc,No                 
ENSG00000184216,HPA054476,Supported,Cell,No                 
ENSG00000144857,HPA061787,Enhanced,Nuc,No                 
ENSG00000166963,HPA066488,Approved,Cyto,No                 
ENSG00000185730,HPA072473,Approved,Nuc,No                 
ENSG00000122557,HPA076087,Approved,Nuc,No                 
ENSG00000118523,HPA031074,Approved,Cell,No                 
ENSG00000162069,HPA043251,Approved,Cell,No                 
ENSG00000143621,HPA007484,Supported,Nuc,No                 
ENSG00000112667,HPA029675,Approved,Cyto,No                 
ENSG00000170473,HPA039717,Supported,Cell,No                 
ENSG00000153237,HPA042626,Uncertain,Nuc,No                 
ENSG00000124201,HPA046629,Approved,Cell,No                 
ENSG00000011426,HPA050556,Enhanced,Nuc,Pseudotime
ENSG00000107554,HPA058216,Approved,Nuc,Pseudotime
ENSG00000105063,HPA043989,Enhanced,Cyto,No                 
ENSG00000137494,HPA039917,Approved,Nuc,No                 
ENSG00000100519,HPA042823,Approved,Cell,No                 
ENSG00000160282,HPA036114,Approved,Cyto,No                 
ENSG00000183617,HPA046767,Approved,Cell,No                 
ENSG00000135373,HPA050923,Supported,Cell,No                 
ENSG00000183291,HPA054937,Approved,Cell,No                 
ENSG00000143379,HPA058484,Supported,Nuc,Pseudotime
ENSG00000143554,HPA067508,Enhanced,Cell,Pseudotime
ENSG00000203697,HPA073939,Approved,Cell,No                 
ENSG00000133433,HPA000750,Supported,Cell,No                 
ENSG00000182325,HPA008867,Approved,Nuc,Pseudotime
ENSG00000053372,HPA026446,Approved,Nuc,Pseudotime
ENSG00000138095,HPA036408,Enhanced,Cell,No                 
ENSG00000111641,HPA040119,,Nuc,No                 
ENSG00000084207,HPA019869,Supported,Cell,No                 
ENSG00000158717,HPA042970,Approved,Cell,No                 
ENSG00000107201,HPA047193,Approved,Cyto,No                 
ENSG00000138944,HPA051178,Approved,Cell,No                 
ENSG00000177551,HPA055238,Approved,Nuc,Pseudotime
ENSG00000163069,HPA058656,Approved,Cyto,No                 
ENSG00000166411,HPA062971,Enhanced,Cell,No                 
ENSG00000249459,HPA068125,Approved,Cell,No                 
ENSG00000185567,HPA002940,Enhanced,Cell,No                 
ENSG00000115539,HPA018469,,Cyto,No                 
ENSG00000102699,HPA011739,Supported,Cell,Pseudotime
ENSG00000140455,HPA053275,Supported,Nuc,No                 
ENSG00000121552,HPA001031,Approved,Cell,No                 
ENSG00000266964,HPA026873,Approved,Nuc,No                 
ENSG00000163781,HPA036738,Supported,Nuc,No                 
ENSG00000137825,HPA040454,Approved,Cell,No                 
ENSG00000105953,HPA020347,Enhanced,Cell,No                 
ENSG00000132646,HPA030522,Enhanced,Nuc,No                 
ENSG00000008382,HPA043274,Approved,Nuc,No                 
ENSG00000125968,HPA051456,Enhanced,Nuc,Pseudotime
ENSG00000160714,HPA063368,Approved,Cell,No                 
ENSG00000100938,HPA068782,Approved,Nuc,No                 
ENSG00000180287,HPA028389,Approved,Cell,No                 
ENSG00000171346,HPA023910,Supported,Cell,No                 
ENSG00000122882,HPA006465,,Cell,No                 
ENSG00000179010,HPA056367,Supported,Nuc,No                 
ENSG00000148219,HPA027035,Approved,Cyto,No                 
ENSG00000172053,HPA036986,Enhanced,Cyto,No                 
ENSG00000125864,HPA040748,Supported,Cell,No                 
ENSG00000135248,HPA020636,Uncertain,Cyto,No                 
ENSG00000196391,HPA030840,Supported,Cell,No                 
ENSG00000169564,HPA043803,Enhanced,Cell,No                 
ENSG00000111615,HPA051690,,Nuc,Mitotic
ENSG00000139219,HPA055753,Approved,Nuc,No                 
ENSG00000179134,HPA059385,Enhanced,Cyto,No                 
ENSG00000128652,HPA063671,Supported,Nuc,No                 
ENSG00000125898,HPA069240,Supported,Cell,Pseudotime
ENSG00000124207,HPA038059,,Nuc,No                 
ENSG00000167280,HPA021551,Approved,Cyto,No                 
ENSG00000175175,HPA018462,Approved,Nuc,Pseudotime
ENSG00000128791,HPA014898,Supported,Cyto,No                 
ENSG00000119725,HPA002871,Approved,Nuc,Pseudotime
ENSG00000006459,HPA012114,Approved,Nuc,Pseudotime
ENSG00000150054,HPA037597,Supported,Nuc,No                 
ENSG00000151093,HPA021293,Approved,Cell,No                 
ENSG00000111834,HPA031196,Approved,Nuc,No                 
ENSG00000143951,HPA044144,Approved,Cell,Pseudotime
ENSG00000160124,HPA051965,Approved,Cell,No                 
ENSG00000164379,HPA059700,Supported,Nuc,Pseudotime
ENSG00000188283,HPA063945,Supported,Nuc,No                 
ENSG00000163608,HPA069654,,Nuc,Pseudotime
ENSG00000137812,HPA049647,Enhanced,Nuc,Pseudotime
ENSG00000102030,HPA030711,Supported,Cell,No                 
ENSG00000198900,HPA019039,Supported,Nuc,No                 
ENSG00000133878,HPA018221,Supported,Nuc,No                 
ENSG00000153162,HPA062683,Approved,Cell,No                 
ENSG00000109107,HPA003282,Approved,Nuc,Pseudotime
ENSG00000108474,HPA012739,Approved,Cell,No                 
ENSG00000165626,HPA037835,Approved,Nuc,Pseudotime
ENSG00000140718,HPA041086,Approved,Cell,No                 
ENSG00000197915,HPA031469,Approved,Cell,No                 
ENSG00000100362,HPA048536,Approved,Nuc,No                 
ENSG00000176476,HPA052590,Approved,Nuc,Pseudotime
ENSG00000205089,HPA056288,Approved,Cell,Pseudotime
ENSG00000135334,HPA064239,Supported,Nuc,No                 
ENSG00000162733,HPA070112,Supported,Cell,Pseudotime
ENSG00000065183,HPA054354,Enhanced,Nuc,No                 
ENSG00000177189,HPA003221,Approved,Nuc,No                 
ENSG00000088854,HPA067418,Approved,Cyto,No                 
ENSG00000079257,HPA014179,Approved,Cell,No                 
ENSG00000100364,HPA038091,Approved,Cell,No                 
ENSG00000181938,HPA041216,Enhanced,Nuc,No                 
ENSG00000131473,HPA022434,Supported,Cell,No                 
ENSG00000124535,HPA031753,Approved,Nuc,No                 
ENSG00000172292,HPA044683,Supported,Nuc,No                 
ENSG00000078747,HPA049032,Enhanced,Nuc,No                 
ENSG00000165084,HPA053065,Supported,Cell,No                 
ENSG00000147459,HPA056837,Enhanced,Cyto,No                 
ENSG00000111602,HPA060655,Supported,Nuc,No                 
ENSG00000056998,HPA064686,Approved,Cell,No                 
ENSG00000124788,HPA070756,Supported,Nuc,Pseudotime
ENSG00000172216,HPA061355,Enhanced,Nuc,Pseudotime
ENSG00000103196,HPA030054,Approved,Nuc,No                 
ENSG00000126787,HPA005546,Supported,Cell,Pseudotime
ENSG00000143105,HPA015061,Uncertain,Nuc,No                 
ENSG00000163431,HPA028435,Approved,Cyto,No                 
ENSG00000119523,HPA041601,Enhanced,Cell,No                 
ENSG00000104722,HPA023138,Enhanced,Cyto,Pseudotime
ENSG00000163874,HPA032053,Supported,Nuc,No                 
ENSG00000276043,HPA049408,Supported,Nuc,No                 
ENSG00000118407,HPA053564,Approved,Cell,No                 
ENSG00000145779,HPA057089,Enhanced,Nuc,No                 
ENSG00000137074,HPA064930,Supported,Nuc,No                 
ENSG00000108924,HPA071210,Enhanced,Nuc,Pseudotime
ENSG00000129194,HPA074049,Supported,Nuc,Pseudotime
ENSG00000135249,HPA031646,Approved,Cell,Pseudotime
ENSG00000128016,HPA006009,Approved,Cell,No                 
ENSG00000007923,HPA028705,Approved,Cyto,No                 
ENSG00000189057,HPA038637,Approved,Cell,No                 
ENSG00000010361,HPA041779,Approved,Cyto,No                 
ENSG00000181610,HPA023453,Supported,Cell,No                 
ENSG00000175063,HPA034569,Supported,Cell,Pseudotime
ENSG00000101457,HPA045496,Supported,Nuc,Mitotic
ENSG00000070476,HPA049593,Approved,Nuc,Pseudotime
ENSG00000084774,HPA057266,Supported,Nuc,No                 
ENSG00000140386,HPA061180,Supported,Cyto,No                 
ENSG00000197921,HPA065458,Approved,Nuc,No                 
ENSG00000197024,HPA071533,Approved,Cell,No                 
ENSG00000172985,HPA044822,Supported,Nuc,Pseudotime
ENSG00000166510,HPA040865,Approved,Cell,No                 
ENSG00000023892,HPA038976,Enhanced,Nuc,Pseudotime
ENSG00000103381,HPA041970,Supported,Cell,No                 
ENSG00000183665,HPA023939,Approved,Cell,No                 
ENSG00000006194,HPA035086,Supported,Cyto,Mitotic
ENSG00000189266,HPA045837,Supported,Cell,No                 
ENSG00000106366,HPA050039,Approved,Cyto,No                 
ENSG00000174788,HPA057428,Approved,Nuc,Pseudotime
ENSG00000139405,HPA061531,Supported,Nuc,No                 
ENSG00000144827,HPA066081,Approved,Cell,No                 
ENSG00000105085,HPA071835,Approved,Cell,Pseudotime
ENSG00000100156,HPA075017,Approved,Cell,No                 
ENSG00000138439,HPA028746,Approved,Nuc,Pseudotime
ENSG00000168476,HPA042683,Approved,Cyto,No                 
ENSG00000105173,HPA018169,Enhanced,Nuc,Pseudotime
ENSG00000006652,HPA024122,Approved,Cell,No                 
ENSG00000115421,HPA035349,Enhanced,Nuc,No                 
ENSG00000127952,HPA050261,Approved,Nuc,No                 
ENSG00000102309,HPA054483,Supported,Nuc,Pseudotime&Mitotic
ENSG00000112964,HPA057705,Supported,Cell,No                 
ENSG00000163807,HPA061799,Approved,Nuc,Pseudotime
ENSG00000141448,HPA066629,Supported,Nuc,Pseudotime
ENSG00000137449,HPA072513,Approved,Cell,Pseudotime
ENSG00000172239,HPA076187,Approved,Cell,No                 
ENSG00000099875,HPA070499,Supported,Nuc,No                 
ENSG00000142657,HPA031315,Approved,Cell,No                 
ENSG00000204356,HPA007594,Enhanced,Cell,No                 
ENSG00000047597,HPA019036,Approved,Cell,No                 
ENSG00000164062,HPA029703,Enhanced,Cyto,No                 
ENSG00000124143,HPA042636,Supported,Nuc,No                 
ENSG00000099284,HPA035865,Supported,Nuc,No                 
ENSG00000163655,HPA046630,Approved,Cyto,No                 
ENSG00000172167,HPA050594,Approved,Nuc,Pseudotime
ENSG00000131061,HPA067108,Approved,Nuc,Pseudotime
ENSG00000165684,HPA073243,Approved,Nuc,No                 
ENSG00000006468,HPA077249,Approved,Nuc,No                 
ENSG00000065243,HPA034861,Supported,Cell,Pseudotime
ENSG00000165731,HPA008356,Approved,Cell,No                 
ENSG00000149591,HPA019467,Approved,Cell,No                 
ENSG00000083635,HPA029959,Enhanced,Nuc,Pseudotime
ENSG00000115419,HPA036223,Supported,Cell,No                 
ENSG00000163249,HPA046825,Approved,Cell,Pseudotime
ENSG00000119703,HPA050928,Approved,Cell,No                 
ENSG00000152611,HPA058495,Approved,Nuc,No                 
ENSG00000125508,HPA073987,Approved,Cell,No                 
ENSG00000167767,HPA077918,Enhanced,Cell,No                 
ENSG00000108515,HPA000793,Supported,Cell,Pseudotime
ENSG00000157456,HPA008873,Enhanced,Cyto,Pseudotime
ENSG00000152413,HPA036522,Approved,Cyto,No                 
ENSG00000130733,HPA019902,Approved,Cell,No                 
ENSG00000114993,HPA030259,Approved,Cell,No                 
ENSG00000003249,HPA043018,Approved,Nuc,No                 
ENSG00000143552,HPA047195,Approved,Nuc,No                 
ENSG00000127252,HPA051179,Approved,Cyto,No                 
ENSG00000130311,HPA055272,Approved,Nuc,No                 
ENSG00000130522,HPA063029,Supported,Nuc,No                 
ENSG00000254827,HPA068288,Supported,Nuc,No                 
ENSG00000123485,HPA008436,Enhanced,Nuc,Pseudotime
ENSG00000177868,HPA008507,Approved,Nuc,Pseudotime
ENSG00000143507,HPA016758,Supported,Nuc,No                 
ENSG00000185721,HPA001218,Supported,Nuc,No                 
ENSG00000126460,HPA010702,Approved,Nuc,No                 
ENSG00000144959,HPA026888,Approved,Cell,No                 
ENSG00000163938,HPA036743,Enhanced,Nuc,Mitotic
ENSG00000101639,HPA040503,Approved,Cyto,No                 
ENSG00000189269,HPA020446,Approved,Nuc,No                 
ENSG00000186451,HPA043323,Approved,Nuc,No                 
ENSG00000041357,HPA055466,Supported,Cell,No                 
ENSG00000258429,HPA063409,Approved,Nuc,No                 
ENSG00000078043,HPA068792,Supported,Nuc,Pseudotime
ENSG00000120738,HPA029937,,Nuc,No                 
ENSG00000085662,HPA026425,,Cell,No                 
ENSG00000167685,HPA056895,Supported,Nuc,Pseudotime
ENSG00000100842,HPA001790,Uncertain,Nuc,No                 
ENSG00000167889,HPA011082,Approved,Nuc,Pseudotime
ENSG00000122085,HPA027097,Supported,Cell,Pseudotime
ENSG00000166197,HPA037366,Enhanced,Nuc,No                 
ENSG00000171150,HPA020884,Approved,Cell,No                 
ENSG00000162367,HPA047866,Enhanced,Nuc,Pseudotime
ENSG00000103769,HPA051697,Enhanced,Cell,No                 
ENSG00000144029,HPA055765,Supported,Cell,No                 
ENSG00000177606,HPA059474,Enhanced,Nuc,Pseudotime
ENSG00000140577,HPA063691,Enhanced,Nuc,No                 
ENSG00000121897,HPA018842,Approved,Cell,Pseudotime
ENSG00000179965,HPA059398,Enhanced,Nuc,No                 
ENSG00000099954,HPA002943,Approved,Nuc,No                 
ENSG00000172590,HPA012319,Supported,Cell,Pseudotime
ENSG00000169247,HPA037683,Approved,Cell,No                 
ENSG00000162999,HPA021501,Approved,Nuc,Pseudotime
ENSG00000018699,HPA031246,Approved,Cell,No                 
ENSG00000168101,HPA044186,Approved,Cell,No                 
ENSG00000106330,HPA048240,Approved,Cell,No                 
ENSG00000112659,HPA052004,Approved,Cyto,No                 
ENSG00000131095,HPA056030,Supported,Cell,No                 
ENSG00000124767,HPA059791,Supported,Cell,No                 
ENSG00000082014,HPA063955,Enhanced,Nuc,No                 
ENSG00000188620,HPA069659,Approved,Nuc,Pseudotime
ENSG00000129195,HPA049934,Enhanced,Nuc,Pseudotime
ENSG00000147162,HPA030753,Supported,Nuc,Pseudotime
ENSG00000075142,HPA019004,Supported,Cell,No                 
ENSG00000082701,HPA028017,Supported,Nuc,No                 
ENSG00000145247,HPA041090,Enhanced,Cell,No                 
ENSG00000092931,HPA022001,Approved,Nuc,Pseudotime
ENSG00000127995,HPA044404,Approved,Nuc,Pseudotime
ENSG00000022840,HPA052643,Approved,Cell,No                 
ENSG00000183527,HPA070225,Approved,Cell,No                 
ENSG00000080819,HPA054448,Enhanced,Cell,No                 
ENSG00000141279,HPA021453,Supported,Cyto,No                 
ENSG00000253251,HPA068764,Supported,Nuc,No                 
ENSG00000130176,HPA014263,Approved,Cell,No                 
ENSG00000157184,HPA028214,Supported,Cell,Pseudotime
ENSG00000143578,HPA038122,Approved,Cell,No                 
ENSG00000005194,HPA041350,Supported,Cell,No                 
ENSG00000125445,HPA022522,Approved,Cell,No                 
ENSG00000164338,HPA044697,Supported,Cell,No                 
ENSG00000117222,HPA049042,Supported,Nuc,No                 
ENSG00000096433,HPA064704,Uncertain,Cell,No                 
ENSG00000198081,HPA070819,Supported,Nuc,No                 
ENSG00000169220,HPA061819,Approved,Nuc,No                 
ENSG00000204103,HPA005653,Approved,Nuc,Pseudotime
ENSG00000185442,HPA015306,Approved,Cell,No                 
ENSG00000171824,HPA028484,Supported,Cell,No                 
ENSG00000155629,HPA038452,Approved,Cell,No                 
ENSG00000119630,HPA041624,Approved,Cell,No                 
ENSG00000104679,HPA023153,Approved,Cyto,Pseudotime
ENSG00000213380,HPA049429,Supported,Cell,No                 
ENSG00000161896,HPA053644,Approved,Nuc,Pseudotime
ENSG00000074590,HPA057143,Approved,Nuc,Pseudotime
ENSG00000198730,HPA061027,Enhanced,Nuc,No                 
ENSG00000198682,HPA071224,Approved,Cell,No                 
ENSG00000165660,HPA074089,Supported,Cyto,Pseudotime
ENSG00000082126,HPA057393,Supported,Cyto,No                 
ENSG00000178685,HPA052427,,Cyto,No                 
ENSG00000109390,HPA044556,Supported,Cell,No                 
ENSG00000013810,HPA006050,Enhanced,Cyto,Pseudotime
ENSG00000143507,HPA016758,,Nuc,No                 
ENSG00000124688,HPA028729,Supported,Nuc,Pseudotime
ENSG00000136045,HPA038708,Approved,Nuc,Pseudotime&Mitotic
ENSG00000167014,HPA041780,Uncertain,Nuc,No                 
ENSG00000277161,HPA023499,Approved,Cell,No                 
ENSG00000196712,HPA045502,Approved,Cell,No                 
ENSG00000068654,HPA049700,Supported,Nuc,No                 
ENSG00000184277,HPA054064,Approved,Cell,Pseudotime
ENSG00000108961,HPA057280,Supported,Nuc,Pseudotime
ENSG00000111640,HPA061280,Supported,Cell,No                 
ENSG00000165462,HPA065621,Enhanced,Cell,No                 
ENSG00000165061,HPA071585,Approved,Nuc,No                 
ENSG00000214274,HPA055896,Approved,Nuc,Pseudotime&Mitotic
ENSG00000108651,HPA055806,Enhanced,Nuc,Mitotic
ENSG00000169710,HPA006461,Enhanced,Cyto,No                 
ENSG00000177853,HPA029049,Approved,Nuc,Pseudotime
ENSG00000185347,HPA039050,Approved,Cell,No                 
ENSG00000179954,HPA042008,Approved,Cell,Pseudotime
ENSG00000206562,HPA035166,Approved,Cell,No                 
ENSG00000119401,HPA050060,Approved,Cell,No                 
ENSG00000004779,HPA054364,Supported,Cell,No                 
ENSG00000178691,HPA057436,Supported,Nuc,Pseudotime
ENSG00000173093,HPA061568,Approved,Cell,No                 
ENSG00000138029,HPA066099,Supported,Cell,No                 
ENSG00000065328,HPA071952,Supported,Nuc,Pseudotime
ENSG00000075856,HPA028840,Supported,Cell,No                 
ENSG00000168734,HPA042703,Supported,Cell,No                 
ENSG00000170322,HPA007082,Enhanced,Nuc,Pseudotime
ENSG00000156802,HPA029424,Enhanced,Nuc,Pseudotime
ENSG00000136010,HPA039481,Enhanced,Cell,No                 
ENSG00000159871,HPA042511,Approved,Cell,No                 
ENSG00000164989,HPA024133,Uncertain,Nuc,Pseudotime
ENSG00000138376,HPA035354,Supported,Nuc,No                 
ENSG00000196505,HPA046185,Approved,Cell,Pseudotime
ENSG00000108424,HPA050302,Enhanced,Cell,Pseudotime
ENSG00000167207,HPA054494,Approved,Cell,No                 
ENSG00000183513,HPA057768,Supported,Cell,No                 
ENSG00000205078,HPA066691,Enhanced,Cell,No                 
ENSG00000091651,HPA072587,Approved,Nuc,Pseudotime
ENSG00000142669,HPA076219,Approved,Nuc,Pseudotime
ENSG00000073111,HPA031496,Enhanced,Nuc,Pseudotime
ENSG00000198900,HPA019039,,Nuc,No                 
ENSG00000115112,HPA029708,Approved,Nuc,Pseudotime
ENSG00000136155,HPA039737,Supported,Cell,No                 
ENSG00000105447,HPA042643,Enhanced,Nuc,No                 
ENSG00000129116,HPA035905,Supported,Cell,No                 
ENSG00000152443,HPA046653,Approved,Nuc,No                 
ENSG00000181355,HPA050619,,Nuc,Pseudotime
ENSG00000172059,HPA058276,Supported,Nuc,Pseudotime
ENSG00000138650,HPA073462,Approved,Cell,No                 
ENSG00000052749,HPA074403,Supported,Nuc,No                 
ENSG00000114354,HPA019473,Supported,Cell,No                 
ENSG00000172932,HPA039950,Approved,Cell,No                 
ENSG00000144895,HPA036256,Approved,Cell,No                 
ENSG00000137628,HPA046952,Supported,Cell,No                 
ENSG00000137343,HPA050999,Approved,Cell,No                 
ENSG00000197757,HPA054981,Supported,Nuc,No                 
ENSG00000183762,HPA058513,Approved,Nuc,No                 
ENSG00000111802,HPA074011,Supported,Nuc,No                 
ENSG00000105996,HPA078220,Approved,Nuc,Pseudotime
ENSG00000115468,HPA049331,Supported,Cell,No                 
ENSG00000117707,HPA000842,Supported,Cyto,No                 
ENSG00000102572,HPA026502,Supported,Nuc,No                 
ENSG00000177733,HPA036569,Enhanced,Nuc,No                 
ENSG00000171772,HPA040208,Uncertain,Cell,No                 
ENSG00000108654,HPA020043,Enhanced,Nuc,No                 
ENSG00000165863,HPA043022,Approved,Cell,Pseudotime
ENSG00000249915,HPA047221,Approved,Cyto,No                 
ENSG00000173083,HPA055344,Supported,Nuc,No                 
ENSG00000092020,HPA058834,Supported,Cyto,No                 
ENSG00000149929,HPA063205,Enhanced,Nuc,No                 
ENSG00000164929,HPA068307,Supported,Cell,No                 
ENSG00000165280,HPA012728,Enhanced,Nuc,No                 
ENSG00000116586,HPA004126,Approved,Cell,No                 
ENSG00000166165,HPA001254,Supported,Cyto,No                 
ENSG00000135698,HPA026948,Supported,Nuc,No                 
ENSG00000168291,HPA036745,Supported,Cell,No                 
ENSG00000163053,HPA040518,Approved,Cell,No                 
ENSG00000100116,HPA020460,Supported,Cell,Pseudotime
ENSG00000106013,HPA043489,Enhanced,Nuc,No                 
ENSG00000111247,HPA051499,Approved,Nuc,Pseudotime
ENSG00000070495,HPA059156,Supported,Nuc,No                 
ENSG00000270806,HPA063464,Supported,Nuc,Pseudotime
ENSG00000132471,HPA068819,Approved,Cell,No                 
ENSG00000134057,HPA030741,Enhanced,Cyto,Pseudotime
ENSG00000148399,HPA022911,Approved,Nuc,Pseudotime
ENSG00000102572,HPA026502,,Cell,No                 
ENSG00000108591,HPA007716,Supported,Cell,No                 
ENSG00000131370,HPA057988,Enhanced,Nuc,No                 
ENSG00000126778,HPA001893,Supported,Nuc,No                 
ENSG00000167642,HPA011101,Uncertain,Cell,No                 
ENSG00000175946,HPA027115,Approved,Nuc,Pseudotime
ENSG00000168152,HPA037421,Approved,Cell,No                 
ENSG00000130707,HPA020934,Approved,Cell,No                 
ENSG00000154654,HPA030901,Supported,Cell,No                 
ENSG00000236104,HPA043848,Approved,Nuc,No                 
ENSG00000100105,HPA047893,Supported,Nuc,No                 
ENSG00000182944,HPA051771,Enhanced,Nuc,No                 
ENSG00000171161,HPA055779,Enhanced,Nuc,Pseudotime
ENSG00000168671,HPA059475,Approved,Cell,Pseudotime
ENSG00000102760,HPA063701,Supported,Nuc,No                 
ENSG00000158555,HPA069281,Approved,Cell,No                 
ENSG00000166797,HPA040459,Enhanced,Nuc,No                 
ENSG00000172006,HPA060247,Supported,Nuc,No                 
ENSG00000165792,HPA002955,Enhanced,Nuc,No                 
ENSG00000003137,HPA012567,Approved,Cyto,No                 
ENSG00000006611,HPA027398,Enhanced,Cyto,No                 
ENSG00000184508,HPA040895,Approved,Cell,No                 
ENSG00000132600,HPA044241,Enhanced,Nuc,No                 
ENSG00000125843,HPA048244,Enhanced,Cell,No                 
ENSG00000262919,HPA059843,Approved,Cell,Pseudotime
ENSG00000187416,HPA069691,Approved,Cell,No                 
ENSG00000162623,HPA029641,Approved,Cyto,No                 
ENSG00000087586,HPA002636,Approved,Nuc,Pseudotime
ENSG00000111716,HPA019007,,Cyto,No                 
ENSG00000196420,HPA064184,Approved,Nuc,Pseudotime
ENSG00000197747,HPA003340,Approved,Cell,Pseudotime
ENSG00000152580,HPA012921,Approved,Cell,No                 
ENSG00000004660,HPA028062,Supported,Cyto,No                 
ENSG00000181789,HPA037867,Supported,Cell,No                 
ENSG00000164944,HPA031530,Supported,Nuc,No                 
ENSG00000198740,HPA044408,Approved,Nuc,No                 
ENSG00000234616,HPA052675,Approved,Nuc,No                 
ENSG00000137462,HPA060231,Supported,Cell,No                 
ENSG00000109929,HPA070248,Approved,Cyto,Pseudotime
ENSG00000112312,HPA054597,Enhanced,Nuc,Pseudotime
ENSG00000167065,HPA051349,,Nuc,Pseudotime
ENSG00000101639,HPA040503,,Cell,No                 
ENSG00000145388,HPA038002,Supported,Nuc,Pseudotime
ENSG00000180035,HPA023806,Supported,Cell,No                 
ENSG00000128849,HPA069214,Supported,Nuc,No                 
ENSG00000068796,HPA004715,Enhanced,Nuc,Pseudotime
ENSG00000117143,HPA014659,Supported,Cell,No                 
ENSG00000179133,HPA038130,Approved,Nuc,No                 
ENSG00000111331,HPA041372,Supported,Nuc,No                 
ENSG00000096070,HPA022787,Approved,Cell,No                 
ENSG00000111653,HPA031817,Supported,Nuc,Pseudotime
ENSG00000181666,HPA044855,Approved,Cell,No                 
ENSG00000145041,HPA053203,Supported,Nuc,No                 
ENSG00000221843,HPA056962,Uncertain,Nuc,No                 
ENSG00000070669,HPA064737,Enhanced,Cyto,No                 
ENSG00000100401,HPA062034,,Cell,No                 
ENSG00000214274,HPA055896,,Nuc,Pseudotime&Mitotic
ENSG00000128050,HPA041538,Approved,Cyto,Pseudotime
ENSG00000088543,HPA012105,Approved,Cyto,No                 
ENSG00000183943,HPA015324,Supported,Nuc,No                 
ENSG00000066084,HPA038472,Approved,Cell,No                 
ENSG00000005513,HPA041640,Enhanced,Nuc,No                 
ENSG00000104325,HPA023162,Supported,Cell,No                 
ENSG00000187144,HPA032080,Approved,Cell,No                 
ENSG00000100197,HPA045223,Approved,Cell,No                 
ENSG00000167470,HPA049432,Approved,Nuc,Pseudotime
ENSG00000036549,HPA053663,Enhanced,Nuc,No                 
ENSG00000127419,HPA057160,Approved,Nuc,No                 
ENSG00000099949,HPA071248,Approved,Nuc,No                 
ENSG00000138161,HPA074117,Approved,Cell,No                 
ENSG00000141510,HPA051244,Enhanced,Nuc,Pseudotime
ENSG00000166912,HPA006081,Approved,Nuc,No                 
ENSG00000110057,HPA038716,Approved,Nuc,No                 
ENSG00000141971,HPA041885,Supported,Cell,No                 
ENSG00000163697,HPA023542,Approved,Cell,No                 
ENSG00000157601,HPA049724,Supported,Nuc,No                 
ENSG00000156853,HPA054095,Approved,Nuc,No                 
ENSG00000131153,HPA057285,Supported,Nuc,No                 
ENSG00000169217,HPA061309,Enhanced,Nuc,Pseudotime
ENSG00000136169,HPA071677,Approved,Nuc,No                 
ENSG00000168958,HPA074625,Supported,Cell,No                 
ENSG00000111640,HPA061280,,Cell,No                 
ENSG00000182481,HPA041270,Enhanced,Nuc,Pseudotime
ENSG00000121871,HPA017636,Approved,Cell,No                 
ENSG00000119711,HPA029075,Enhanced,Cell,No                 
ENSG00000177613,HPA039216,Enhanced,Nuc,No                 
ENSG00000167216,HPA042029,Approved,Cell,No                 
ENSG00000171408,HPA023967,Approved,Nuc,No                 
ENSG00000124370,HPA035196,Approved,Cell,No                 
ENSG00000107021,HPA045865,Approved,Nuc,No                 
ENSG00000083799,HPA050095,Supported,Nuc,Pseudotime
ENSG00000138346,HPA057526,Supported,Cell,No                 
ENSG00000168904,HPA066130,Approved,Cell,No                 
ENSG00000143147,HPA072047,Approved,Nuc,Pseudotime
ENSG00000170989,HPA075568,Supported,Cell,No                 
ENSG00000067057,HPA056484,Supported,Cyto,No                 
ENSG00000037757,HPA042744,Supported,Nuc,No                 
ENSG00000156261,HPA029426,Approved,Cyto,No                 
ENSG00000146856,HPA024150,Uncertain,Cell,No                 
ENSG00000160180,HPA035464,Approved,Nuc,No                 
ENSG00000204264,HPA050327,Approved,Cell,No                 
ENSG00000137185,HPA054512,Approved,Nuc,No                 
ENSG00000177511,HPA066783,Supported,Cell,No                 
ENSG00000198952,HPA072651,Uncertain,Cell,No                 
ENSG00000154118,HPA076304,Approved,Nuc,Pseudotime
ENSG00000121297,HPA071010,Enhanced,Cell,No                 
ENSG00000164346,HPA043487,Supported,Nuc,No                 
ENSG00000115604,HPA007615,Approved,Cell,Pseudotime
ENSG00000108091,HPA019051,Supported,Cyto,No                 
ENSG00000119318,HPA029718,Supported,Cell,No                 
ENSG00000111231,HPA039764,Approved,Nuc,Pseudotime
ENSG00000124098,HPA042652,Approved,Cell,No                 
ENSG00000198722,HPA024493,Approved,Cell,Pseudotime
ENSG00000039319,HPA035936,Enhanced,Cell,No                 
ENSG00000184640,HPA050627,,Cell,No                 
ENSG00000188976,HPA062195,Enhanced,Cell,Pseudotime&Mitotic
ENSG00000155868,HPA067181,Supported,Nuc,No                 
ENSG00000109861,HPA066610,Supported,Cyto,No                 
ENSG00000103160,HPA045745,Approved,Cell,No                 
