,accession,gene,modification,residue,occupancy,modpeps,totpeps
722,"['H0YG79', 'Q9H6F5']",CCDC86,Phosphorylation on S,12,0.93,42,45
727,"['H0YG79', 'Q9H6F5']",CCDC86,Phosphorylation on S,41,0.84,63,75
731,"['H0YG79', 'Q9H6F5']",CCDC86,Phosphorylation on S,52,0.62,33,53
736,"['H0YG79', 'Q9H6F5']",CCDC86,Phosphorylation on S,63,0.73,16,22
737,"['H0YG79', 'Q9H6F5']",CCDC86,Phosphorylation on S,18,0.94,33,35
742,"['H0YG79', 'Q9H6F5']",CCDC86,Phosphorylation on S,47,0.84,63,75
747,"['H0YG79', 'Q9H6F5']",CCDC86,Phosphorylation on S,58,0.62,33,53
751,"['H0YG79', 'Q9H6F5']",CCDC86,Phosphorylation on S,69,0.67,16,24
753,"['H0YG79', 'Q9H6F5']",CCDC86,Phosphorylation on S,91,0.74,55,74
757,"['H0YG79', 'Q9H6F5']",CCDC86,Phosphorylation on Y,109,0.84,31,37
2742,"['A6NKD9', 'H0YJE0']",CCDC85C,Phosphorylation on S,246,0.71,10,14
2826,"['A0A2R8Y570', 'A0A3B3IU06', 'A0A3B3IUD6', 'Q4VB86', 'P11171', 'A0A1B0GWG0', 'A0A2R8Y6D0']",EPB41,Phosphorylation on S,555,0.6,9,15
2829,"['A0A2R8Y570', 'A0A3B3IU06', 'A0A3B3IUD6', 'Q4VB86', 'P11171', 'A0A1B0GWG0', 'A0A2R8Y6D0']",EPB41,Phosphorylation on S,688,0.75,6,8
2834,"['A0A2R8Y570', 'A0A3B3IU06', 'A0A3B3IUD6', 'Q4VB86', 'P11171', 'A0A1B0GWG0', 'A0A2R8Y6D0']",EPB41,Phosphorylation on S,555,0.6,9,15
2837,"['A0A2R8Y570', 'A0A3B3IU06', 'A0A3B3IUD6', 'Q4VB86', 'P11171', 'A0A1B0GWG0', 'A0A2R8Y6D0']",EPB41,Phosphorylation on S,688,0.75,6,8
2842,"['A0A2R8Y570', 'A0A3B3IU06', 'A0A3B3IUD6', 'Q4VB86', 'P11171', 'A0A1B0GWG0', 'A0A2R8Y6D0']",EPB41,Phosphorylation on S,449,0.6,9,15
2845,"['A0A2R8Y570', 'A0A3B3IU06', 'A0A3B3IUD6', 'Q4VB86', 'P11171', 'A0A1B0GWG0', 'A0A2R8Y6D0']",EPB41,Phosphorylation on S,582,0.75,6,8
2850,"['A0A2R8Y570', 'A0A3B3IU06', 'A0A3B3IUD6', 'Q4VB86', 'P11171', 'A0A1B0GWG0', 'A0A2R8Y6D0']",EPB41,Phosphorylation on S,346,0.6,9,15
2853,"['A0A2R8Y570', 'A0A3B3IU06', 'A0A3B3IUD6', 'Q4VB86', 'P11171', 'A0A1B0GWG0', 'A0A2R8Y6D0']",EPB41,Phosphorylation on S,467,0.75,6,8
2858,"['A0A2R8Y570', 'A0A3B3IU06', 'A0A3B3IUD6', 'Q4VB86', 'P11171', 'A0A1B0GWG0', 'A0A2R8Y6D0']",EPB41,Phosphorylation on S,555,0.6,9,15
2862,"['A0A2R8Y570', 'A0A3B3IU06', 'A0A3B3IUD6', 'Q4VB86', 'P11171', 'A0A1B0GWG0', 'A0A2R8Y6D0']",EPB41,Phosphorylation on S,274,0.57,8,14
2865,"['A0A2R8Y570', 'A0A3B3IU06', 'A0A3B3IUD6', 'Q4VB86', 'P11171', 'A0A1B0GWG0', 'A0A2R8Y6D0']",EPB41,Phosphorylation on S,283,0.6,3,5
2866,"['A0A2R8Y570', 'A0A3B3IU06', 'A0A3B3IUD6', 'Q4VB86', 'P11171', 'A0A1B0GWG0', 'A0A2R8Y6D0']",EPB41,Phosphorylation on S,378,0.75,6,8
2869,"['A0A2R8Y570', 'A0A3B3IU06', 'A0A3B3IUD6', 'Q4VB86', 'P11171', 'A0A1B0GWG0', 'A0A2R8Y6D0']",EPB41,Phosphorylation on S,341,0.57,8,14
2872,"['A0A2R8Y570', 'A0A3B3IU06', 'A0A3B3IUD6', 'Q4VB86', 'P11171', 'A0A1B0GWG0', 'A0A2R8Y6D0']",EPB41,Phosphorylation on S,350,0.6,3,5
2873,"['A0A2R8Y570', 'A0A3B3IU06', 'A0A3B3IUD6', 'Q4VB86', 'P11171', 'A0A1B0GWG0', 'A0A2R8Y6D0']",EPB41,Phosphorylation on S,464,0.75,6,8
2876,"['H0YFD2', 'Q8N9T8']",KRI1,Phosphorylation on S,115,0.6,15,25
2880,"['H0YFD2', 'Q8N9T8']",KRI1,Phosphorylation on S,136,1.0,10,10
2881,"['H0YFD2', 'Q8N9T8']",KRI1,Phosphorylation on S,141,1.0,10,10
2884,"['H0YFD2', 'Q8N9T8']",KRI1,Phosphorylation on S,171,0.6,15,25
2887,"['H0YFD2', 'Q8N9T8']",KRI1,Phosphorylation on S,628,0.92,11,12
3450,"['E5RI98', 'P06748', 'E5RGW4']",NPM1,Phosphorylation on Y,3,0.71,5,7
3451,"['E5RI98', 'P06748', 'E5RGW4']",NPM1,Phosphorylation on S,6,0.71,5,7
3538,"['E5RI98', 'P06748', 'E5RGW4']",NPM1,Phosphorylation on S,195,0.6,6,10
3540,"['E5RI98', 'P06748', 'E5RGW4']",NPM1,ADP-ribosylserine on S,207,0.83,10,12
3546,"['E5RI98', 'P06748', 'E5RGW4']",NPM1,Phosphorylation on S,4,0.56,5,9
4770,['O95810'],CAVIN2,Phosphorylation on T,296,0.88,7,8
6074,"['H0Y2V6', 'Q5SW79', 'H0Y4T4']",CEP170,Phosphorylation on S,845,0.62,8,13
6082,"['H0Y2V6', 'Q5SW79', 'H0Y4T4']",CEP170,Phosphorylation on S,1023,0.71,5,7
6083,"['H0Y2V6', 'Q5SW79', 'H0Y4T4']",CEP170,Phosphorylation on S,1124,0.67,4,6
6092,"['H0Y2V6', 'Q5SW79', 'H0Y4T4']",CEP170,Phosphorylation on S,1503,0.77,10,13
6093,"['H0Y2V6', 'Q5SW79', 'H0Y4T4']",CEP170,Phosphorylation on S,359,1.0,5,5
6100,"['H0Y2V6', 'Q5SW79', 'H0Y4T4']",CEP170,Phosphorylation on S,571,0.86,6,7
6101,"['H0Y2V6', 'Q5SW79', 'H0Y4T4']",CEP170,Phosphorylation on S,580,0.86,6,7
6103,"['H0Y2V6', 'Q5SW79', 'H0Y4T4']",CEP170,Phosphorylation on S,881,0.62,8,13
6111,"['H0Y2V6', 'Q5SW79', 'H0Y4T4']",CEP170,Phosphorylation on S,1059,0.6,3,5
6112,"['H0Y2V6', 'Q5SW79', 'H0Y4T4']",CEP170,Phosphorylation on S,1160,0.67,4,6
6121,"['H0Y2V6', 'Q5SW79', 'H0Y4T4']",CEP170,Phosphorylation on S,1529,0.77,10,13
6122,"['H0Y2V6', 'Q5SW79', 'H0Y4T4']",CEP170,Phosphorylation on S,5,0.67,4,6
6569,"['J3KP30', 'Q5QJE6', 'E9PRB3']",DNTTIP2,Phosphorylation on S,117,0.86,6,7
6572,"['J3KP30', 'Q5QJE6', 'E9PRB3']",DNTTIP2,Phosphorylation on S,141,0.75,9,12
6575,"['J3KP30', 'Q5QJE6', 'E9PRB3']",DNTTIP2,Phosphorylation on T,232,0.57,4,7
6579,"['J3KP30', 'Q5QJE6', 'E9PRB3']",DNTTIP2,Phosphorylation on S,253,0.8,4,5
6584,"['J3KP30', 'Q5QJE6', 'E9PRB3']",DNTTIP2,Phosphorylation on S,117,0.83,5,6
6586,"['J3KP30', 'Q5QJE6', 'E9PRB3']",DNTTIP2,Phosphorylation on S,141,0.75,9,12
6589,"['J3KP30', 'Q5QJE6', 'E9PRB3']",DNTTIP2,Phosphorylation on T,232,0.57,4,7
6595,"['J3KP30', 'Q5QJE6', 'E9PRB3']",DNTTIP2,Phosphorylation on T,610,0.71,5,7
6599,"['J3KP30', 'Q5QJE6', 'E9PRB3']",DNTTIP2,Phosphorylation on S,124,0.86,6,7
6602,"['J3KP30', 'Q5QJE6', 'E9PRB3']",DNTTIP2,Phosphorylation on S,148,0.75,9,12
6647,"['U3KQ48', 'O00566']",MPHOSPH10,Phosphorylation on S,163,0.5,3,6
8897,"['B1AL79', 'Q16513']",PKN2,Phosphorylation on S,582,0.8,4,5
8901,"['B1AL79', 'Q16513']",PKN2,Phosphorylation on T,951,0.9,28,31
9555,"['C9J808', 'Q9BYG3']",NIFK,Phosphorylation on T,118,0.73,19,26
9561,"['C9J808', 'Q9BYG3']",NIFK,Phosphorylation on T,223,0.7,16,23
11674,"['O00139', 'D6R9M0']",KIF2A,Phosphorylation on S,137,1.0,6,6
11675,"['O00139', 'D6R9M0']",KIF2A,Nitrosylation on C,309,0.52,22,42
11678,"['O00139', 'D6R9M0']",KIF2A,Phosphorylation on T,558,0.5,3,6
13528,"['H0Y501', 'H7C1J2', 'Q9H147']",DNTTIP1,Phosphorylation on S,88,1.0,11,11
13530,"['H0Y501', 'H7C1J2', 'Q9H147']",DNTTIP1,Phosphorylation on S,161,1.0,11,11
13550,"['E7EPK1', 'G3V1Q4', 'Q16181', 'A0A0U1RRM2']",SEPT7,Phosphorylation on S,334,0.64,9,14
13556,"['E7EPK1', 'G3V1Q4', 'Q16181', 'A0A0U1RRM2']",SEPT7,Phosphorylation on S,298,0.64,9,14
13563,"['E7EPK1', 'G3V1Q4', 'Q16181', 'A0A0U1RRM2']",SEPT7,Phosphorylation on S,334,0.64,9,14
13565,"['E7EPK1', 'G3V1Q4', 'Q16181', 'A0A0U1RRM2']",SEPT7,Phosphorylation on S,29,0.65,11,17
13923,"['A0A3B3ISC8', 'O14686', 'F8VWW4']",KMT2D,Phosphorylation on S,17,1.0,10,10
13926,"['A0A3B3ISC8', 'O14686', 'F8VWW4']",KMT2D,Phosphorylation on S,373,0.67,4,6
13927,"['A0A3B3ISC8', 'O14686', 'F8VWW4']",KMT2D,Phosphorylation on S,654,1.0,7,7
13929,"['A0A3B3ISC8', 'O14686', 'F8VWW4']",KMT2D,Phosphorylation on S,738,0.6,6,10
13930,"['A0A3B3ISC8', 'O14686', 'F8VWW4']",KMT2D,Phosphorylation on S,744,0.5,5,10
13931,"['A0A3B3ISC8', 'O14686', 'F8VWW4']",KMT2D,Phosphorylation on T,1267,0.62,8,13
13932,"['A0A3B3ISC8', 'O14686', 'F8VWW4']",KMT2D,Phosphorylation on S,1270,0.62,8,13
13933,"['A0A3B3ISC8', 'O14686', 'F8VWW4']",KMT2D,Phosphorylation on T,1604,1.0,6,6
13936,"['A0A3B3ISC8', 'O14686', 'F8VWW4']",KMT2D,Phosphorylation on S,1671,0.62,8,13
13940,"['A0A3B3ISC8', 'O14686', 'F8VWW4']",KMT2D,Phosphorylation on S,1834,0.7,7,10
13941,"['A0A3B3ISC8', 'O14686', 'F8VWW4']",KMT2D,Phosphorylation on T,1843,0.67,6,9
13943,"['A0A3B3ISC8', 'O14686', 'F8VWW4']",KMT2D,Phosphorylation on S,1858,0.5,6,12
13949,"['A0A3B3ISC8', 'O14686', 'F8VWW4']",KMT2D,Phosphorylation on T,2240,0.8,4,5
13950,"['A0A3B3ISC8', 'O14686', 'F8VWW4']",KMT2D,Phosphorylation on S,2251,0.62,8,13
13951,"['A0A3B3ISC8', 'O14686', 'F8VWW4']",KMT2D,Phosphorylation on S,2260,0.85,11,13
13956,"['A0A3B3ISC8', 'O14686', 'F8VWW4']",KMT2D,Phosphorylation on T,2639,0.78,7,9
13958,"['A0A3B3ISC8', 'O14686', 'F8VWW4']",KMT2D,Phosphorylation on S,3130,0.6,6,10
13962,"['A0A3B3ISC8', 'O14686', 'F8VWW4']",KMT2D,Phosphorylation on T,4852,0.8,4,5
14854,['Q9NQC7'],CYLD,Phosphorylation on S,387,0.6,3,5
15284,['Q92539'],LPIN2,Phosphorylation on T,120,1.0,5,5
15286,['Q92539'],LPIN2,Phosphorylation on S,245,0.79,11,14
15316,['Q9UGY1'],NOL12,Phosphorylation on T,141,0.6,3,5
15540,"['B4E135', 'M0R0Q7', 'P18858']",LIG1,Phosphorylation on S,51,0.86,12,14
15543,"['B4E135', 'M0R0Q7', 'P18858']",LIG1,Phosphorylation on S,76,0.58,7,12
15547,"['B4E135', 'M0R0Q7', 'P18858']",LIG1,Phosphorylation on S,91,0.79,11,14
15554,"['B4E135', 'M0R0Q7', 'P18858']",LIG1,Phosphorylation on T,151,0.81,13,16
15555,"['B4E135', 'M0R0Q7', 'P18858']",LIG1,Phosphorylation on T,195,0.57,4,7
15556,"['B4E135', 'M0R0Q7', 'P18858']",LIG1,Phosphorylation on T,201,0.57,4,7
15558,"['B4E135', 'M0R0Q7', 'P18858']",LIG1,Phosphorylation on S,51,0.86,12,14
15561,"['B4E135', 'M0R0Q7', 'P18858']",LIG1,Phosphorylation on S,76,0.58,7,12
15565,"['B4E135', 'M0R0Q7', 'P18858']",LIG1,Phosphorylation on S,91,0.79,11,14
15570,"['B4E135', 'M0R0Q7', 'P18858']",LIG1,Phosphorylation on S,141,0.74,25,34
15574,"['B4E135', 'M0R0Q7', 'P18858']",LIG1,Phosphorylation on T,182,0.82,14,17
15575,"['B4E135', 'M0R0Q7', 'P18858']",LIG1,Phosphorylation on T,226,0.57,4,7
15576,"['B4E135', 'M0R0Q7', 'P18858']",LIG1,Phosphorylation on T,232,0.57,4,7
15579,"['B4E135', 'M0R0Q7', 'P18858']",LIG1,Phosphorylation on S,51,0.86,12,14
15582,"['B4E135', 'M0R0Q7', 'P18858']",LIG1,Phosphorylation on S,76,0.54,7,13
15586,"['B4E135', 'M0R0Q7', 'P18858']",LIG1,Phosphorylation on S,91,0.79,11,14
15591,"['B4E135', 'M0R0Q7', 'P18858']",LIG1,Phosphorylation on S,141,0.62,15,24
15595,"['B4E135', 'M0R0Q7', 'P18858']",LIG1,Phosphorylation on T,183,0.81,13,16
15596,"['B4E135', 'M0R0Q7', 'P18858']",LIG1,Phosphorylation on T,227,0.57,4,7
15597,"['B4E135', 'M0R0Q7', 'P18858']",LIG1,Phosphorylation on T,233,0.57,4,7
15659,['P56182'],RRP1,Phosphorylation on S,383,1.0,17,17
15777,"['A0A286YEZ9', 'O94915', 'F2Z2S2']",FRYL,Phosphorylation on T,506,0.59,10,17
15778,"['A0A286YEZ9', 'O94915', 'F2Z2S2']",FRYL,Phosphorylation on T,1097,0.5,14,28
15783,"['A0A286YEZ9', 'O94915', 'F2Z2S2']",FRYL,Phosphorylation on T,1959,0.53,8,15
15784,"['A0A286YEZ9', 'O94915', 'F2Z2S2']",FRYL,Phosphorylation on T,2547,0.5,14,28
16247,"['I3L2J8', 'Q9UPN4']",CEP131,Phosphorylation on S,14,0.6,3,5
16249,"['I3L2J8', 'Q9UPN4']",CEP131,Phosphorylation on S,30,0.6,3,5
16250,"['I3L2J8', 'Q9UPN4']",CEP131,Phosphorylation on S,35,1.0,6,6
16251,"['I3L2J8', 'Q9UPN4']",CEP131,Phosphorylation on S,47,0.75,6,8
16253,"['I3L2J8', 'Q9UPN4']",CEP131,Phosphorylation on T,62,0.67,4,6
16254,"['I3L2J8', 'Q9UPN4']",CEP131,Phosphorylation on S,67,0.67,4,6
16269,"['I3L2J8', 'Q9UPN4']",CEP131,Phosphorylation on S,114,0.62,5,8
16271,"['I3L2J8', 'Q9UPN4']",CEP131,Phosphorylation on S,144,0.67,4,6
16274,"['I3L2J8', 'Q9UPN4']",CEP131,Phosphorylation on S,308,0.89,8,9
16279,"['I3L2J8', 'Q9UPN4']",CEP131,Phosphorylation on S,14,0.6,3,5
16281,"['I3L2J8', 'Q9UPN4']",CEP131,Phosphorylation on S,30,0.6,3,5
16282,"['I3L2J8', 'Q9UPN4']",CEP131,Phosphorylation on S,47,0.75,6,8
16284,"['I3L2J8', 'Q9UPN4']",CEP131,Phosphorylation on T,62,0.67,4,6
16285,"['I3L2J8', 'Q9UPN4']",CEP131,Phosphorylation on S,67,0.67,4,6
16301,"['I3L2J8', 'Q9UPN4']",CEP131,Phosphorylation on S,114,0.62,5,8
16303,"['I3L2J8', 'Q9UPN4']",CEP131,Phosphorylation on S,144,0.67,4,6
16306,"['I3L2J8', 'Q9UPN4']",CEP131,Phosphorylation on S,308,0.89,8,9
16415,"['H7BZD2', 'Q8N7R7']",CCNYL1,Phosphorylation on S,38,0.71,12,17
16419,"['H7BZD2', 'Q8N7R7']",CCNYL1,Phosphorylation on S,55,0.56,5,9
16421,"['H7BZD2', 'Q8N7R7']",CCNYL1,Phosphorylation on S,105,0.58,7,12
16422,"['H7BZD2', 'Q8N7R7']",CCNYL1,Phosphorylation on S,112,0.67,8,12
16425,"['H7BZD2', 'Q8N7R7']",CCNYL1,Phosphorylation on S,122,0.56,5,9
16427,"['H7BZD2', 'Q8N7R7']",CCNYL1,Phosphorylation on S,342,1.0,16,16
17258,['Q9H4L4'],SENP3,Phosphorylation on S,181,0.64,18,28
17261,['Q9H4L4'],SENP3,Phosphorylation on S,232,0.82,9,11
17263,['Q9H4L4'],SENP3,Phosphorylation on S,307,1.0,5,5
17863,"['A0A0U1RR27', 'Q7Z401']",DENND4A,Phosphorylation on S,1631,0.5,5,10
17864,"['A0A0U1RR27', 'Q7Z401']",DENND4A,Phosphorylation on S,1633,0.5,5,10
17865,"['A0A0U1RR27', 'Q7Z401']",DENND4A,Phosphorylation on S,1587,0.5,4,8
17866,"['A0A0U1RR27', 'Q7Z401']",DENND4A,Phosphorylation on S,1589,0.5,4,8
19059,['Q8IY81'],FTSJ3,Phosphorylation on S,335,0.67,6,9
19060,['Q8IY81'],FTSJ3,Phosphorylation on S,336,0.67,6,9
19067,['Q8IY81'],FTSJ3,Phosphorylation on S,576,0.57,12,21
19075,['Q8IY81'],FTSJ3,Phosphorylation on S,639,0.88,7,8
19483,"['A2A2V2', 'P42696']",RBM34,Phosphorylation on S,26,0.54,19,35
19490,"['A2A2V2', 'P42696']",RBM34,Phosphorylation on S,28,0.54,19,35
19976,['Q76FK4'],NOL8,Phosphorylation on S,35,1.0,5,5
19977,['Q76FK4'],NOL8,Phosphorylation on T,41,0.6,3,5
19987,['Q76FK4'],NOL8,Phosphorylation on T,528,1.0,7,7
19988,['Q76FK4'],NOL8,Phosphorylation on T,530,1.0,7,7
19989,['Q76FK4'],NOL8,Phosphorylation on S,660,0.86,6,7
19991,['Q76FK4'],NOL8,Phosphorylation on T,795,0.6,3,5
19992,['Q76FK4'],NOL8,Phosphorylation on S,801,0.6,3,5
19993,['Q76FK4'],NOL8,Phosphorylation on S,1098,0.88,7,8
20126,['Q15019'],SEPT2,Phosphorylation on S,218,0.56,39,70
20814,['Q6P1L5'],FAM117B,Phosphorylation on T,12,0.92,11,12
20815,['Q6P1L5'],FAM117B,Phosphorylation on S,271,0.6,3,5
20818,['Q6P1L5'],FAM117B,Phosphorylation on S,449,0.71,5,7
22123,"['D6RJC6', 'Q96EV8']",DTNBP1,Phosphorylation on S,160,0.67,6,9
22124,"['D6RJC6', 'Q96EV8']",DTNBP1,Phosphorylation on S,165,0.67,6,9
22126,"['D6RJC6', 'Q96EV8']",DTNBP1,Phosphorylation on S,193,0.83,5,6
22127,"['D6RJC6', 'Q96EV8']",DTNBP1,Phosphorylation on S,316,0.67,6,9
22129,"['D6RJC6', 'Q96EV8']",DTNBP1,Phosphorylation on S,321,0.67,6,9
22130,"['D6RJC6', 'Q96EV8']",DTNBP1,Phosphorylation on S,349,0.83,5,6
22631,['O75683'],SURF6,Phosphorylation on S,74,1.0,6,6
22632,['O75683'],SURF6,Phosphorylation on S,138,1.0,7,7
22635,['O75683'],SURF6,Phosphorylation on S,206,0.6,3,5
23271,"['J3KTM9', 'Q14974', 'J3QR48', 'J3QRG4', 'J3QKQ5']",KPNB1,Hydroxylation on N,343,0.59,20,34
23276,"['J3KTM9', 'Q14974', 'J3QR48', 'J3QRG4', 'J3QKQ5']",KPNB1,Phosphorylation on T,10,0.56,5,9
23305,"['B9EGQ5', 'M0QXA7', 'O95785']",WIZ,Phosphorylation on S,164,1.0,12,12
23306,"['B9EGQ5', 'M0QXA7', 'O95785']",WIZ,Phosphorylation on S,177,1.0,10,10
23311,"['B9EGQ5', 'M0QXA7', 'O95785']",WIZ,Phosphorylation on S,198,0.86,12,14
23312,"['B9EGQ5', 'M0QXA7', 'O95785']",WIZ,Phosphorylation on S,308,0.5,3,6
23313,"['B9EGQ5', 'M0QXA7', 'O95785']",WIZ,Phosphorylation on S,315,0.83,5,6
23314,"['B9EGQ5', 'M0QXA7', 'O95785']",WIZ,Phosphorylation on S,327,1.0,9,9
23317,"['B9EGQ5', 'M0QXA7', 'O95785']",WIZ,Phosphorylation on S,698,1.0,5,5
23320,"['B9EGQ5', 'M0QXA7', 'O95785']",WIZ,Phosphorylation on S,167,1.0,12,12
23321,"['B9EGQ5', 'M0QXA7', 'O95785']",WIZ,Phosphorylation on S,180,1.0,10,10
23326,"['B9EGQ5', 'M0QXA7', 'O95785']",WIZ,Phosphorylation on S,201,0.86,12,14
23327,"['B9EGQ5', 'M0QXA7', 'O95785']",WIZ,Phosphorylation on S,209,0.57,4,7
23330,"['B9EGQ5', 'M0QXA7', 'O95785']",WIZ,Phosphorylation on S,444,0.5,3,6
23331,"['B9EGQ5', 'M0QXA7', 'O95785']",WIZ,Phosphorylation on S,451,0.83,5,6
23332,"['B9EGQ5', 'M0QXA7', 'O95785']",WIZ,Phosphorylation on S,463,1.0,9,9
23335,"['B9EGQ5', 'M0QXA7', 'O95785']",WIZ,Phosphorylation on S,834,1.0,5,5
23338,"['B9EGQ5', 'M0QXA7', 'O95785']",WIZ,Phosphorylation on S,983,1.0,12,12
23342,"['B9EGQ5', 'M0QXA7', 'O95785']",WIZ,Phosphorylation on S,1017,0.86,12,14
24130,['Q96EU6'],RRP36,Phosphorylation on S,73,1.0,10,10
24269,"['J3QLA3', 'J3QR21', 'Q7RTP6', 'J3QQT0']",MICAL3,Phosphorylation on S,116,0.71,5,7
24270,"['J3QLA3', 'J3QR21', 'Q7RTP6', 'J3QQT0']",MICAL3,Phosphorylation on S,125,0.67,4,6
24271,"['J3QLA3', 'J3QR21', 'Q7RTP6', 'J3QQT0']",MICAL3,Phosphorylation on S,119,0.71,5,7
24272,"['J3QLA3', 'J3QR21', 'Q7RTP6', 'J3QQT0']",MICAL3,Phosphorylation on S,128,0.67,4,6
24273,"['J3QLA3', 'J3QR21', 'Q7RTP6', 'J3QQT0']",MICAL3,Phosphorylation on S,649,0.67,4,6
24274,"['J3QLA3', 'J3QR21', 'Q7RTP6', 'J3QQT0']",MICAL3,Phosphorylation on S,652,0.5,3,6
24275,"['J3QLA3', 'J3QR21', 'Q7RTP6', 'J3QQT0']",MICAL3,Phosphorylation on S,655,0.5,3,6
24278,"['J3QLA3', 'J3QR21', 'Q7RTP6', 'J3QQT0']",MICAL3,Phosphorylation on S,879,0.8,4,5
24279,"['J3QLA3', 'J3QR21', 'Q7RTP6', 'J3QQT0']",MICAL3,Phosphorylation on S,1221,1.0,8,8
24280,"['J3QLA3', 'J3QR21', 'Q7RTP6', 'J3QQT0']",MICAL3,Phosphorylation on S,1310,1.0,9,9
24282,"['J3QLA3', 'J3QR21', 'Q7RTP6', 'J3QQT0']",MICAL3,Phosphorylation on T,1654,0.93,25,27
24283,"['J3QLA3', 'J3QR21', 'Q7RTP6', 'J3QQT0']",MICAL3,Phosphorylation on S,1700,0.71,5,7
24415,"['O95347', 'A0A0C4DGE5']",SMC2,Phosphorylation on S,60,1.0,7,7
24416,"['O95347', 'A0A0C4DGE5']",SMC2,Phosphorylation on Y,67,0.86,6,7
24722,"['C9JRM9', 'P17029']",ZKSCAN1,Phosphorylation on S,13,1.0,5,5
24723,"['C9JRM9', 'P17029']",ZKSCAN1,Phosphorylation on S,208,1.0,7,7
25204,['Q9UKG1'],APPL1,Phosphorylation on S,403,0.86,6,7
25484,"['J3QQW9', 'Q15022']",SUZ12,Phosphorylation on S,523,0.82,9,11
25490,"['J3QQW9', 'Q15022']",SUZ12,Phosphorylation on S,672,1.0,5,5
25493,"['J3QQW9', 'Q15022']",SUZ12,Phosphorylation on S,546,0.82,9,11
25499,"['J3QQW9', 'Q15022']",SUZ12,Phosphorylation on S,695,1.0,5,5
26395,"['A0A087WVQ6', 'Q00610']",CLTC,Phosphorylation on T,109,0.8,4,5
26397,"['A0A087WVQ6', 'Q00610']",CLTC,Phosphorylation on T,398,0.8,8,10
26401,"['A0A087WVQ6', 'Q00610']",CLTC,Phosphorylation on T,105,0.8,4,5
26771,"['A0A1B0GUS7', 'O14795']",UNC13B,Phosphorylation on S,2545,0.8,4,5
27293,['Q8TBB5'],KLHDC4,Phosphorylation on S,413,0.5,4,8
27302,"['Q96JM3', 'A0A2R8Y735']",CHAMP1,Phosphorylation on S,108,0.72,21,29
27304,"['Q96JM3', 'A0A2R8Y735']",CHAMP1,Phosphorylation on S,204,0.8,45,56
27310,"['Q96JM3', 'A0A2R8Y735']",CHAMP1,Phosphorylation on S,223,1.0,5,5
27311,"['Q96JM3', 'A0A2R8Y735']",CHAMP1,Phosphorylation on T,273,0.5,3,6
27312,"['Q96JM3', 'A0A2R8Y735']",CHAMP1,Phosphorylation on T,274,0.83,5,6
27316,"['Q96JM3', 'A0A2R8Y735']",CHAMP1,Phosphorylation on S,284,0.89,40,45
27324,"['Q96JM3', 'A0A2R8Y735']",CHAMP1,Phosphorylation on S,311,0.83,10,12
27326,"['Q96JM3', 'A0A2R8Y735']",CHAMP1,Phosphorylation on S,382,0.53,10,19
27328,"['Q96JM3', 'A0A2R8Y735']",CHAMP1,Phosphorylation on S,389,0.63,12,19
27329,"['Q96JM3', 'A0A2R8Y735']",CHAMP1,Phosphorylation on T,400,0.58,18,31
27333,"['Q96JM3', 'A0A2R8Y735']",CHAMP1,Phosphorylation on S,416,1.0,22,22
27334,"['Q96JM3', 'A0A2R8Y735']",CHAMP1,Phosphorylation on S,427,0.96,23,24
27335,"['Q96JM3', 'A0A2R8Y735']",CHAMP1,Phosphorylation on S,432,0.78,7,9
27336,"['Q96JM3', 'A0A2R8Y735']",CHAMP1,Phosphorylation on S,436,0.56,5,9
27338,"['Q96JM3', 'A0A2R8Y735']",CHAMP1,Phosphorylation on S,445,0.76,13,17
27339,"['Q96JM3', 'A0A2R8Y735']",CHAMP1,Phosphorylation on S,452,0.91,10,11
27344,"['Q96JM3', 'A0A2R8Y735']",CHAMP1,Phosphorylation on S,471,0.8,4,5
27345,"['Q96JM3', 'A0A2R8Y735']",CHAMP1,Phosphorylation on S,476,0.93,27,29
27349,"['Q96JM3', 'A0A2R8Y735']",CHAMP1,Phosphorylation on S,505,0.8,8,10
27351,"['Q96JM3', 'A0A2R8Y735']",CHAMP1,Phosphorylation on T,537,0.78,7,9
27353,"['Q96JM3', 'A0A2R8Y735']",CHAMP1,Phosphorylation on S,566,0.86,6,7
27356,"['Q96JM3', 'A0A2R8Y735']",CHAMP1,Phosphorylation on S,603,0.83,10,12
27363,"['Q96JM3', 'A0A2R8Y735']",CHAMP1,Phosphorylation on S,653,0.62,8,13
27366,"['Q96JM3', 'A0A2R8Y735']",CHAMP1,Phosphorylation on S,87,1.0,8,8
27368,"['Q96JM3', 'A0A2R8Y735']",CHAMP1,Phosphorylation on S,108,0.73,22,30
27628,"['P49768', 'G3V3P0']",PSEN1,Phosphorylation on S,43,0.51,18,35
27636,"['P49768', 'G3V3P0']",PSEN1,Phosphorylation on S,366,0.69,9,13
27641,"['P49768', 'G3V3P0']",PSEN1,Phosphorylation on S,39,0.5,18,36
27664,"['J3QSV6', 'O76021']",RSL1D1,Phosphorylation on S,391,0.74,17,23
27668,"['J3QSV6', 'O76021']",RSL1D1,Phosphorylation on T,414,0.8,8,10
27670,"['J3QSV6', 'O76021']",RSL1D1,Phosphorylation on S,426,0.6,3,5
27691,"['J3QSV6', 'O76021']",RSL1D1,Phosphorylation on S,392,0.74,17,23
27694,"['J3QSV6', 'O76021']",RSL1D1,Phosphorylation on T,415,0.8,8,10
27696,"['J3QSV6', 'O76021']",RSL1D1,Phosphorylation on S,427,0.6,3,5
27698,"['J3QSV6', 'O76021']",RSL1D1,Phosphorylation on S,445,0.83,10,12
27699,"['J3QSV6', 'O76021']",RSL1D1,Phosphorylation on T,464,0.73,8,11
27701,"['J3QSV6', 'O76021']",RSL1D1,Phosphorylation on S,467,0.64,7,11
27726,['Q92994'],BRF1,Phosphorylation on S,548,0.71,5,7
28354,['Q9NR30'],DDX21,Phosphorylation on T,15,0.5,3,6
28359,['Q9NR30'],DDX21,Phosphorylation on S,65,0.54,19,35
28362,['Q9NR30'],DDX21,Phosphorylation on S,84,0.52,11,21
28364,['Q9NR30'],DDX21,Phosphorylation on T,115,1.0,6,6
28365,['Q9NR30'],DDX21,Phosphorylation on S,121,0.58,18,31
28370,['Q9NR30'],DDX21,Phosphorylation on T,315,0.54,7,13
28631,"['E9PBS1', 'P22234']",PAICS,Phosphorylation on S,27,0.57,8,14
28632,"['E9PBS1', 'P22234']",PAICS,Phosphorylation on T,105,0.6,3,5
28633,"['E9PBS1', 'P22234']",PAICS,Phosphorylation on S,107,1.0,5,5
28637,"['E9PBS1', 'P22234']",PAICS,Phosphorylation on T,238,0.6,3,5
28638,"['E9PBS1', 'P22234']",PAICS,N-acetylalanine on A,1,1.0,6,6
28640,"['E9PBS1', 'P22234']",PAICS,Phosphorylation on S,27,0.57,8,14
28644,"['E9PBS1', 'P22234']",PAICS,Phosphorylation on T,238,0.6,3,5
28646,['Q14684'],RRP1B,Phosphorylation on S,255,0.55,16,29
28649,['Q14684'],RRP1B,Phosphorylation on S,460,0.67,6,9
28650,['Q14684'],RRP1B,Phosphorylation on T,515,0.94,16,17
28651,['Q14684'],RRP1B,Phosphorylation on T,708,0.71,5,7
28652,['Q14684'],RRP1B,Phosphorylation on S,711,0.57,4,7
28654,['Q14684'],RRP1B,Phosphorylation on S,731,0.73,8,11
28992,"['H3BT22', 'Q9Y5N6']",ORC6,Phosphorylation on T,146,0.93,14,15
28993,"['H3BT22', 'Q9Y5N6']",ORC6,Phosphorylation on T,195,0.93,14,15
29000,"['G3V5Q1', 'P27695', 'G3V359', 'G3V5M0', 'G3V2D9']",APEX1,Phosphorylation on S,54,0.59,17,29
29007,"['G3V5Q1', 'P27695', 'G3V359', 'G3V5M0', 'G3V2D9']",APEX1,Phosphorylation on S,54,0.6,18,30
29008,"['G3V5Q1', 'P27695', 'G3V359', 'G3V5M0', 'G3V2D9']",APEX1,Methylation on R,156,0.67,4,6
29015,"['G3V5Q1', 'P27695', 'G3V359', 'G3V5M0', 'G3V2D9']",APEX1,Phosphorylation on S,37,0.59,17,29
29016,"['G3V5Q1', 'P27695', 'G3V359', 'G3V5M0', 'G3V2D9']",APEX1,Methylation on R,139,0.67,4,6
29023,"['G3V5Q1', 'P27695', 'G3V359', 'G3V5M0', 'G3V2D9']",APEX1,Phosphorylation on S,37,0.59,17,29
29024,"['G3V5Q1', 'P27695', 'G3V359', 'G3V5M0', 'G3V2D9']",APEX1,Methylation on R,139,0.67,4,6
29114,['O75151'],PHF2,Phosphorylation on S,474,1.0,10,10
29115,['O75151'],PHF2,Phosphorylation on T,479,0.7,7,10
29116,['O75151'],PHF2,Phosphorylation on S,537,0.75,6,8
29118,['O75151'],PHF2,Phosphorylation on S,625,1.0,6,6
29119,['O75151'],PHF2,Phosphorylation on T,654,1.0,5,5
29121,['O75151'],PHF2,Phosphorylation on S,853,0.71,5,7
29275,"['X6RI79', 'Q7Z333']",SETX,Phosphorylation on T,745,0.6,3,5
29278,"['X6RI79', 'Q7Z333']",SETX,Phosphorylation on S,922,0.55,6,11
29279,"['X6RI79', 'Q7Z333']",SETX,Phosphorylation on S,947,0.75,6,8
29284,"['X6RI79', 'Q7Z333']",SETX,Phosphorylation on S,1019,0.5,3,6
29285,"['X6RI79', 'Q7Z333']",SETX,Phosphorylation on S,1239,1.0,14,14
29287,"['X6RI79', 'Q7Z333']",SETX,Phosphorylation on S,1663,0.5,5,10
29288,"['X6RI79', 'Q7Z333']",SETX,Phosphorylation on S,1667,0.5,5,10
29563,['Q9NWY4'],HPF1,N-acetylmethionine on M,1,1.0,6,6
30330,"['Q6P4R8', 'E9PQ59']",NFRKB,Phosphorylation on S,226,0.6,3,5
30335,"['Q6P4R8', 'E9PQ59']",NFRKB,Phosphorylation on T,1288,0.82,9,11
30338,"['Q6P4R8', 'E9PQ59']",NFRKB,Phosphorylation on S,238,0.6,3,5
30608,['Q14692'],BMS1,Phosphorylation on S,504,0.75,6,8
30610,['Q14692'],BMS1,Phosphorylation on S,558,0.71,10,14
30682,"['G3V311', 'A1L390', 'G3V278']",PLEKHG3,Phosphorylation on S,119,0.8,8,10
30690,"['G3V311', 'A1L390', 'G3V278']",PLEKHG3,Phosphorylation on S,148,0.5,6,12
30692,"['G3V311', 'A1L390', 'G3V278']",PLEKHG3,Phosphorylation on S,246,0.94,15,16
30694,"['G3V311', 'A1L390', 'G3V278']",PLEKHG3,Phosphorylation on S,264,1.0,6,6
30695,"['G3V311', 'A1L390', 'G3V278']",PLEKHG3,Phosphorylation on S,467,0.83,5,6
30697,"['G3V311', 'A1L390', 'G3V278']",PLEKHG3,Phosphorylation on S,542,0.6,9,15
30707,"['G3V311', 'A1L390', 'G3V278']",PLEKHG3,Phosphorylation on S,614,0.8,8,10
30715,"['G3V311', 'A1L390', 'G3V278']",PLEKHG3,Phosphorylation on S,643,0.5,6,12
30717,"['G3V311', 'A1L390', 'G3V278']",PLEKHG3,Phosphorylation on S,741,0.91,10,11
30719,"['G3V311', 'A1L390', 'G3V278']",PLEKHG3,Phosphorylation on S,759,1.0,6,6
30720,"['G3V311', 'A1L390', 'G3V278']",PLEKHG3,Phosphorylation on S,962,0.83,5,6
30723,"['G3V311', 'A1L390', 'G3V278']",PLEKHG3,Phosphorylation on S,1037,0.53,8,15
30731,"['G3V311', 'A1L390', 'G3V278']",PLEKHG3,Phosphorylation on S,76,1.0,7,7
31251,['Q92997'],DVL3,Phosphorylation on T,695,0.83,5,6
31376,['Q14152'],EIF3A,Phosphorylation on S,884,0.88,15,17
31378,['Q14152'],EIF3A,Citrullination on R,1067,0.64,7,11
31381,['Q14152'],EIF3A,Phosphorylation on S,1188,0.71,10,14
31382,['Q14152'],EIF3A,Phosphorylation on S,1336,0.95,35,37
31533,"['G5E9M7', 'G5E9M9', 'Q14135']",VGLL4,Phosphorylation on S,58,1.0,5,5
31535,"['G5E9M7', 'G5E9M9', 'Q14135']",VGLL4,Phosphorylation on S,52,0.83,5,6
32068,"['E9PFE2', 'Q9UHL9']",GTF2IRD1,Phosphorylation on S,448,0.88,7,8
32069,"['E9PFE2', 'Q9UHL9']",GTF2IRD1,Phosphorylation on S,448,0.8,4,5
32117,['Q9ULL1'],PLEKHG1,Phosphorylation on S,610,0.8,4,5
32119,['Q9ULL1'],PLEKHG1,Phosphorylation on S,1192,0.86,6,7
33288,"['E9PM59', 'Q9H5J8']",TAF1D,Phosphorylation on S,138,0.83,5,6
33289,"['E9PM59', 'Q9H5J8']",TAF1D,Phosphorylation on S,206,0.5,3,6
33549,['Q96AT1'],KIAA1143,Phosphorylation on S,50,0.9,63,70
33607,['O95402'],MED26,Phosphorylation on S,299,0.67,4,6
33608,['O95402'],MED26,Phosphorylation on S,373,0.83,5,6
33611,['O95402'],MED26,Phosphorylation on S,447,0.75,9,12
34065,"['A0A3B3IUB9', 'Q9NR09']",BIRC6,Phosphorylation on S,426,0.86,6,7
34066,"['A0A3B3IUB9', 'Q9NR09']",BIRC6,Phosphorylation on S,480,1.0,5,5
34162,['Q8WXH2'],JPH3,Phosphorylation on S,420,0.71,5,7
34164,['Q8WXH2'],JPH3,Phosphorylation on S,669,0.8,4,5
34165,['Q8WXH2'],JPH3,Phosphorylation on S,670,1.0,5,5
34167,['Q8WXH2'],JPH3,Phosphorylation on S,710,1.0,7,7
34349,['Q9H4Z3'],PCIF1,Phosphorylation on S,19,0.5,3,6
34386,['Q96JM7'],L3MBTL3,Phosphorylation on S,610,0.61,23,38
34528,"['H7C2Q8', 'Q99848']",EBNA1BP2,Phosphorylation on S,264,0.57,4,7
34670,"['Q9H4M7', 'M0R0V1']",PLEKHA4,Phosphorylation on S,164,0.67,8,12
34671,"['Q9H4M7', 'M0R0V1']",PLEKHA4,Phosphorylation on S,184,0.5,6,12
34675,"['Q9H4M7', 'M0R0V1']",PLEKHA4,Phosphorylation on S,552,0.5,4,8
34676,"['Q9H4M7', 'M0R0V1']",PLEKHA4,Phosphorylation on S,559,0.5,4,8
34677,"['Q9H4M7', 'M0R0V1']",PLEKHA4,Phosphorylation on S,575,1.0,8,8
34678,"['Q9H4M7', 'M0R0V1']",PLEKHA4,Phosphorylation on T,580,0.62,5,8
34679,"['Q9H4M7', 'M0R0V1']",PLEKHA4,Phosphorylation on S,723,0.67,4,6
34681,"['Q9H4M7', 'M0R0V1']",PLEKHA4,Phosphorylation on S,9,0.5,4,8
34682,"['Q9H4M7', 'M0R0V1']",PLEKHA4,Phosphorylation on S,16,0.5,4,8
34683,"['Q9H4M7', 'M0R0V1']",PLEKHA4,Phosphorylation on S,32,1.0,8,8
34684,"['Q9H4M7', 'M0R0V1']",PLEKHA4,Phosphorylation on T,37,0.62,5,8
34917,"['A0A2R8Y8C6', 'Q8WXX7']",AUTS2,Phosphorylation on S,940,1.0,6,6
34919,"['A0A2R8Y8C6', 'Q8WXX7']",AUTS2,Phosphorylation on T,945,0.73,11,15
34920,"['A0A2R8Y8C6', 'Q8WXX7']",AUTS2,Phosphorylation on S,950,0.8,12,15
34921,"['A0A2R8Y8C6', 'Q8WXX7']",AUTS2,Phosphorylation on S,955,0.67,4,6
34922,"['A0A2R8Y8C6', 'Q8WXX7']",AUTS2,Phosphorylation on S,941,1.0,6,6
34924,"['A0A2R8Y8C6', 'Q8WXX7']",AUTS2,Phosphorylation on T,946,0.73,11,15
34925,"['A0A2R8Y8C6', 'Q8WXX7']",AUTS2,Phosphorylation on S,951,0.8,12,15
34926,"['A0A2R8Y8C6', 'Q8WXX7']",AUTS2,Phosphorylation on S,956,0.67,4,6
34983,['P05412'],JUN,Phosphorylation on T,62,0.9,27,30
34985,['P05412'],JUN,Phosphorylation on S,73,0.71,10,14
34989,['P05412'],JUN,Phosphorylation on S,243,0.68,15,22
34992,['P00519'],ABL1,Phosphorylation on Y,393,0.95,19,20
34993,['P00519'],ABL1,Phosphorylation on S,915,0.8,4,5
34994,['P00519'],ABL1,Phosphorylation on S,919,0.6,3,5
35079,['O75923'],DYSF,Phosphorylation on S,1829,0.83,5,6
35080,['O75923'],DYSF,Phosphorylation on T,1831,0.5,3,6
35189,"['A0A075B754', 'Q96QE3']",ATAD5,Phosphorylation on S,44,0.8,4,5
35190,"['A0A075B754', 'Q96QE3']",ATAD5,Phosphorylation on S,86,0.8,4,5
35195,"['A0A075B754', 'Q96QE3']",ATAD5,Phosphorylation on S,1222,1.0,13,13
35196,"['A0A075B754', 'Q96QE3']",ATAD5,Phosphorylation on S,86,0.8,4,5
35202,"['A0A075B754', 'Q96QE3']",ATAD5,Phosphorylation on S,1222,1.0,13,13
35433,"['D6R9X7', 'Q03468']",ERCC6,Phosphorylation on S,429,0.83,5,6
35434,"['D6R9X7', 'Q03468']",ERCC6,Phosphorylation on S,430,0.83,5,6
35435,"['D6R9X7', 'Q03468']",ERCC6,Phosphorylation on T,737,0.83,5,6
35436,"['D6R9X7', 'Q03468']",ERCC6,Phosphorylation on Y,741,0.67,4,6
35944,['Q13129'],RLF,Phosphorylation on S,632,0.92,12,13
35947,['Q13129'],RLF,Phosphorylation on S,1022,0.6,3,5
35952,['Q13129'],RLF,Phosphorylation on S,1628,0.57,4,7
36111,['P10075'],GLI4,Phosphorylation on S,89,1.0,6,6
36458,"['E7EX44', 'E9PGZ1', 'Q05682', 'C9JE79']",CALD1,Phosphorylation on S,553,1.0,6,6
36463,"['E7EX44', 'E9PGZ1', 'Q05682', 'C9JE79']",CALD1,Phosphorylation on S,196,0.79,11,14
36468,"['E7EX44', 'E9PGZ1', 'Q05682', 'C9JE79']",CALD1,Phosphorylation on S,202,1.0,8,8
36469,"['E7EX44', 'E9PGZ1', 'Q05682', 'C9JE79']",CALD1,Phosphorylation on S,789,1.0,5,5
36509,['Q9Y3T9'],NOC2L,Phosphorylation on S,49,0.81,42,52
36552,['O60701'],UGDH,Phosphorylation on T,91,0.83,5,6
36902,"['A0A087WXZ1', 'A0A0U1RQC9', 'P04637']",TP53,Phosphorylation on S,156,1.0,5,5
36903,"['A0A087WXZ1', 'A0A0U1RQC9', 'P04637']",TP53,Phosphorylation on S,276,1.0,5,5
36904,"['A0A087WXZ1', 'A0A0U1RQC9', 'P04637']",TP53,Phosphorylation on S,315,1.0,5,5
36993,"['K7EM05', 'Q8NC06']",ACBD4,Phosphorylation on S,166,0.86,6,7
36996,"['K7EM05', 'Q8NC06']",ACBD4,Phosphorylation on S,209,1.0,10,10
36998,"['K7EM05', 'Q8NC06']",ACBD4,Phosphorylation on S,166,0.86,6,7
37090,"['A0A087WZL0', 'Q86UU1']",PHLDB1,Phosphorylation on T,219,0.56,5,9
37091,"['A0A087WZL0', 'Q86UU1']",PHLDB1,Phosphorylation on S,220,0.56,5,9
37094,"['A0A087WZL0', 'Q86UU1']",PHLDB1,Phosphorylation on S,324,0.95,18,19
37096,"['A0A087WZL0', 'Q86UU1']",PHLDB1,Phosphorylation on T,338,0.86,6,7
37099,"['A0A087WZL0', 'Q86UU1']",PHLDB1,Phosphorylation on S,412,0.57,4,7
37101,"['A0A087WZL0', 'Q86UU1']",PHLDB1,Phosphorylation on S,419,0.6,3,5
37104,"['A0A087WZL0', 'Q86UU1']",PHLDB1,Phosphorylation on S,443,0.67,6,9
37106,"['A0A087WZL0', 'Q86UU1']",PHLDB1,Phosphorylation on S,564,1.0,5,5
37109,"['A0A087WZL0', 'Q86UU1']",PHLDB1,Phosphorylation on T,580,0.53,10,19
37113,"['A0A087WZL0', 'Q86UU1']",PHLDB1,Phosphorylation on S,963,1.0,5,5
37963,['O95125'],ZNF202,Phosphorylation on T,386,1.0,6,6
37964,['O95125'],ZNF202,Phosphorylation on T,387,0.67,4,6
37981,['Q6IBW4'],NCAPH2,Phosphorylation on S,288,0.55,17,31
38169,['Q5T5Y3'],CAMSAP1,Phosphorylation on T,1082,0.89,8,9
38187,['Q8N0Y2'],ZNF444,Phosphorylation on S,232,1.0,9,9
38630,['O95400'],CD2BP2,Phosphorylation on S,195,1.0,16,16
38705,"['H3BM89', 'P36578']",RPL4,Phosphorylation on S,201,1.0,7,7
38706,"['H3BM89', 'P36578']",RPL4,Hydroxylation on N,94,0.5,4,8
39060,['Q9C0A1'],ZFHX2,Phosphorylation on S,1425,0.78,7,9
39061,['Q9C0A1'],ZFHX2,Phosphorylation on S,1426,0.89,8,9
39294,"['Q96TC7', 'H0YNE5']",RMDN3,Phosphorylation on S,46,0.67,8,12
39297,"['Q96TC7', 'H0YNE5']",RMDN3,Nitrosylation on C,128,0.86,6,7
39299,"['Q96TC7', 'H0YNE5']",RMDN3,Phosphorylation on S,232,0.83,5,6
39300,"['Q96TC7', 'H0YNE5']",RMDN3,Phosphorylation on S,46,0.73,8,11
39822,"['O94916', 'J3KRL6']",NFAT5,Phosphorylation on S,229,0.57,12,21
39825,"['O94916', 'J3KRL6']",NFAT5,Phosphorylation on S,560,0.88,15,17
39840,['Q9NYV6'],RRN3,Phosphorylation on S,44,1.0,10,10
40264,"['F5H837', 'Q08999']",RBL2,Phosphorylation on T,327,0.83,5,6
40266,"['F5H837', 'Q08999']",RBL2,Phosphorylation on S,588,0.6,3,5
40268,"['F5H837', 'Q08999']",RBL2,Phosphorylation on S,614,0.5,3,6
40269,"['F5H837', 'Q08999']",RBL2,Phosphorylation on T,620,0.67,4,6
40271,"['F5H837', 'Q08999']",RBL2,Phosphorylation on T,401,0.83,5,6
40273,"['F5H837', 'Q08999']",RBL2,Phosphorylation on S,413,0.6,3,5
40276,"['F5H837', 'Q08999']",RBL2,Phosphorylation on S,662,0.6,3,5
40278,"['F5H837', 'Q08999']",RBL2,Phosphorylation on S,688,0.5,3,6
40279,"['F5H837', 'Q08999']",RBL2,Phosphorylation on T,694,0.67,4,6
40280,"['F5H837', 'Q08999']",RBL2,Phosphorylation on S,966,1.0,9,9
40281,"['F5H837', 'Q08999']",RBL2,Phosphorylation on S,1110,1.0,8,8
40405,"['F8VZ96', 'O60285']",NUAK1,Phosphorylation on S,103,0.67,6,9
40408,"['F8VZ96', 'O60285']",NUAK1,Phosphorylation on S,388,0.67,6,9
40692,['Q9Y3B9'],RRP15,N-acetylalanine on A,1,0.57,12,21
40693,['Q9Y3B9'],RRP15,Phosphorylation on S,8,0.9,19,21
41249,"['C9JFM2', 'C9JK00', 'Q6NV74']",KIAA1211L,Phosphorylation on S,912,0.71,5,7
41250,"['C9JFM2', 'C9JK00', 'Q6NV74']",KIAA1211L,Phosphorylation on S,919,0.86,6,7
41273,['O14978'],ZNF263,Phosphorylation on T,163,0.5,4,8
41470,['Q99698'],LYST,Phosphorylation on T,2122,1.0,5,5
41471,['Q99698'],LYST,Phosphorylation on S,2128,0.6,3,5
41591,['Q9NPE2'],NGRN,Phosphorylation on S,41,1.0,6,6
41687,['Q96JC9'],EAF1,Phosphorylation on S,29,1.0,7,7
41688,['Q96JC9'],EAF1,Phosphorylation on T,32,0.57,4,7
41689,['Q96JC9'],EAF1,Phosphorylation on S,158,1.0,12,12
41690,['Q96JC9'],EAF1,Phosphorylation on S,165,0.67,18,27
42491,"['E7EMD6', 'O43572']",AKAP10,Phosphorylation on S,187,1.0,7,7
42495,"['E7EMD6', 'O43572']",AKAP10,Phosphorylation on S,187,1.0,7,7
42507,['Q6PIJ6'],FBXO38,Phosphorylation on S,519,1.0,6,6
42574,"['F8VQZ9', 'Q00537', 'F8W1S5']",CDK17,Phosphorylation on S,137,1.0,10,10
42575,"['F8VQZ9', 'Q00537', 'F8W1S5']",CDK17,Phosphorylation on S,146,1.0,6,6
42791,"['A0A096LNU1', 'Q9H6K5']",PRR36,Phosphorylation on S,80,0.67,4,6
42795,"['A0A096LNU1', 'Q9H6K5']",PRR36,Phosphorylation on S,110,0.67,4,6
42799,"['A0A096LNU1', 'Q9H6K5']",PRR36,Phosphorylation on S,173,0.57,4,7
42916,"['H0Y9E6', 'Q9H3R5']",CENPH,Phosphorylation on T,33,0.62,5,8
42992,['Q9HCE5'],METTL14,Phosphorylation on S,399,1.0,15,15
43022,['Q9BVP2'],GNL3,Methylation on R,528,0.5,7,14
43167,['Q92979'],EMG1,N-acetylalanine on A,1,0.95,18,19
43168,['Q92979'],EMG1,Phosphorylation on S,5,0.89,17,19
43169,['Q92979'],EMG1,Phosphorylation on S,14,1.0,10,10
43204,['P07305'],H1F0,Phosphorylation on T,2,0.52,14,27
43206,['P07305'],H1F0,Phosphorylation on S,90,0.5,5,10
43207,['P07305'],H1F0,Phosphorylation on S,92,0.7,7,10
43208,['P07305'],H1F0,Phosphorylation on T,153,0.93,14,15
43415,"['H0YCR5', 'Q9BQC3']",DPH2,Phosphorylation on S,261,1.0,5,5
43440,"['I3L0U5', 'Q6PK04']",CCDC137,Phosphorylation on S,19,1.0,9,9
43448,['Q9BUU2'],METTL22,Phosphorylation on S,134,1.0,9,9
43482,"['Q9BRS8', 'H0YMC6']",LARP6,Phosphorylation on T,278,0.67,6,9
43485,"['Q9BRS8', 'H0YMC6']",LARP6,Phosphorylation on S,409,0.6,3,5
43488,"['Q9BRS8', 'H0YMC6']",LARP6,Phosphorylation on S,451,0.5,3,6
43559,['Q53GT1'],KLHL22,Phosphorylation on T,605,0.86,12,14
43840,['O75928'],PIAS2,Phosphorylation on S,499,0.56,5,9
44006,"['E5RG70', 'E5RJ88', 'E5RK47', 'Q9NV88', 'H0YBK3']",INTS9,Phosphorylation on T,563,0.71,5,7
44007,"['E5RG70', 'E5RJ88', 'E5RK47', 'Q9NV88', 'H0YBK3']",INTS9,Phosphorylation on S,564,0.71,5,7
44008,"['E5RG70', 'E5RJ88', 'E5RK47', 'Q9NV88', 'H0YBK3']",INTS9,Phosphorylation on T,37,0.71,5,7
44009,"['E5RG70', 'E5RJ88', 'E5RK47', 'Q9NV88', 'H0YBK3']",INTS9,Phosphorylation on S,38,0.71,5,7
44018,['P54253'],ATXN1,Phosphorylation on Y,87,0.6,3,5
44022,['P54253'],ATXN1,Phosphorylation on S,775,0.67,4,6
44023,['P54253'],ATXN1,Phosphorylation on S,779,0.5,3,6
44128,['Q9NVU0'],POLR3E,Phosphorylation on S,161,0.8,8,10
44129,['Q9NVU0'],POLR3E,Phosphorylation on S,162,0.8,8,10
44189,['Q13610'],PWP1,Phosphorylation on S,494,0.6,3,5
44689,['P16104'],H2AFX,Phosphorylation on T,121,0.5,6,12
45030,['Q6XZF7'],DNMBP,Phosphorylation on T,655,0.6,3,5
45031,['Q6XZF7'],DNMBP,Phosphorylation on S,659,0.8,4,5
45032,['Q6XZF7'],DNMBP,Phosphorylation on S,1407,0.89,8,9
45101,['Q9UBL3'],ASH2L,Phosphorylation on S,321,0.62,5,8
45102,['Q9UBL3'],ASH2L,Phosphorylation on S,623,1.0,9,9
45141,['Q9Y463'],DYRK1B,Phosphorylation on Y,273,1.0,5,5
45289,['A8MU93'],C17orf100,Phosphorylation on S,54,0.91,10,11
45292,['O75037'],KIF21B,Phosphorylation on Y,402,0.64,9,14
45294,['O75037'],KIF21B,Formylation on K,403,0.5,7,14
45299,['O75037'],KIF21B,Phosphorylation on S,1160,0.6,3,5
45300,['O75037'],KIF21B,Phosphorylation on T,1161,0.6,3,5
45898,['Q9UNL4'],ING4,Phosphorylation on S,145,0.6,3,5
45901,['Q9UNL4'],ING4,Phosphorylation on S,150,0.85,17,20
45958,['Q8NDL9'],AGBL5,Phosphorylation on S,539,1.0,6,6
45959,['Q8NDL9'],AGBL5,Phosphorylation on S,548,0.67,4,6
45960,['Q8NDL9'],AGBL5,Phosphorylation on S,841,0.88,7,8
46030,"['A0A0J9YWV4', 'X6RFI8']",RAB11FIP3,Phosphorylation on S,343,0.6,3,5
46033,"['A0A0J9YWV4', 'X6RFI8']",RAB11FIP3,Phosphorylation on S,343,0.6,3,5
46067,['Q15013'],MAD2L1BP,Phosphorylation on S,102,0.83,5,6
46252,['F8WA42'],SUMF2,Pyridoxal phosphate on K,308,0.89,8,9
46262,['Q9NWA0'],MED9,N-acetylalanine on A,1,0.67,8,12
46513,['Q13601'],KRR1,Phosphorylation on S,3,1.0,16,16
