,well_plate,wp_iscell,wp_isnuc,wp_iscyto,wp_ann
0,A01_55185977,True,False,False,Nucleus
1,A01_55195978,True,False,False,Cell
2,A01_55215982,True,False,False,nucleus
3,A01_55225983,False,True,False,Nucleus
4,A01_55235979,False,False,True,nucleus
5,A01_55245981,False,True,False,nucleus
6,A01_55335984,False,True,False,
7,A01_55345985,True,False,False,
8,A01_55355986,True,False,False,
9,A01_55365987,False,False,True,Cytosol
10,A01_55375988,True,False,False,Cell
11,A01_55385989,True,False,False,
12,A01_55395990,True,False,False,Cell
13,A01_55405991,True,False,False,Cell
14,A01_6719,True,False,False,
15,A01_6720,True,False,False,
16,A01_6722,False,True,False,
17,A01_6724,True,False,False,
18,A01_6725,True,False,False,
19,A01_6734,True,False,False,
20,A01_6735,True,False,False,
21,A01_6736,True,False,False,
22,A01_6745,True,False,False,
23,A01_75836284,True,False,False,
24,A01_75846286,False,True,False,
25,A02_55185977,True,False,False,Nucleus
26,A02_55195978,True,False,False,
27,A02_55205980,True,False,False,Cell
28,A02_55215982,True,False,False,
29,A02_55225983,True,False,False,Nucleus
30,A02_55235979,True,False,False,Cell
31,A02_55245981,True,False,False,nucleus
32,A02_55335984,True,False,False,Cell
33,A02_55345985,True,False,False,Cell
34,A02_55355986,False,True,False,nucleus
35,A02_55365987,False,True,False,Nucleus
36,A02_55375988,False,True,False,Nucleus
37,A02_55405991,False,True,False,Nucleus
38,A02_6719,False,False,True,
39,A02_6720,False,True,False,
40,A02_6722,True,False,False,
41,A02_6724,False,True,False,
42,A02_6731,True,False,False,
43,A02_6734,False,False,True,
44,A02_6735,False,False,True,
45,A02_6736,False,True,False,
46,A02_6745,True,False,False,
47,A02_75846286,True,False,False,Cell
48,A03_55185977,True,False,False,Cell
49,A03_55195978,True,False,False,Cell
50,A03_55205980,True,False,False,Cell
51,A03_55215982,False,True,False,
52,A03_55225983,False,True,False,
53,A03_55235979,False,False,True,Cytosol
54,A03_55245981,True,False,False,
55,A03_55345985,False,True,False,Nucleus
56,A03_55355986,True,False,False,Cell
57,A03_55365987,False,True,False,nucleus
58,A03_55375988,False,True,False,Nucleus
59,A03_55385989,False,True,True,
60,A03_55395990,True,False,False,Cell
61,A03_55405991,True,False,False,
62,A03_6719,True,False,False,
63,A03_6720,False,True,False,
64,A03_6721,True,False,False,
65,A03_6722,False,False,True,
66,A03_6731,True,False,False,
67,A03_6735,True,False,False,
68,A03_6745,True,False,False,
69,A03_75846286,False,True,False,nucleus
70,A04_55185977,True,False,False,Cell
71,A04_55195978,False,False,True,Cell
72,A04_55205980,False,True,False,Nucleus
73,A04_55215982,True,False,False,Cell
74,A04_55225983,True,False,False,Cell
75,A04_55235979,True,False,False,Cytosol
76,A04_55245981,False,True,False,Nucleus
77,A04_55335984,True,False,False,Cell
78,A04_55345985,True,False,False,Nucleus
79,A04_55355986,True,False,False,nucleus
80,A04_55365987,True,False,False,
81,A04_55375988,True,False,False,Nucleus
82,A04_55385989,False,True,True,
83,A04_55395990,False,True,False,nucleus
84,A04_55405991,True,False,False,Cell
85,A04_6717,True,False,False,
86,A04_6718,True,False,False,
87,A04_6719,True,False,False,
88,A04_6720,False,True,False,
89,A04_6722,False,True,False,
90,A04_6724,True,False,False,
91,A04_6734,True,False,False,
92,A04_6735,False,False,True,
93,A04_75836284,True,False,False,Cell
94,A05_55185977,True,False,False,Cell
95,A05_55195978,False,False,True,Cytosol
96,A05_55205980,True,False,False,Nucleus
97,A05_55215982,True,False,False,Nucleus
98,A05_55225983,True,False,False,Cell
99,A05_55235979,False,True,False,Nucleus
100,A05_55245981,True,False,False,
101,A05_55335984,True,False,False,Cell
102,A05_55345985,False,True,False,Nucleus
103,A05_55355986,False,True,False,Nucleus
104,A05_55365987,True,False,False,Cell
105,A05_55375988,True,False,False,nucleus
106,A05_55385989,True,False,False,cytosol
107,A05_55395990,False,True,False,nucleus
108,A05_55405991,True,False,False,Cell
109,A05_6717,True,False,False,
110,A05_6718,True,False,False,
111,A05_6719,False,False,True,
112,A05_6720,True,False,False,
113,A05_6721,True,False,False,
114,A05_6722,True,False,False,
115,A05_6725,True,False,False,
116,A05_6731,True,False,False,
117,A05_6734,False,False,True,
118,A05_6735,True,False,False,
119,A05_6736,True,False,False,
120,A05_75836284,False,True,False,
121,A05_75846286,True,False,False,
122,A06_55195978,True,False,False,Cell
123,A06_55205980,True,False,False,Cell
124,A06_55215982,True,False,False,Cell
125,A06_55225983,False,True,False,Nucleus
126,A06_55245981,True,False,False,Cell
127,A06_55335984,False,False,True,Cytosol
128,A06_55345985,False,True,False,Nucleus
129,A06_55355986,True,False,False,Nucleus
130,A06_55365987,True,False,False,
131,A06_55375988,False,True,False,Nucleus
132,A06_55385989,False,True,False,
133,A06_55395990,True,False,False,Nucleus
134,A06_55405991,True,False,False,Cell
135,A06_6717,False,True,False,
136,A06_6718,True,False,False,
137,A06_6719,True,False,False,
138,A06_6720,True,False,False,
139,A06_6722,True,False,False,
140,A06_6724,True,False,False,
141,A06_6725,True,False,False,
142,A06_6731,False,False,True,
143,A06_6734,True,False,False,
144,A06_6735,False,False,True,
145,A06_6736,True,False,False,
146,A06_75836284,True,False,False,
147,A06_75846286,True,False,False,Cell
148,A07_55185977,True,False,False,
149,A07_55195978,True,False,False,Nucleus
150,A07_55215982,False,True,False,nucleus
151,A07_55225983,True,False,False,Cell
152,A07_55235979,True,False,False,Cytosol
153,A07_55245981,True,False,False,Cell
154,A07_55335984,True,False,False,
155,A07_55345985,True,False,False,Cell
156,A07_55355986,False,False,True,Cytosol
157,A07_55365987,False,True,False,nucleus
158,A07_55375988,False,True,False,Nucleus
159,A07_55385989,True,False,False,Nucleus
160,A07_55395990,False,True,False,Nucleus
161,A07_55405991,False,True,False,nucleus
162,A07_6717,True,False,False,
163,A07_6718,False,True,False,
164,A07_6719,True,False,False,
165,A07_6720,True,False,False,
166,A07_6722,False,True,False,
167,A07_6724,True,False,False,
168,A07_6725,True,False,False,
169,A07_6731,True,False,False,
170,A07_6734,True,False,False,
171,A07_6735,True,False,False,
172,A07_6736,True,False,False,
173,A07_75836284,True,False,False,Cell
174,A07_75846286,False,False,True,Cytosol
175,A08_55185977,True,False,False,Cell
176,A08_55195978,True,False,False,Cell
177,A08_55205980,True,False,False,nucleus
178,A08_55215982,True,False,False,Cell
179,A08_55225983,True,False,False,Cell
180,A08_55235979,True,False,False,Nucleus
181,A08_55245981,True,False,False,Cell
182,A08_55335984,False,True,False,Nucleus
183,A08_55345985,True,False,False,Cell
184,A08_55355986,True,False,False,Nucleus
185,A08_55375988,True,False,False,Cell
186,A08_55385989,False,True,False,Nucleus
187,A08_55395990,True,False,False,Cell
188,A08_55405991,False,True,False,nucleus
189,A08_6717,True,False,False,
190,A08_6718,True,False,False,
191,A08_6719,True,False,False,
192,A08_6720,True,False,False,
193,A08_6721,True,False,False,
194,A08_6722,True,False,False,
195,A08_6724,True,False,False,
196,A08_6725,False,True,False,
197,A08_6731,False,True,False,
198,A08_6734,True,False,False,
199,A08_6735,True,False,False,
200,A08_6745,False,True,False,
201,A09_55185977,False,True,False,Nucleus
202,A09_55205980,True,False,False,Cytosol
203,A09_55215982,False,True,False,nucleus
204,A09_55225983,True,False,False,
205,A09_55245981,True,False,False,
206,A09_55335984,True,False,False,Nucleus
207,A09_55345985,False,True,False,Nucleus
208,A09_55355986,False,False,True,
209,A09_55365987,False,True,False,nucleus
210,A09_55385989,False,True,False,nucleus
211,A09_55395990,False,False,True,Cell
212,A09_55405991,True,False,False,Cell
213,A09_6717,True,False,False,
214,A09_6718,True,False,False,
215,A09_6719,False,True,False,
216,A09_6721,True,False,False,
217,A09_6722,False,False,True,
218,A09_6731,False,True,False,
219,A09_6734,True,False,False,
220,A09_6735,False,False,True,
221,A09_6736,True,False,False,
222,A09_75836284,False,False,True,cytosol
223,A10_55185977,False,True,False,
224,A10_55195978,True,False,False,Nucleus
225,A10_55205980,True,False,False,Cell
226,A10_55215982,True,False,False,Cell
227,A10_55225983,False,True,False,
228,A10_55235979,True,False,False,Cell
229,A10_55245981,True,False,False,
230,A10_55335984,False,True,False,nucleus
231,A10_55355986,True,False,False,Nucleus
232,A10_55365987,True,False,False,
233,A10_55375988,False,True,False,Nucleus
234,A10_55385989,False,False,True,cytosol
235,A10_55395990,True,False,False,nucleus
236,A10_55405991,True,False,False,Cell
237,A10_6717,True,False,False,
238,A10_6719,False,True,False,
239,A10_6722,False,True,False,
240,A10_6724,True,False,False,
241,A10_6725,False,True,False,
242,A10_6731,True,False,False,
243,A10_6734,True,False,False,
244,A10_6735,False,True,False,
245,A10_75836284,True,False,False,Cell
246,A11_55185977,False,False,True,Cytosol
247,A11_55195978,False,False,True,Cell
248,A11_55205980,True,False,False,Cell
249,A11_55215982,True,False,False,Nucleus
250,A11_55225983,True,False,False,
251,A11_55235979,True,False,False,
252,A11_55245981,True,False,False,Cell
253,A11_55335984,True,False,False,Nucleus
254,A11_55345985,True,False,False,Cell
255,A11_55355986,False,False,True,Cytosol
256,A11_55365987,True,False,False,Cell
257,A11_55375988,False,True,False,
258,A11_55385989,False,True,False,
259,A11_55395990,False,True,False,nucleus
260,A11_55405991,True,False,False,Cell
261,A11_6718,True,False,False,
262,A11_6720,False,False,True,
263,A11_6721,False,True,False,
264,A11_6724,False,False,True,
265,A11_6725,True,False,False,
266,A11_6731,True,False,False,
267,A11_6734,True,False,False,
268,A11_6735,True,False,False,
269,A11_6736,True,False,False,
270,A11_75836284,False,True,False,Nucleus
271,A12_55185977,True,False,False,Cell
272,A12_55195978,False,True,False,nucleus
273,A12_55205980,True,False,False,Cytosol
274,A12_55215982,True,False,False,Nucleus
275,A12_55225983,True,False,False,Nucleus
276,A12_55235979,False,False,True,cytosol
277,A12_55245981,False,False,True,
278,A12_55335984,True,False,False,Cell
279,A12_55345985,True,False,False,Nucleus
280,A12_55355986,True,False,False,
281,A12_55365987,True,False,False,Cell
282,A12_55375988,True,False,False,
283,A12_55385989,True,False,False,
284,A12_55395990,False,True,False,nucleus
285,A12_55405991,True,False,False,Cell
286,A12_6717,False,True,False,
287,A12_6718,True,False,False,
288,A12_6719,True,False,False,
289,A12_6722,True,False,False,
290,A12_6724,True,False,False,
291,A12_6725,True,False,False,
292,A12_6734,True,False,False,
293,A12_6736,False,True,False,
294,A12_75836284,True,False,False,
295,B01_55185977,False,True,False,nucleus
296,B01_55195978,False,False,True,cytosol
297,B01_55205980,True,False,False,Cell
298,B01_55225983,False,True,False,Nucleus
299,B01_55235979,True,False,False,nucleus
300,B01_55245981,False,False,True,
301,B01_55335984,True,False,False,Nucleus
302,B01_55345985,True,False,False,
303,B01_55355986,False,True,False,nucleus
304,B01_55365987,False,True,False,nucleus
305,B01_55375988,True,False,False,Cell
306,B01_55385989,False,False,True,
307,B01_55405991,False,False,True,Cytosol
308,B01_6717,False,True,False,
309,B01_6718,True,False,False,
310,B01_6721,True,False,False,
311,B01_6722,True,False,False,
312,B01_6724,True,False,False,
313,B01_6725,True,False,False,
314,B01_6731,True,False,False,
315,B01_6734,False,False,True,
316,B01_6735,False,True,False,
317,B01_6736,False,True,False,
318,B01_6745,False,False,True,
319,B01_75836284,False,True,False,
320,B02_55205980,True,False,False,
321,B02_55215982,False,True,False,nucleus
322,B02_55225983,True,False,False,nucleus
323,B02_55235979,True,False,False,nucleus
324,B02_55335984,False,True,False,nucleus
325,B02_55345985,True,False,False,Cell
326,B02_55355986,True,False,False,Cell
327,B02_55365987,True,False,False,Cell
328,B02_55375988,True,False,False,Nucleus
329,B02_55385989,True,False,False,Cell
330,B02_55395990,True,False,False,Nucleus
331,B02_55405991,True,False,False,Nucleus
332,B02_6717,True,False,False,
333,B02_6718,False,True,False,
334,B02_6719,False,True,False,
335,B02_6720,True,False,False,
336,B02_6721,True,False,False,
337,B02_6722,True,False,False,
338,B02_6724,False,True,False,
339,B02_6725,False,False,True,
340,B02_6731,True,False,False,
341,B02_6734,True,False,False,
342,B02_6735,True,False,False,
343,B02_6736,True,False,False,
344,B02_6745,False,False,True,
345,B02_75836284,True,False,False,Nucleus
346,B02_75846286,True,False,False,nucleus
347,B03_55185977,True,False,False,Cytosol
348,B03_55195978,True,False,False,Nucleus
349,B03_55215982,False,False,True,Cytosol
350,B03_55225983,False,True,False,Nucleus
351,B03_55235979,True,False,False,Cytosol
352,B03_55245981,False,False,True,Cell
353,B03_55335984,False,False,True,Cytosol
354,B03_55345985,False,True,False,nucleus
355,B03_55355986,False,False,True,Cell
356,B03_55365987,False,True,False,nucleus
357,B03_55375988,False,True,False,nucleus
358,B03_55385989,False,True,False,
359,B03_55395990,False,True,False,nucleus
360,B03_55405991,True,False,False,Cell
361,B03_6718,True,False,False,
362,B03_6719,True,False,False,
363,B03_6720,True,False,False,
364,B03_6721,False,False,True,
365,B03_6725,True,False,False,
366,B03_6731,True,False,False,
367,B03_6735,False,True,False,
368,B03_6736,False,True,False,
369,B03_6745,True,False,False,
370,B03_75846286,True,False,False,
371,B04_55185977,True,False,False,Cell
372,B04_55195978,True,False,False,
373,B04_55205980,True,False,False,nucleus
374,B04_55215982,True,False,False,Cell
375,B04_55225983,True,False,False,Cell
376,B04_55235979,True,False,False,
377,B04_55335984,True,False,False,Cell
378,B04_55345985,True,False,False,
379,B04_55355986,False,True,False,
380,B04_55365987,False,True,False,nucleus
381,B04_55375988,False,True,False,Nucleus
382,B04_55385989,False,True,False,Nucleus
383,B04_55395990,True,False,False,Cell
384,B04_55405991,True,False,False,Cell
385,B04_6718,False,True,False,
386,B04_6719,False,False,True,
387,B04_6720,False,True,False,
388,B04_6721,False,True,False,
389,B04_6724,True,False,False,
390,B04_6725,True,False,False,
391,B04_6731,False,True,False,
392,B04_6735,True,False,False,
393,B04_75836284,True,False,False,Cell
394,B04_75846286,False,True,False,
395,B05_55185977,True,False,False,Cell
396,B05_55195978,False,True,False,Nucleus
397,B05_55205980,False,True,False,Nucleus
398,B05_55215982,False,True,False,nucleus
399,B05_55225983,True,False,False,nucleus
400,B05_55235979,True,False,False,Cell
401,B05_55245981,True,False,False,
402,B05_55335984,False,True,False,
403,B05_55345985,True,False,False,Cell
404,B05_55355986,True,False,False,Cell
405,B05_55365987,True,False,False,Cell
406,B05_55375988,False,True,False,nucleus
407,B05_55385989,True,False,False,Cytosol
408,B05_55395990,False,True,False,nucleus
409,B05_55405991,False,True,False,nucleus
410,B05_6717,True,False,False,
411,B05_6718,True,False,False,
412,B05_6719,False,True,False,
413,B05_6721,False,True,False,
414,B05_6724,True,False,False,
415,B05_6725,True,False,False,
416,B05_6731,True,False,False,
417,B05_6734,True,False,False,
418,B05_6735,True,False,False,
419,B05_6736,False,False,True,
420,B05_6745,False,True,False,
421,B05_75836284,True,False,False,
422,B05_75846286,False,True,False,
423,B06_55185977,False,True,False,Nucleus
424,B06_55195978,False,True,False,Nucleus
425,B06_55205980,False,True,False,nucleus
426,B06_55215982,True,False,False,Nucleus
427,B06_55225983,False,True,False,nucleus
428,B06_55235979,True,False,False,Cell
429,B06_55245981,True,False,False,
430,B06_55335984,False,True,False,
431,B06_55345985,False,False,True,nucleus
432,B06_55355986,True,False,False,Nucleus
433,B06_55365987,False,True,False,Nucleus
434,B06_55375988,True,False,False,cytosol
435,B06_55385989,True,False,False,Cell
436,B06_55395990,False,True,False,nucleus
437,B06_55405991,True,False,False,nucleus
438,B06_6717,False,True,False,
439,B06_6718,True,False,False,
440,B06_6719,False,True,False,
441,B06_6720,False,False,True,
442,B06_6721,True,False,False,
443,B06_6722,False,True,False,
444,B06_6724,True,False,False,
445,B06_6725,False,True,True,
446,B06_6734,True,False,False,
447,B06_6735,True,False,False,
448,B06_6736,True,False,False,
449,B06_6745,True,False,False,
450,B06_75836284,True,False,False,Cell
451,B06_75846286,False,False,True,cytosol
452,B07_55185977,False,True,False,Nucleus
453,B07_55195978,True,False,False,Nucleus
454,B07_55205980,False,True,False,nucleus
455,B07_55215982,True,False,False,Nucleus
456,B07_55225983,True,False,False,Cell
457,B07_55235979,False,False,True,Cytosol
458,B07_55245981,False,True,False,Nucleus
459,B07_55335984,True,False,False,Cell
460,B07_55345985,True,False,False,Cell
461,B07_55355986,True,False,False,Cell
462,B07_55365987,False,False,True,cytosol
463,B07_55385989,True,False,False,Cell
464,B07_55395990,True,False,False,Cell
465,B07_55405991,False,True,False,nucleus
466,B07_6717,True,False,False,
467,B07_6720,True,False,False,
468,B07_6724,True,False,False,
469,B07_6731,True,False,False,
470,B07_6734,True,False,False,
471,B07_6735,False,False,True,
472,B07_6736,True,False,False,
473,B07_6745,True,False,False,
474,B07_75836284,False,False,True,
475,B07_75846286,True,False,False,Cell
476,B08_55185977,True,False,False,Cell
477,B08_55195978,True,False,False,Cell
478,B08_55205980,False,True,False,Nucleus
479,B08_55215982,True,False,False,Cell
480,B08_55225983,True,False,False,Cell
481,B08_55235979,False,False,True,
482,B08_55245981,True,False,False,
483,B08_55335984,False,True,False,Nucleus
484,B08_55345985,True,False,False,Cell
485,B08_55355986,True,False,False,Cell
486,B08_55365987,True,False,False,
487,B08_55375988,True,False,False,
488,B08_55385989,False,True,False,Nucleus
489,B08_55395990,False,True,False,nucleus
490,B08_55405991,False,True,False,Nucleus
491,B08_6720,True,False,False,
492,B08_6722,True,False,False,
493,B08_6724,True,False,False,
494,B08_6725,True,False,False,
495,B08_6734,True,False,False,
496,B08_6735,False,False,True,
497,B08_6736,True,False,False,
498,B08_6745,True,False,False,
499,B08_75836284,True,False,False,
500,B09_55185977,True,False,False,Cell
501,B09_55195978,True,False,False,nucleus
502,B09_55205980,False,True,False,nucleus
503,B09_55215982,True,False,False,nucleus
504,B09_55235979,False,True,False,Nucleus
505,B09_55245981,False,True,True,Cell
506,B09_55335984,True,False,False,Cell
507,B09_55345985,True,False,False,Cell
508,B09_55355986,True,False,False,Cell
509,B09_55365987,True,False,False,Cell
510,B09_55375988,True,False,False,Cytosol
511,B09_55385989,True,False,False,Cell
512,B09_55395990,False,True,False,Nucleus
513,B09_55405991,True,False,False,Cell
514,B09_6717,True,False,False,
515,B09_6718,True,False,False,
516,B09_6719,True,False,False,
517,B09_6720,True,False,False,
518,B09_6721,True,False,False,
519,B09_6722,True,False,False,
520,B09_6724,True,False,False,
521,B09_6725,True,False,False,
522,B09_6734,False,True,False,
523,B09_6735,False,False,True,
524,B09_6736,True,False,False,
525,B09_6745,False,False,True,
526,B09_75836284,False,False,True,
527,B10_55185977,False,False,True,Cytosol
528,B10_55195978,False,True,False,Nucleus
529,B10_55205980,True,False,False,Cell
530,B10_55215982,True,False,False,Cell
531,B10_55225983,True,False,False,Nucleus
532,B10_55235979,True,False,False,Cell
533,B10_55245981,True,False,False,Cell
534,B10_55335984,False,True,False,Nucleus
535,B10_55345985,False,False,True,Cytosol
536,B10_55355986,True,False,False,Nucleus
537,B10_55365987,True,False,False,Cell
538,B10_55375988,True,False,False,nucleus
539,B10_55385989,False,True,False,Nucleus
540,B10_55395990,False,True,False,nucleus
541,B10_55405991,True,False,False,Cell
542,B10_6717,True,False,False,
543,B10_6719,True,False,False,
544,B10_6721,False,False,True,
545,B10_6722,False,True,False,
546,B10_6724,True,False,False,
547,B10_6725,False,False,True,
548,B10_6731,True,False,False,
549,B10_6734,False,True,False,
550,B10_6736,False,True,True,
551,B10_6745,False,True,False,
552,B10_75836284,True,False,False,nucleus
553,B11_55185977,False,True,False,Nucleus
554,B11_55195978,False,True,False,nucleus
555,B11_55205980,False,False,True,Cytosol
556,B11_55215982,True,False,False,Cell
557,B11_55225983,True,False,False,Cell
558,B11_55235979,True,False,False,nucleus
559,B11_55245981,False,True,False,Nucleus
560,B11_55335984,False,False,True,Cytosol
561,B11_55345985,True,False,False,Cell
562,B11_55355986,True,False,False,nucleus
563,B11_55365987,False,True,False,nucleus
564,B11_55375988,True,False,False,Cell
565,B11_55385989,False,False,True,Cytosol
566,B11_55395990,False,True,False,nucleus
567,B11_6718,False,True,False,
568,B11_6720,False,True,False,
569,B11_6721,False,True,False,
570,B11_6731,True,False,False,
571,B11_6734,True,False,False,
572,B11_6735,False,False,True,
573,B11_6736,True,False,False,
574,B11_75836284,True,False,False,Nucleus
575,B12_55185977,True,False,False,
576,B12_55195978,False,False,True,
577,B12_55205980,True,False,False,Cell
578,B12_55215982,True,False,False,Cell
579,B12_55235979,False,False,True,Cytosol
580,B12_55335984,True,False,False,
581,B12_55345985,True,False,False,
582,B12_55355986,True,False,False,Nucleus
583,B12_55365987,True,False,False,nucleus
584,B12_55375988,True,False,False,Cell
585,B12_55385989,True,False,False,nucleus
586,B12_6717,False,True,False,
587,B12_6718,True,False,False,
588,B12_6719,True,False,False,
589,B12_6720,True,False,False,
590,B12_6725,True,False,False,
591,B12_6731,False,False,True,
592,B12_6734,True,False,False,
593,B12_75836284,True,False,False,Cell
594,C01_55185977,True,False,False,Cell
595,C01_55195978,False,False,True,
596,C01_55205980,False,True,False,nucleus
597,C01_55225983,True,False,False,nucleus
598,C01_55235979,True,False,False,nucleus
599,C01_55245981,True,False,False,Cell
600,C01_55335984,True,False,False,nucleus
601,C01_55345985,True,False,False,Cell
602,C01_55355986,True,False,False,Cell
603,C01_55365987,True,False,False,Cell
604,C01_55375988,True,False,False,Nucleus
605,C01_55385989,True,False,False,Cell
606,C01_55395990,False,True,False,nucleus
607,C01_55405991,False,False,True,Cytosol
608,C01_6718,False,True,False,
609,C01_6719,False,True,False,
610,C01_6720,True,False,False,
611,C01_6721,True,False,False,
612,C01_6722,False,False,True,
613,C01_6724,True,False,False,
614,C01_6731,True,False,False,
615,C01_6734,False,False,True,
616,C01_6735,False,False,True,
617,C01_6736,True,False,False,
618,C01_6745,True,False,False,
619,C01_75836284,True,False,False,Cell
620,C01_75846286,False,False,True,
621,C02_55185977,True,False,False,Cell
622,C02_55195978,True,False,False,Cell
623,C02_55205980,True,False,False,Cell
624,C02_55215982,False,True,False,Nucleus
625,C02_55225983,True,False,False,Cell
626,C02_55235979,True,False,False,
627,C02_55335984,False,True,False,nucleus
628,C02_55345985,False,True,False,
629,C02_55355986,False,True,False,Nucleus
630,C02_55365987,False,False,True,Cytosol
631,C02_55375988,True,False,False,Cytosol
632,C02_55385989,False,True,False,Nucleus
633,C02_55395990,False,True,False,
634,C02_55405991,True,False,False,Cell
635,C02_6718,False,True,False,
636,C02_6719,False,False,True,
637,C02_6720,True,False,False,
638,C02_6721,False,True,False,
639,C02_6722,True,False,False,
640,C02_6724,True,False,False,
641,C02_6725,False,False,True,
642,C02_6735,False,True,False,
643,C02_6745,True,False,False,
644,C02_75836284,True,False,False,Cell
645,C03_55185977,False,True,False,Nucleus
646,C03_55205980,True,False,False,
647,C03_55215982,False,True,False,nucleus
648,C03_55225983,True,False,False,Cell
649,C03_55235979,True,False,False,
650,C03_55245981,True,False,False,Cell
651,C03_55335984,True,False,False,Cell
652,C03_55345985,False,True,False,Nucleus
653,C03_55355986,True,False,False,Cell
654,C03_55365987,True,False,False,Cell
655,C03_55385989,True,False,False,Cell
656,C03_55395990,False,True,False,nucleus
657,C03_55405991,True,False,False,Cell
658,C03_6717,False,False,True,
659,C03_6718,False,True,False,
660,C03_6719,False,True,False,
661,C03_6720,False,True,False,
662,C03_6721,True,False,False,
663,C03_6722,False,False,True,
664,C03_6724,False,True,False,
665,C03_6725,False,True,False,
666,C03_6731,False,False,True,
667,C03_6734,True,False,False,
668,C03_6735,False,True,False,
669,C03_6736,True,False,False,
670,C03_6745,False,True,False,
671,C03_75836284,False,True,False,nucleus
672,C03_75846286,True,False,False,Cell
673,C04_55185977,True,False,False,Cell
674,C04_55195978,True,False,False,Cell
675,C04_55205980,False,False,True,Cytosol
676,C04_55215982,True,False,False,Cell
677,C04_55235979,True,False,False,
678,C04_55245981,False,True,False,Nucleus
679,C04_55335984,False,True,False,nucleus
680,C04_55345985,True,False,False,Cell
681,C04_55355986,True,False,False,Cell
682,C04_55365987,True,False,False,
683,C04_55375988,True,False,False,Cell
684,C04_55385989,True,False,False,Cell
685,C04_55395990,True,False,False,Nucleus
686,C04_55405991,True,False,False,Cell
687,C04_6717,True,False,False,
688,C04_6718,False,False,True,
689,C04_6719,True,False,False,
690,C04_6720,False,True,True,
691,C04_6721,True,False,False,
692,C04_6724,True,False,False,
693,C04_6725,True,False,False,
694,C04_6734,True,False,False,
695,C04_6736,True,False,False,
696,C04_6745,True,False,False,
697,C04_75836284,False,False,True,Cytosol
698,C04_75846286,True,False,False,
699,C05_55185977,True,False,False,Cell
700,C05_55205980,False,True,False,Nucleus
701,C05_55215982,True,False,False,Cell
702,C05_55225983,False,False,True,Cell
703,C05_55235979,False,True,False,Nucleus
704,C05_55245981,True,False,False,
705,C05_55335984,False,True,False,
706,C05_55345985,True,False,False,Cell
707,C05_55355986,False,True,False,nucleus
708,C05_55365987,False,False,True,cytosol
709,C05_55375988,False,True,False,
710,C05_55385989,True,False,False,Cell
711,C05_55395990,True,False,False,nucleus
712,C05_55405991,True,False,False,Cell
713,C05_6717,False,True,False,
714,C05_6718,False,True,False,
715,C05_6719,False,True,False,
716,C05_6720,True,False,False,
717,C05_6722,True,False,False,
718,C05_6724,False,False,True,
719,C05_6725,True,False,False,
720,C05_6734,True,False,False,
721,C05_6735,False,True,False,
722,C05_6736,True,False,False,
723,C05_6745,True,False,False,
724,C05_75836284,True,False,False,
725,C05_75846286,True,False,False,
726,C06_55185977,False,False,True,Cytosol
727,C06_55215982,False,True,False,
728,C06_55225983,True,False,False,Cell
729,C06_55245981,False,False,True,
730,C06_55345985,False,False,True,Cytosol
731,C06_55355986,False,True,False,nucleus
732,C06_55365987,False,True,False,Nucleus
733,C06_55375988,False,True,False,
734,C06_55385989,False,True,False,nucleus
735,C06_55395990,True,False,False,
736,C06_55405991,True,False,False,Cell
737,C06_6717,True,False,False,
738,C06_6720,False,True,False,
739,C06_6721,True,False,False,
740,C06_6722,True,False,False,
741,C06_6725,True,False,False,
742,C06_6731,True,False,False,
743,C06_6734,True,False,False,
744,C06_6735,True,False,False,
745,C06_6736,True,False,False,
746,C06_75836284,True,False,False,Cell
747,C06_75846286,False,False,True,Cytosol
748,C07_55185977,False,True,False,Nucleus
749,C07_55205980,True,False,False,Cell
750,C07_55215982,False,False,True,Cytosol
751,C07_55225983,False,False,True,
752,C07_55235979,True,False,False,Cell
753,C07_55335984,True,False,False,Cell
754,C07_55345985,True,False,False,Nucleus
755,C07_55355986,False,True,False,nucleus
756,C07_55365987,True,False,False,Cell
757,C07_55375988,True,False,False,Cell
758,C07_55385989,True,False,False,Cell
759,C07_55395990,True,False,False,Cytosol
760,C07_55405991,True,False,False,Cell
761,C07_6717,True,False,False,
762,C07_6718,True,False,False,
763,C07_6720,False,True,False,
764,C07_6721,True,False,False,
765,C07_6722,False,False,True,
766,C07_6724,True,False,False,
767,C07_6735,False,True,False,
768,C07_6736,True,False,False,
769,C07_6745,True,False,False,
770,C07_75836284,False,False,True,
771,C08_55185977,True,False,False,Cell
772,C08_55205980,True,False,False,Cell
773,C08_55215982,True,False,False,Cell
774,C08_55225983,True,False,False,Cytosol
775,C08_55235979,True,False,False,Cell
776,C08_55245981,True,False,False,Cell
777,C08_55335984,True,False,False,Cell
778,C08_55345985,True,False,False,Nucleus
779,C08_55355986,True,False,False,
780,C08_55365987,True,False,False,Cytosol
781,C08_55375988,False,False,True,Cytosol
782,C08_55385989,True,False,False,
783,C08_55395990,True,False,False,Nucleus
784,C08_55405991,False,False,True,cytosol
785,C08_6717,False,True,False,
786,C08_6718,True,False,False,
787,C08_6719,True,False,False,
788,C08_6720,True,False,False,
789,C08_6721,True,False,False,
790,C08_6722,True,False,False,
791,C08_6724,True,False,False,
792,C08_6734,True,False,False,
793,C08_6735,True,False,False,
794,C08_6745,True,False,False,
795,C08_75836284,False,True,True,
796,C09_55185977,False,False,True,Cytosol
797,C09_55205980,True,False,False,Cell
798,C09_55215982,False,True,False,Nucleus
799,C09_55225983,True,False,False,Cell
800,C09_55235979,False,True,False,nucleus
801,C09_55245981,False,True,False,nucleus
802,C09_55335984,False,True,False,Nucleus
803,C09_55345985,False,True,False,nucleus
804,C09_55355986,True,False,False,
805,C09_55365987,False,True,False,nucleus
806,C09_55375988,True,False,False,
807,C09_55385989,True,False,False,Cell
808,C09_55395990,True,False,False,nucleus
809,C09_55405991,True,False,False,Cell
810,C09_6717,True,False,False,
811,C09_6718,False,True,False,
812,C09_6719,True,False,False,
813,C09_6720,True,False,False,
814,C09_6721,False,False,True,
815,C09_6722,True,False,False,
816,C09_6724,True,False,False,
817,C09_6725,True,False,False,
818,C09_6734,True,False,False,
819,C09_6735,True,False,False,
820,C09_6736,False,True,False,
821,C09_6745,True,False,False,
822,C10_55185977,True,False,False,nucleus
823,C10_55195978,False,False,True,
824,C10_55205980,False,True,False,Nucleus
825,C10_55215982,True,False,False,Cytosol
826,C10_55225983,True,False,False,Cell
827,C10_55235979,True,False,False,Cell
828,C10_55245981,True,False,False,Nucleus
829,C10_55335984,True,False,False,
830,C10_55345985,True,False,False,Cell
831,C10_55355986,False,True,False,Nucleus
832,C10_55365987,True,False,False,Cell
833,C10_55375988,True,False,False,
834,C10_55385989,True,False,False,Cell
835,C10_55395990,True,False,False,
836,C10_55405991,False,True,False,Nucleus
837,C10_6717,False,True,False,
838,C10_6719,True,False,False,
839,C10_6720,True,False,False,
840,C10_6721,True,False,False,
841,C10_6722,True,False,False,
842,C10_6725,False,True,False,
843,C10_6731,False,False,True,
844,C10_6734,False,True,False,
845,C10_6735,True,False,False,
846,C10_6745,False,True,False,
847,C11_55185977,False,False,True,
848,C11_55195978,False,False,True,Cytosol
849,C11_55205980,True,False,False,Cell
850,C11_55215982,True,False,False,Nucleus
851,C11_55225983,True,False,False,Cell
852,C11_55235979,True,False,False,Cell
853,C11_55245981,True,False,False,
854,C11_55335984,False,True,False,
855,C11_55355986,False,True,False,Nucleus
856,C11_55365987,False,True,False,Nucleus
857,C11_55375988,False,True,False,
858,C11_55385989,False,True,False,Nucleus
859,C11_55395990,False,True,False,Nucleus
860,C11_55405991,False,True,False,Nucleus
861,C11_6717,True,False,False,
862,C11_6719,False,True,True,
863,C11_6720,False,True,False,
864,C11_6724,True,False,False,
865,C11_6734,True,False,False,
866,C11_6735,False,True,False,
867,C11_6736,True,False,False,
868,C11_75836284,True,False,False,
869,C12_55185977,False,False,True,Cell
870,C12_55195978,True,False,False,
871,C12_55205980,True,False,False,nucleus
872,C12_55215982,True,False,False,Cell
873,C12_55225983,True,False,False,Nucleus
874,C12_55235979,False,True,False,nucleus
875,C12_55245981,True,False,False,
876,C12_55335984,False,True,False,nucleus
877,C12_55345985,True,False,False,Cell
878,C12_55365987,False,True,False,Nucleus
879,C12_55385989,True,False,False,Cell
880,C12_6717,False,True,False,
881,C12_6718,False,False,True,
882,C12_6719,True,False,False,
883,C12_6722,True,False,False,
884,C12_6724,True,False,False,
885,C12_6734,True,False,False,
886,C12_6735,False,False,True,
887,D01_55195978,True,False,False,
888,D01_55205980,True,False,False,nucleus
889,D01_55215982,True,False,False,Cell
890,D01_55225983,True,False,False,Cell
891,D01_55235979,True,False,False,nucleus
892,D01_55245981,True,False,False,Cell
893,D01_55335984,False,True,False,nucleus
894,D01_55345985,False,False,True,
895,D01_55355986,True,False,False,Cell
896,D01_55365987,True,False,False,Cell
897,D01_55375988,True,False,False,
898,D01_55385989,False,True,False,
899,D01_55395990,True,False,False,Cell
900,D01_55405991,False,True,False,nucleus
901,D01_6719,False,False,True,
902,D01_6720,True,False,False,
903,D01_6721,True,False,False,
904,D01_6722,True,False,False,
905,D01_6724,True,False,False,
906,D01_6725,False,False,True,
907,D01_6735,False,False,True,
908,D01_6736,False,False,True,
909,D01_6745,True,False,False,
910,D01_75836284,False,True,False,nucleus
911,D02_55185977,False,True,False,Nucleus
912,D02_55195978,False,False,True,cytosol
913,D02_55205980,True,False,False,Cell
914,D02_55215982,False,True,False,nucleus
915,D02_55225983,True,False,False,Cell
916,D02_55235979,False,True,False,Nucleus
917,D02_55245981,False,True,False,Nucleus
918,D02_55335984,False,True,False,Nucleus
919,D02_55345985,False,True,False,nucleus
920,D02_55355986,True,False,False,
921,D02_55365987,False,True,False,
922,D02_55375988,True,False,False,Nucleus
923,D02_55385989,False,False,True,Cell
924,D02_55395990,False,True,False,Nucleus
925,D02_55405991,False,False,True,Cytosol
926,D02_6718,True,False,False,
927,D02_6719,True,False,False,
928,D02_6720,False,True,False,
929,D02_6721,False,True,False,
930,D02_6722,True,False,False,
931,D02_6724,True,False,False,
932,D02_6725,True,False,False,
933,D02_6734,False,False,True,
934,D02_6735,True,False,False,
935,D02_6736,True,False,False,
936,D02_6745,True,False,False,
937,D02_75846286,True,False,False,Cell
938,D03_55185977,True,False,False,Nucleus
939,D03_55195978,True,False,False,Cytosol
940,D03_55215982,True,False,False,Cell
941,D03_55225983,True,False,False,Cell
942,D03_55235979,False,True,False,Cell
943,D03_55245981,True,False,False,Cell
944,D03_55345985,False,True,False,nucleus
945,D03_55365987,True,False,False,Cell
946,D03_55375988,False,True,False,
947,D03_55385989,True,False,False,Cell
948,D03_55395990,True,False,False,Cell
949,D03_55405991,True,False,False,Cell
950,D03_6717,True,False,False,
951,D03_6718,True,False,False,
952,D03_6719,True,False,False,
953,D03_6721,False,False,True,
954,D03_6722,False,False,True,
955,D03_6724,True,False,False,
956,D03_6725,False,True,False,
957,D03_6731,True,False,False,
958,D03_6734,False,True,False,
959,D03_6736,True,False,False,
960,D03_6745,False,True,False,
961,D03_75836284,True,False,False,Cell
962,D03_75846286,True,False,False,
963,D04_55185977,True,False,False,Cell
964,D04_55195978,True,False,False,
965,D04_55205980,True,False,False,Cell
966,D04_55215982,False,True,False,
967,D04_55225983,False,True,False,nucleus
968,D04_55235979,True,False,False,Cytosol
969,D04_55245981,True,False,False,Cell
970,D04_55335984,False,False,True,
971,D04_55345985,True,False,False,Cell
972,D04_55355986,True,False,False,Cell
973,D04_55365987,True,False,False,nucleus
974,D04_55375988,True,False,False,Cell
975,D04_55385989,True,False,False,Cytosol
976,D04_55395990,True,False,False,Cell
977,D04_55405991,True,False,False,Cell
978,D04_6718,True,False,False,
979,D04_6719,True,False,False,
980,D04_6721,True,False,False,
981,D04_6722,True,False,False,
982,D04_6724,True,False,False,
983,D04_6725,False,True,False,
984,D04_6731,True,False,False,
985,D04_6734,False,False,True,
986,D04_6735,True,False,False,
987,D04_6736,True,False,False,
988,D04_6745,True,False,False,
989,D04_75836284,True,False,False,
990,D04_75846286,True,False,False,
991,D05_55195978,False,False,True,Cytosol
992,D05_55205980,True,False,False,Cell
993,D05_55215982,True,False,False,Cell
994,D05_55225983,True,False,False,
995,D05_55235979,False,True,False,
996,D05_55245981,False,True,False,Nucleus
997,D05_55335984,False,True,False,Nucleus
998,D05_55345985,True,False,False,nucleus
999,D05_55355986,False,True,False,Nucleus
1000,D05_55365987,True,False,False,
1001,D05_55375988,False,True,False,Nucleus
1002,D05_55385989,False,True,False,
1003,D05_55395990,True,False,False,Cell
1004,D05_55405991,True,False,False,Cell
1005,D05_6718,True,False,False,
1006,D05_6719,True,False,False,
1007,D05_6720,True,False,False,
1008,D05_6721,True,False,False,
1009,D05_6722,True,False,False,
1010,D05_6724,True,False,False,
1011,D05_6725,True,False,False,
1012,D05_6731,True,False,False,
1013,D05_6734,True,False,False,
1014,D05_6735,True,False,False,
1015,D05_6736,False,True,True,
1016,D05_75846286,True,False,False,Cell
1017,D06_55195978,True,False,False,Nucleus
1018,D06_55205980,True,False,False,
1019,D06_55225983,False,False,True,Cell
1020,D06_55235979,False,True,False,Nucleus
1021,D06_55245981,True,False,False,Nucleus
1022,D06_55335984,False,True,False,Nucleus
1023,D06_55345985,True,False,False,nucleus
1024,D06_55355986,False,True,False,Nucleus
1025,D06_55365987,True,False,False,Nucleus
1026,D06_55375988,False,True,False,
1027,D06_55385989,True,False,False,Cytosol
1028,D06_55395990,True,False,False,cytosol
1029,D06_55405991,False,True,False,nucleus
1030,D06_6717,False,True,False,
1031,D06_6718,True,False,False,
1032,D06_6719,True,False,False,
1033,D06_6720,True,False,False,
1034,D06_6721,True,False,False,
1035,D06_6722,False,True,False,
1036,D06_6724,True,False,False,
1037,D06_6725,False,True,False,
1038,D06_6734,False,False,True,
1039,D06_6735,False,False,True,
1040,D06_6736,True,False,False,
1041,D06_6745,False,True,False,
1042,D06_75836284,True,False,False,
1043,D06_75846286,True,False,False,
1044,D07_55195978,True,False,False,Cell
1045,D07_55205980,True,False,False,Cell
1046,D07_55215982,False,True,False,Nucleus
1047,D07_55225983,True,False,False,Cell
1048,D07_55235979,True,False,False,Nucleus
1049,D07_55245981,False,True,False,Nucleus
1050,D07_55335984,True,False,False,
1051,D07_55345985,True,False,False,
1052,D07_55355986,True,False,False,Cell
1053,D07_55365987,False,False,True,Cytosol
1054,D07_55375988,True,False,False,Cell
1055,D07_55385989,False,True,False,Cell
1056,D07_55395990,True,False,False,Cell
1057,D07_55405991,True,False,False,nucleus
1058,D07_6718,False,True,False,
1059,D07_6719,True,False,False,
1060,D07_6720,True,False,False,
1061,D07_6721,False,True,False,
1062,D07_6722,False,True,False,
1063,D07_6724,False,False,True,
1064,D07_6725,True,False,False,
1065,D07_6731,False,True,False,
1066,D07_6734,False,True,False,
1067,D07_6736,True,False,False,
1068,D07_6745,True,False,False,
1069,D07_75836284,True,False,False,Cell
1070,D08_55195978,False,False,True,Cytosol
1071,D08_55205980,True,False,False,Nucleus
1072,D08_55215982,True,False,False,Cell
1073,D08_55225983,False,True,False,nucleus
1074,D08_55235979,True,False,False,Nucleus
1075,D08_55245981,True,False,False,Cell
1076,D08_55335984,True,False,False,Cell
1077,D08_55345985,True,False,False,Cell
1078,D08_55355986,True,False,False,Cell
1079,D08_55365987,True,False,False,Cell
1080,D08_55375988,False,True,False,Nucleus
1081,D08_55385989,False,True,False,
1082,D08_55395990,True,False,False,Cell
1083,D08_55405991,False,True,False,nucleus
1084,D08_6718,False,True,False,
1085,D08_6720,True,False,False,
1086,D08_6721,False,True,False,
1087,D08_6722,False,True,False,
1088,D08_6724,True,False,False,
1089,D08_6725,True,False,False,
1090,D08_6731,False,False,True,
1091,D08_6734,False,False,True,
1092,D08_6735,True,False,False,
1093,D08_6736,False,True,False,
1094,D08_6745,True,False,False,
1095,D08_75836284,False,True,False,nucleus
1096,D09_55185977,True,False,False,Cell
1097,D09_55195978,True,False,False,Cytosol
1098,D09_55205980,True,False,False,Cell
1099,D09_55215982,False,True,False,nucleus
1100,D09_55225983,False,True,False,Nucleus
1101,D09_55235979,True,False,False,
1102,D09_55245981,False,True,False,nucleus
1103,D09_55335984,True,False,False,
1104,D09_55345985,False,True,False,Nucleus
1105,D09_55355986,True,False,False,Cell
1106,D09_55365987,False,True,False,Nucleus
1107,D09_55375988,True,False,False,Cell
1108,D09_55385989,True,False,False,Cell
1109,D09_55395990,False,False,True,Cytosol
1110,D09_55405991,True,False,False,Cell
1111,D09_6718,False,True,False,
1112,D09_6719,True,False,False,
1113,D09_6720,False,False,True,
1114,D09_6722,False,False,True,
1115,D09_6725,False,False,True,
1116,D09_6731,False,True,False,
1117,D09_6734,True,False,False,
1118,D09_6735,True,False,False,
1119,D09_6736,True,False,False,
1120,D09_6745,True,False,False,
1121,D09_75836284,True,False,False,Cell
1122,D10_55195978,True,False,False,Cell
1123,D10_55205980,False,True,False,nucleus
1124,D10_55215982,False,True,False,Nucleus
1125,D10_55225983,True,False,False,Cell
1126,D10_55235979,True,False,False,Cell
1127,D10_55245981,True,False,False,Cell
1128,D10_55335984,True,False,False,Cell
1129,D10_55345985,True,False,False,nucleus
1130,D10_55355986,True,False,False,Nucleus
1131,D10_55365987,False,False,True,nucleus
1132,D10_55375988,False,False,True,Nucleus
1133,D10_55385989,False,True,False,nucleus
1134,D10_6717,True,False,False,
1135,D10_6719,False,False,True,
1136,D10_6720,False,True,False,
1137,D10_6721,True,False,False,
1138,D10_6722,False,True,False,
1139,D10_6724,False,False,True,
1140,D10_6731,True,False,False,
1141,D10_6734,True,False,False,
1142,D10_6735,True,False,False,
1143,D10_6736,True,False,False,
1144,D10_75836284,True,False,False,
1145,D11_55185977,True,False,False,Cell
1146,D11_55205980,True,False,False,Nucleus
1147,D11_55215982,True,False,False,Cell
1148,D11_55225983,True,False,False,Cell
1149,D11_55235979,False,True,False,Nucleus
1150,D11_55245981,False,False,True,Cytosol
1151,D11_55335984,True,False,False,Cell
1152,D11_55345985,True,False,False,
1153,D11_55365987,False,False,True,Cytosol
1154,D11_55375988,True,False,False,
1155,D11_55385989,True,False,False,Cell
1156,D11_55395990,False,True,False,nucleus
1157,D11_55405991,True,False,False,Cell
1158,D11_6717,False,False,True,
1159,D11_6719,False,False,True,
1160,D11_6722,True,False,False,
1161,D11_6724,True,False,False,
1162,D11_6734,True,False,False,
1163,D11_6735,False,True,False,
1164,D11_6736,True,False,False,
1165,D11_75836284,True,False,False,Cell
1166,D12_55185977,True,False,False,Cell
1167,D12_55195978,True,False,False,Cell
1168,D12_55205980,False,True,False,nucleus
1169,D12_55215982,True,False,False,Cell
1170,D12_55225983,True,False,False,Cell
1171,D12_55235979,True,False,False,nucleus
1172,D12_55245981,False,False,True,Cell
1173,D12_55335984,True,False,False,Cell
1174,D12_55355986,False,False,True,Cell
1175,D12_55365987,True,False,False,Cell
1176,D12_55375988,False,True,False,Cell
1177,D12_55385989,True,False,False,Cell
1178,D12_55405991,True,False,False,Cell
1179,D12_6717,True,False,False,
1180,D12_6719,True,False,False,
1181,D12_6722,True,False,False,
1182,D12_6724,True,False,False,
1183,D12_6725,True,False,False,
1184,D12_6731,True,False,False,
1185,D12_6734,True,False,False,
1186,D12_6735,True,False,False,
1187,D12_6736,False,True,False,
1188,D12_75836284,False,False,True,Cytosol
1189,E01_55185977,True,False,False,Cell
1190,E01_55195978,False,True,False,Nucleus
1191,E01_55205980,False,False,True,Cell
1192,E01_55235979,True,False,False,Cell
1193,E01_55245981,True,False,False,Cell
1194,E01_55335984,True,False,False,Cell
1195,E01_55345985,True,False,False,nucleus
1196,E01_55365987,True,False,False,
1197,E01_55375988,True,False,False,
1198,E01_55385989,True,False,False,Cell
1199,E01_55395990,False,True,False,Nucleus
1200,E01_55405991,True,False,False,nucleus
1201,E01_6717,False,True,True,
1202,E01_6718,True,False,False,
1203,E01_6719,False,True,False,
1204,E01_6720,True,False,False,
1205,E01_6721,True,False,False,
1206,E01_6722,True,False,False,
1207,E01_6724,False,False,True,
1208,E01_6725,True,False,False,
1209,E01_6731,True,False,False,
1210,E01_6734,True,False,False,
1211,E01_6735,True,False,False,
1212,E01_6736,True,False,False,
1213,E01_6745,True,False,False,
1214,E01_75836284,True,False,False,Cell
1215,E01_75846286,True,False,False,Cell
1216,E02_55185977,True,False,False,Cell
1217,E02_55195978,True,False,False,Cell
1218,E02_55205980,True,False,False,nucleus
1219,E02_55215982,True,False,False,Cell
1220,E02_55225983,False,True,False,Nucleus
1221,E02_55235979,True,False,False,Cell
1222,E02_55245981,False,True,False,Nucleus
1223,E02_55335984,False,False,True,
1224,E02_55345985,True,False,False,
1225,E02_55355986,True,False,False,Cell
1226,E02_55365987,False,True,False,nucleus
1227,E02_55375988,False,True,False,Nucleus
1228,E02_55385989,False,True,False,Nucleus
1229,E02_55395990,False,True,False,Nucleus
1230,E02_55405991,True,False,False,nucleus
1231,E02_6717,True,False,False,
1232,E02_6718,True,False,False,
1233,E02_6719,True,False,False,
1234,E02_6720,True,False,False,
1235,E02_6721,False,True,False,
1236,E02_6724,False,True,False,
1237,E02_6725,True,False,False,
1238,E02_6731,True,False,False,
1239,E02_6734,False,False,True,
1240,E02_6735,True,False,False,
1241,E02_6745,True,False,False,
1242,E02_75846286,True,False,False,Cell
1243,E03_55185977,True,False,False,Cell
1244,E03_55195978,False,False,True,
1245,E03_55205980,True,False,False,nucleus
1246,E03_55215982,True,False,False,Cell
1247,E03_55225983,False,True,False,Cell
1248,E03_55235979,True,False,False,Cell
1249,E03_55245981,False,True,False,Nucleus
1250,E03_55335984,True,False,False,
1251,E03_55345985,True,False,False,Cell
1252,E03_55355986,False,True,False,
1253,E03_55365987,True,False,False,nucleus
1254,E03_55375988,True,False,False,nucleus
1255,E03_55385989,False,True,False,
1256,E03_55395990,True,False,False,
1257,E03_55405991,True,False,False,Cell
1258,E03_6719,True,False,False,
1259,E03_6720,False,True,False,
1260,E03_6722,False,False,True,
1261,E03_6725,True,False,False,
1262,E03_6731,True,False,False,
1263,E03_6734,False,True,False,
1264,E03_6735,True,False,False,
1265,E03_6736,True,False,False,
1266,E03_6745,True,False,False,
1267,E03_75836284,True,False,False,Cell
1268,E03_75846286,False,True,False,Nucleus
1269,E04_55195978,True,False,False,Cell
1270,E04_55205980,True,False,False,Cell
1271,E04_55225983,True,False,False,
1272,E04_55235979,False,True,False,Nucleus
1273,E04_55245981,True,False,False,Cell
1274,E04_55335984,True,False,False,Cell
1275,E04_55355986,False,True,False,Nucleus
1276,E04_55365987,False,True,False,
1277,E04_55375988,True,False,False,Cell
1278,E04_55385989,True,False,False,Nucleus
1279,E04_55395990,True,False,False,Cell
1280,E04_55405991,False,True,False,nucleus
1281,E04_6718,False,True,False,
1282,E04_6721,False,True,False,
1283,E04_6722,True,False,False,
1284,E04_6724,False,False,True,
1285,E04_6725,True,False,False,
1286,E04_6734,False,True,False,
1287,E04_6735,False,False,True,
1288,E04_6736,False,False,True,
1289,E04_75836284,True,False,False,Cell
1290,E05_55185977,False,False,True,Cytosol
1291,E05_55195978,True,False,False,Nucleus
1292,E05_55205980,False,True,False,Nucleus
1293,E05_55215982,True,False,False,Nucleus
1294,E05_55225983,False,True,False,
1295,E05_55235979,False,False,True,
1296,E05_55245981,True,False,False,Cell
1297,E05_55335984,True,False,False,Cell
1298,E05_55345985,False,True,False,nucleus
1299,E05_55355986,True,False,False,Cell
1300,E05_55365987,True,False,False,Cell
1301,E05_55375988,False,True,False,nucleus
1302,E05_55385989,True,False,False,Cytosol
1303,E05_55395990,False,True,False,
1304,E05_55405991,False,True,False,Nucleus
1305,E05_6717,True,False,False,
1306,E05_6718,True,False,False,
1307,E05_6720,False,True,False,
1308,E05_6721,True,False,False,
1309,E05_6722,False,False,True,
1310,E05_6724,False,True,False,
1311,E05_6725,True,False,False,
1312,E05_6734,True,False,False,
1313,E05_6735,False,False,True,
1314,E05_6736,True,False,False,
1315,E05_6745,True,False,False,
1316,E05_75836284,True,False,False,Cell
1317,E05_75846286,True,False,False,
1318,E06_55185977,False,True,False,nucleus
1319,E06_55215982,False,False,True,
1320,E06_55225983,True,False,False,Nucleus
1321,E06_55235979,True,False,False,Cell
1322,E06_55245981,True,False,False,Cell
1323,E06_55335984,False,True,False,Nucleus
1324,E06_55345985,True,False,False,Cell
1325,E06_55355986,True,False,False,Cell
1326,E06_55365987,True,False,False,Cell
1327,E06_55375988,True,False,False,Cell
1328,E06_55385989,True,False,False,
1329,E06_55395990,True,False,False,Cytosol
1330,E06_55405991,True,False,False,Cell
1331,E06_6717,True,False,False,
1332,E06_6718,True,False,False,
1333,E06_6719,False,False,True,
1334,E06_6720,True,False,False,
1335,E06_6722,False,True,False,
1336,E06_6724,False,True,False,
1337,E06_6725,False,True,False,
1338,E06_6734,True,False,False,
1339,E06_6735,False,False,True,
1340,E06_6736,True,False,False,
1341,E06_6745,False,True,False,
1342,E06_75836284,False,False,True,cytosol
1343,E06_75846286,True,False,False,
1344,E07_55185977,False,True,False,nucleus
1345,E07_55195978,True,False,False,
1346,E07_55205980,True,False,False,Cytosol
1347,E07_55225983,False,False,True,Cell
1348,E07_55235979,True,False,False,Cytosol
1349,E07_55245981,True,False,False,nucleus
1350,E07_55335984,False,True,False,Nucleus
1351,E07_55345985,True,False,False,nucleus
1352,E07_55355986,False,True,False,Nucleus
1353,E07_55365987,False,True,False,Nucleus
1354,E07_55375988,True,False,False,Cell
1355,E07_55385989,True,False,False,Cell
1356,E07_55395990,True,False,False,Cell
1357,E07_55405991,True,False,False,
1358,E07_6717,True,False,False,
1359,E07_6718,False,True,False,
1360,E07_6719,True,False,False,
1361,E07_6720,True,False,False,
1362,E07_6721,True,False,False,
1363,E07_6722,True,False,False,
1364,E07_6724,True,False,False,
1365,E07_6725,True,False,False,
1366,E07_6736,True,False,False,
1367,E07_6745,True,False,False,
1368,E07_75836284,True,False,False,Cell
1369,E08_55185977,False,True,False,Nucleus
1370,E08_55195978,False,False,True,nucleus
1371,E08_55205980,True,False,False,nucleus
1372,E08_55215982,True,False,False,Nucleus
1373,E08_55225983,True,False,False,Nucleus
1374,E08_55235979,True,False,False,Nucleus
1375,E08_55245981,False,True,False,Nucleus
1376,E08_55335984,False,True,False,Nucleus
1377,E08_55345985,False,False,True,Nucleus
1378,E08_55355986,True,False,False,
1379,E08_55365987,False,True,False,nucleus
1380,E08_55375988,False,True,False,Nucleus
1381,E08_55385989,False,False,True,Cytosol
1382,E08_55395990,False,True,False,nucleus
1383,E08_55405991,True,False,False,
1384,E08_6718,True,False,False,
1385,E08_6719,True,False,False,
1386,E08_6720,True,False,False,
1387,E08_6722,True,False,False,
1388,E08_6724,True,False,False,
1389,E08_6734,True,False,False,
1390,E08_6736,True,False,False,
1391,E08_6745,True,False,False,
1392,E08_75836284,False,True,False,nucleus
1393,E09_55185977,False,False,True,
1394,E09_55195978,True,False,False,Nucleus
1395,E09_55205980,False,True,False,nucleus
1396,E09_55215982,False,True,False,nucleus
1397,E09_55225983,True,False,False,Nucleus
1398,E09_55235979,True,False,False,
1399,E09_55245981,True,False,False,Cell
1400,E09_55335984,False,True,False,nucleus
1401,E09_55345985,True,False,False,Cell
1402,E09_55365987,True,False,False,Cell
1403,E09_55375988,False,True,False,nucleus
1404,E09_55385989,True,False,False,Cytosol
1405,E09_55395990,True,False,False,
1406,E09_55405991,True,False,False,Cell
1407,E09_6717,False,True,False,
1408,E09_6718,True,False,False,
1409,E09_6719,False,True,False,
1410,E09_6720,True,False,False,
1411,E09_6721,True,False,False,
1412,E09_6722,True,False,False,
1413,E09_6724,False,False,True,
1414,E09_6725,True,False,False,
1415,E09_6734,True,False,False,
1416,E09_6735,True,False,False,
1417,E09_6745,True,False,False,
1418,E09_75836284,True,False,False,Cell
1419,E10_55185977,False,True,False,Nucleus
1420,E10_55195978,False,True,False,
1421,E10_55205980,True,False,False,Cell
1422,E10_55215982,True,False,False,Cell
1423,E10_55225983,True,False,False,Nucleus
1424,E10_55235979,False,True,False,nucleus
1425,E10_55245981,False,True,False,
1426,E10_55335984,True,False,False,Cell
1427,E10_55345985,True,False,False,Cell
1428,E10_55355986,True,False,False,Cell
1429,E10_55365987,True,False,False,
1430,E10_55375988,False,True,False,nucleus
1431,E10_55385989,False,False,True,Cytosol
1432,E10_55395990,False,True,False,Nucleus
1433,E10_55405991,False,True,False,Nucleus
1434,E10_6718,True,False,False,
1435,E10_6719,True,False,False,
1436,E10_6720,True,False,False,
1437,E10_6721,True,False,False,
1438,E10_6724,True,False,False,
1439,E10_6725,True,False,False,
1440,E10_6731,True,False,False,
1441,E10_6734,True,False,False,
1442,E10_6736,True,False,False,
1443,E10_6745,True,False,False,
1444,E10_75836284,True,False,False,Cell
1445,E11_55185977,False,True,False,Nucleus
1446,E11_55205980,True,False,False,Cytosol
1447,E11_55215982,True,False,False,Cell
1448,E11_55225983,False,True,False,Nucleus
1449,E11_55245981,False,True,False,
1450,E11_55335984,True,False,False,Cell
1451,E11_55345985,False,True,False,nucleus
1452,E11_55365987,True,False,False,nucleus
1453,E11_55375988,True,False,False,
1454,E11_55385989,False,True,False,
1455,E11_6718,False,True,False,
1456,E11_6719,True,False,False,
1457,E11_6720,False,True,False,
1458,E11_6724,False,False,True,
1459,E11_6731,True,False,False,
1460,E11_6734,True,False,False,
1461,E11_6736,False,True,False,
1462,E11_75836284,False,False,True,cytosol
1463,E12_55185977,True,False,False,
1464,E12_55195978,True,False,False,
1465,E12_55205980,False,False,True,
1466,E12_55215982,True,False,False,Nucleus
1467,E12_55225983,True,False,False,Cell
1468,E12_55235979,True,False,False,
1469,E12_55245981,False,False,True,Cytosol
1470,E12_55335984,True,False,False,Cell
1471,E12_55345985,True,False,False,Cell
1472,E12_55355986,True,False,False,Cell
1473,E12_55365987,True,False,False,nucleus
1474,E12_55375988,False,True,False,
1475,E12_55385989,True,False,False,Cell
1476,E12_55395990,True,False,False,Cell
1477,E12_6718,True,False,False,
1478,E12_6719,True,False,False,
1479,E12_6720,False,True,False,
1480,E12_6721,True,False,False,
1481,E12_6722,True,False,False,
1482,E12_6724,True,False,False,
1483,E12_6734,True,False,False,
1484,E12_75836284,True,False,False,
1485,F01_55185977,True,False,False,Cell
1486,F01_55195978,False,True,False,nucleus
1487,F01_55205980,False,True,False,Nucleus
1488,F01_55215982,True,False,False,Cell
1489,F01_55225983,False,True,False,Nucleus
1490,F01_55235979,True,False,False,Cell
1491,F01_55245981,True,False,False,
1492,F01_55335984,True,False,False,Cell
1493,F01_55345985,False,False,True,Cytosol
1494,F01_55355986,True,False,False,Cell
1495,F01_55365987,False,True,False,nucleus
1496,F01_55375988,False,False,True,Cytosol
1497,F01_55385989,True,False,False,Cell
1498,F01_55395990,True,False,False,Cell
1499,F01_55405991,True,False,False,Cell
1500,F01_6718,False,True,True,
1501,F01_6719,False,False,True,
1502,F01_6720,True,False,False,
1503,F01_6722,False,False,True,
1504,F01_6724,False,False,True,
1505,F01_6731,True,False,False,
1506,F01_6734,False,False,True,
1507,F01_6735,True,False,False,
1508,F01_6736,True,False,False,
1509,F01_6745,False,False,True,
1510,F01_75836284,True,False,False,Cell
1511,F01_75846286,False,True,False,nucleus
1512,F02_55185977,True,False,False,Cell
1513,F02_55195978,True,False,False,
1514,F02_55205980,True,False,False,nucleus
1515,F02_55215982,True,False,False,nucleus
1516,F02_55225983,True,False,False,Cell
1517,F02_55235979,True,False,False,Cell
1518,F02_55245981,False,True,False,Nucleus
1519,F02_55335984,False,True,False,nucleus
1520,F02_55345985,False,False,True,Cytosol
1521,F02_55355986,True,False,False,nucleus
1522,F02_55365987,True,False,False,
1523,F02_55375988,True,False,False,
1524,F02_55385989,False,True,False,Cell
1525,F02_55395990,False,True,False,Nucleus
1526,F02_55405991,True,False,False,Cell
1527,F02_6717,False,True,False,
1528,F02_6718,True,False,False,
1529,F02_6719,True,False,False,
1530,F02_6720,True,False,False,
1531,F02_6721,False,False,True,
1532,F02_6722,True,False,False,
1533,F02_6724,True,False,False,
1534,F02_6725,True,False,False,
1535,F02_6731,True,False,False,
1536,F02_6735,False,True,False,
1537,F02_6745,True,False,False,
1538,F02_75836284,True,False,False,Cell
1539,F02_75846286,False,True,False,Nucleus
1540,F03_55185977,True,False,False,
1541,F03_55205980,True,False,False,Cytosol
1542,F03_55215982,False,False,True,cytosol
1543,F03_55225983,True,False,False,Cell
1544,F03_55235979,False,False,True,Cytosol
1545,F03_55245981,True,False,False,Cell
1546,F03_55335984,True,False,False,Cell
1547,F03_55345985,False,True,False,
1548,F03_55355986,False,True,False,nucleus
1549,F03_55365987,False,True,False,Nucleus
1550,F03_55375988,False,False,True,cytosol
1551,F03_55385989,False,True,False,Nucleus
1552,F03_55395990,True,False,False,Cell
1553,F03_55405991,True,False,False,nucleus
1554,F03_6719,True,False,False,
1555,F03_6721,True,False,False,
1556,F03_6722,False,False,True,
1557,F03_6724,True,False,False,
1558,F03_6725,True,False,False,
1559,F03_6731,True,False,False,
1560,F03_6735,True,False,False,
1561,F03_6736,False,True,False,
1562,F03_6745,True,False,False,
1563,F03_75836284,False,False,True,Cytosol
1564,F03_75846286,False,True,False,
1565,F04_55185977,False,True,False,Nucleus
1566,F04_55195978,False,True,False,nucleus
1567,F04_55235979,True,False,False,Cell
1568,F04_55245981,False,True,False,Nucleus
1569,F04_55335984,True,False,False,Cell
1570,F04_55355986,True,False,False,Cell
1571,F04_55365987,True,False,False,
1572,F04_55375988,False,True,False,Nucleus
1573,F04_55385989,False,True,False,Nucleus
1574,F04_55395990,False,True,False,nucleus
1575,F04_55405991,True,False,False,nucleus
1576,F04_6717,False,False,True,
1577,F04_6719,False,True,False,
1578,F04_6720,False,True,False,
1579,F04_6721,False,True,False,
1580,F04_6724,True,False,False,
1581,F04_6725,True,False,False,
1582,F04_6731,False,False,True,
1583,F04_6734,False,False,True,
1584,F04_6735,False,False,True,
1585,F04_6736,False,True,False,
1586,F04_6745,True,False,False,
1587,F04_75846286,True,False,False,Cell
1588,F05_55185977,True,False,False,nucleus
1589,F05_55195978,True,False,False,Cell
1590,F05_55205980,True,False,False,
1591,F05_55215982,True,False,False,nucleus
1592,F05_55225983,True,False,False,Cell
1593,F05_55245981,True,False,False,Cell
1594,F05_55335984,True,False,False,Nucleus
1595,F05_55345985,True,False,False,Nucleus
1596,F05_55355986,False,True,False,nucleus
1597,F05_55365987,True,False,False,Cell
1598,F05_55375988,True,False,False,cytosol
1599,F05_55385989,False,True,False,Nucleus
1600,F05_55395990,True,False,False,Cell
1601,F05_55405991,False,True,False,Nucleus
1602,F05_6717,False,True,False,
1603,F05_6718,True,False,False,
1604,F05_6719,False,True,False,
1605,F05_6720,True,False,False,
1606,F05_6724,True,False,False,
1607,F05_6731,True,False,False,
1608,F05_6734,True,False,False,
1609,F05_6736,False,True,False,
1610,F05_6745,True,False,False,
1611,F05_75836284,True,False,False,
1612,F05_75846286,True,False,False,Cytosol
1613,F06_55205980,True,False,False,
1614,F06_55215982,True,False,False,Cell
1615,F06_55225983,False,True,False,nucleus
1616,F06_55235979,True,False,False,Cell
1617,F06_55245981,False,True,False,Nucleus
1618,F06_55335984,True,False,False,Nucleus
1619,F06_55345985,False,True,False,Nucleus
1620,F06_55355986,True,False,False,Cell
1621,F06_55365987,False,False,True,Cytosol
1622,F06_55375988,False,True,False,nucleus
1623,F06_55385989,True,False,False,Cell
1624,F06_55395990,True,False,False,Nucleus
1625,F06_55405991,False,True,False,nucleus
1626,F06_6718,False,True,False,
1627,F06_6719,False,True,False,
1628,F06_6720,True,False,False,
1629,F06_6722,True,False,False,
1630,F06_6724,True,False,False,
1631,F06_6731,True,False,False,
1632,F06_6734,True,False,False,
1633,F06_6735,False,False,True,
1634,F06_6736,True,False,False,
1635,F06_75836284,False,True,False,Nucleus
1636,F06_75846286,True,False,False,
1637,F07_55185977,True,False,False,Cell
1638,F07_55195978,False,True,False,Nucleus
1639,F07_55205980,False,False,True,cytosol
1640,F07_55215982,False,True,False,
1641,F07_55225983,True,False,False,Cell
1642,F07_55235979,False,False,True,Cytosol
1643,F07_55245981,False,True,False,Nucleus
1644,F07_55335984,False,True,False,
1645,F07_55345985,False,True,False,Nucleus
1646,F07_55355986,True,False,False,Cell
1647,F07_55365987,False,True,False,Nucleus
1648,F07_55375988,True,False,False,
1649,F07_55385989,False,True,False,Nucleus
1650,F07_55395990,False,True,False,nucleus
1651,F07_55405991,True,False,False,nucleus
1652,F07_6717,False,True,False,
1653,F07_6718,False,True,False,
1654,F07_6720,False,False,True,
1655,F07_6721,False,True,False,
1656,F07_6722,True,False,False,
1657,F07_6724,False,False,True,
1658,F07_6725,False,True,False,
1659,F07_6734,False,True,False,
1660,F07_6735,True,False,False,
1661,F07_6736,True,False,False,
1662,F07_6745,True,False,False,
1663,F08_55185977,True,False,False,Cell
1664,F08_55195978,True,False,False,
1665,F08_55205980,False,False,True,cytosol
1666,F08_55215982,True,False,False,Cell
1667,F08_55225983,False,False,True,Cytosol
1668,F08_55235979,True,False,False,Cell
1669,F08_55245981,True,False,False,Cell
1670,F08_55345985,True,False,False,nucleus
1671,F08_55355986,True,False,False,Cell
1672,F08_55365987,False,True,False,Nucleus
1673,F08_55375988,True,False,False,Cytosol
1674,F08_55385989,True,False,False,nucleus
1675,F08_55395990,True,False,False,Cell
1676,F08_6718,False,True,False,
1677,F08_6719,True,False,False,
1678,F08_6720,True,False,False,
1679,F08_6721,True,False,False,
1680,F08_6724,True,False,False,
1681,F08_6725,False,True,False,
1682,F08_6731,False,False,True,
1683,F08_6735,True,False,False,
1684,F08_6745,False,True,False,
1685,F08_75836284,True,False,False,Cell
1686,F09_55195978,False,False,True,
1687,F09_55215982,True,False,False,nucleus
1688,F09_55235979,True,False,False,Cell
1689,F09_55245981,True,False,False,cytosol
1690,F09_55335984,True,False,False,Cell
1691,F09_55345985,False,False,True,Cytosol
1692,F09_55365987,True,False,False,nucleus
1693,F09_55375988,False,True,False,Nucleus
1694,F09_55385989,True,False,False,Cell
1695,F09_55395990,True,False,False,Cell
1696,F09_6719,False,False,True,
1697,F09_6720,True,False,False,
1698,F09_6722,False,True,True,
1699,F09_6724,True,False,False,
1700,F09_6731,False,True,False,
1701,F09_6734,False,True,False,
1702,F09_6735,True,False,False,
1703,F09_6736,False,True,False,
1704,F09_75836284,False,False,True,Cytosol
1705,F10_55185977,True,False,False,
1706,F10_55195978,False,True,False,nucleus
1707,F10_55215982,True,False,False,
1708,F10_55225983,True,False,False,Nucleus
1709,F10_55235979,True,False,False,Cell
1710,F10_55245981,False,False,True,nucleus
1711,F10_55335984,True,False,False,
1712,F10_55345985,False,False,True,nucleus
1713,F10_55355986,False,True,False,nucleus
1714,F10_55365987,True,False,False,Cell
1715,F10_55375988,False,True,False,nucleus
1716,F10_55385989,False,True,False,nucleus
1717,F10_55395990,False,False,True,Cell
1718,F10_55405991,True,False,False,Cell
1719,F10_6717,False,True,False,
1720,F10_6718,False,True,False,
1721,F10_6719,True,False,False,
1722,F10_6720,True,False,False,
1723,F10_6721,True,False,False,
1724,F10_6722,True,False,False,
1725,F10_6724,True,False,False,
1726,F10_6725,True,False,False,
1727,F10_6731,True,False,False,
1728,F10_6734,False,True,False,
1729,F10_6735,True,False,False,
1730,F10_6736,True,False,False,
1731,F11_55185977,True,False,False,Cell
1732,F11_55195978,True,False,False,Cell
1733,F11_55205980,False,False,True,cytosol
1734,F11_55215982,False,True,False,nucleus
1735,F11_55225983,True,False,False,Nucleus
1736,F11_55235979,True,False,False,
1737,F11_55245981,False,True,False,Nucleus
1738,F11_55335984,False,False,True,Cytosol
1739,F11_55345985,True,False,False,nucleus
1740,F11_55355986,True,False,False,
1741,F11_55365987,True,False,False,
1742,F11_55375988,True,False,False,
1743,F11_55385989,True,False,False,nucleus
1744,F11_55395990,False,False,True,Nucleus
1745,F11_55405991,False,True,False,Nucleus
1746,F11_6718,False,True,False,
1747,F11_6720,True,False,False,
1748,F11_6722,False,False,True,
1749,F11_6724,False,True,True,
1750,F11_6725,True,False,False,
1751,F11_6735,True,False,False,
1752,F11_6736,True,False,False,
1753,F11_75836284,True,False,False,
1754,F12_55185977,True,False,False,Cell
1755,F12_55195978,True,False,False,Cell
1756,F12_55205980,False,True,False,nucleus
1757,F12_55215982,False,False,True,Cytosol
1758,F12_55235979,True,False,False,
1759,F12_55335984,True,False,False,Cell
1760,F12_55345985,True,False,False,Cell
1761,F12_55355986,False,True,False,
1762,F12_55365987,True,False,False,Nucleus
1763,F12_55375988,True,False,False,
1764,F12_55385989,False,True,False,
1765,F12_55395990,True,False,False,Cell
1766,F12_55405991,True,False,False,Cell
1767,F12_6717,True,False,False,
1768,F12_6718,False,False,True,
1769,F12_6719,True,False,False,
1770,F12_6721,False,False,True,
1771,F12_6722,True,False,False,
1772,F12_6724,True,False,False,
1773,F12_6725,True,False,False,
1774,F12_6734,True,False,False,
1775,G01_55185977,True,False,False,Cell
1776,G01_55195978,False,False,True,cytosol
1777,G01_55215982,False,False,True,Cytosol
1778,G01_55225983,True,False,False,
1779,G01_55235979,True,False,False,Cell
1780,G01_55245981,True,False,False,Cell
1781,G01_55335984,False,True,False,Nucleus
1782,G01_55345985,True,False,False,nucleus
1783,G01_55355986,False,False,True,Cytosol
1784,G01_55365987,True,False,False,Nucleus
1785,G01_55375988,True,False,False,Cell
1786,G01_55385989,False,True,False,Nucleus
1787,G01_55395990,False,True,False,Nucleus
1788,G01_55405991,True,False,False,nucleus
1789,G01_6717,True,False,False,
1790,G01_6718,False,True,True,
1791,G01_6719,True,False,False,
1792,G01_6721,False,False,True,
1793,G01_6734,False,True,False,
1794,G01_6735,True,False,False,
1795,G01_6736,True,False,False,
1796,G01_6745,True,False,False,
1797,G01_75836284,True,False,False,
1798,G01_75846286,False,False,True,
1799,G02_55185977,True,False,False,nucleus
1800,G02_55195978,True,False,False,nucleus
1801,G02_55205980,True,False,False,Cell
1802,G02_55215982,False,True,False,Nucleus
1803,G02_55225983,False,False,True,Cytosol
1804,G02_55235979,False,True,False,nucleus
1805,G02_55245981,True,False,False,
1806,G02_55335984,True,False,False,Nucleus
1807,G02_55345985,True,False,False,
1808,G02_55355986,True,False,False,
1809,G02_55365987,True,False,False,Cell
1810,G02_55385989,True,False,False,Nucleus
1811,G02_55395990,False,True,False,nucleus
1812,G02_55405991,False,True,False,Nucleus
1813,G02_6718,True,False,False,
1814,G02_6719,True,False,False,
1815,G02_6720,True,False,False,
1816,G02_6721,True,False,False,
1817,G02_6724,True,False,False,
1818,G02_6725,False,True,False,
1819,G02_6734,True,False,False,
1820,G02_6735,False,True,False,
1821,G02_75836284,False,True,False,
1822,G02_75846286,False,True,False,nucleus
1823,G03_55185977,True,False,False,nucleus
1824,G03_55195978,False,True,False,nucleus
1825,G03_55205980,True,False,False,Cell
1826,G03_55215982,False,True,False,nucleus
1827,G03_55225983,True,False,False,nucleus
1828,G03_55235979,True,False,False,Cell
1829,G03_55335984,True,False,False,
1830,G03_55345985,False,True,False,nucleus
1831,G03_55355986,True,False,False,Cell
1832,G03_55365987,True,False,False,Cell
1833,G03_55375988,False,True,False,nucleus
1834,G03_55385989,False,False,True,Nucleus
1835,G03_55405991,True,False,False,Nucleus
1836,G03_6717,True,False,False,
1837,G03_6718,True,False,False,
1838,G03_6719,True,False,False,
1839,G03_6721,True,False,False,
1840,G03_6724,True,False,False,
1841,G03_6725,True,False,False,
1842,G03_6734,False,True,False,
1843,G03_6735,True,False,False,
1844,G03_6736,True,False,False,
1845,G03_6745,True,False,False,
1846,G03_75836284,True,False,False,
1847,G03_75846286,False,True,False,Nucleus
1848,G04_55185977,False,True,False,Nucleus
1849,G04_55195978,True,False,False,Cell
1850,G04_55205980,True,False,False,Cell
1851,G04_55215982,True,False,False,Cell
1852,G04_55235979,False,True,False,nucleus
1853,G04_55245981,True,False,False,Cell
1854,G04_55335984,True,False,False,Cell
1855,G04_55345985,True,False,False,Cell
1856,G04_55355986,False,False,True,Cytosol
1857,G04_55375988,True,False,False,Cell
1858,G04_55385989,False,True,False,nucleus
1859,G04_55395990,False,True,False,nucleus
1860,G04_55405991,False,True,False,nucleus
1861,G04_6717,True,False,False,
1862,G04_6718,True,False,False,
1863,G04_6719,False,False,True,
1864,G04_6722,True,False,False,
1865,G04_6724,True,False,False,
1866,G04_6731,True,False,False,
1867,G04_6734,True,False,False,
1868,G04_6735,True,False,False,
1869,G04_75836284,True,False,False,Cell
1870,G04_75846286,False,True,False,
1871,G05_55185977,True,False,False,
1872,G05_55205980,False,True,False,nucleus
1873,G05_55215982,True,False,False,
1874,G05_55225983,True,False,False,Cell
1875,G05_55235979,False,True,False,nucleus
1876,G05_55245981,True,False,False,
1877,G05_55335984,False,True,False,nucleus
1878,G05_55345985,False,True,False,
1879,G05_55355986,True,False,False,Cell
1880,G05_55365987,True,False,False,
1881,G05_55375988,True,False,False,
1882,G05_55385989,True,False,False,
1883,G05_55395990,True,False,False,Cell
1884,G05_55405991,True,False,False,Cell
1885,G05_6717,False,False,True,
1886,G05_6718,True,False,False,
1887,G05_6719,False,True,False,
1888,G05_6721,True,False,False,
1889,G05_6722,True,False,False,
1890,G05_6724,False,True,False,
1891,G05_6736,False,False,True,
1892,G05_6745,True,False,False,
1893,G05_75836284,False,True,False,
1894,G05_75846286,False,True,False,Nucleus
1895,G06_55185977,False,True,False,
1896,G06_55195978,True,False,False,Cell
1897,G06_55205980,True,False,False,Cell
1898,G06_55215982,True,False,False,Cell
1899,G06_55225983,True,False,False,Cell
1900,G06_55235979,True,False,False,Cell
1901,G06_55245981,True,False,False,Cell
1902,G06_55335984,True,False,False,Cell
1903,G06_55345985,False,True,False,Nucleus
1904,G06_55355986,True,False,False,
1905,G06_55365987,False,True,False,
1906,G06_55375988,True,False,False,
1907,G06_55385989,True,False,False,Cell
1908,G06_55395990,False,True,False,Nucleus
1909,G06_55405991,True,False,False,nucleus
1910,G06_6717,True,False,False,
1911,G06_6718,True,False,False,
1912,G06_6719,True,False,False,
1913,G06_6720,True,False,False,
1914,G06_6722,True,False,False,
1915,G06_6724,True,False,False,
1916,G06_6725,True,False,False,
1917,G06_6731,False,True,False,
1918,G06_6734,True,False,False,
1919,G06_6735,True,False,False,
1920,G06_6745,True,False,False,
1921,G06_75836284,False,False,True,
1922,G06_75846286,False,False,True,
1923,G07_55185977,True,False,False,Nucleus
1924,G07_55195978,True,False,False,Cell
1925,G07_55205980,True,False,False,Cell
1926,G07_55215982,True,False,False,Cell
1927,G07_55225983,True,False,False,Cell
1928,G07_55235979,False,False,True,cytosol
1929,G07_55245981,True,False,False,
1930,G07_55335984,True,False,False,
1931,G07_55345985,True,False,False,Cell
1932,G07_55355986,True,False,False,nucleus
1933,G07_55365987,True,False,False,nucleus
1934,G07_55375988,False,True,False,Nucleus
1935,G07_55385989,False,True,False,
1936,G07_55395990,True,False,False,Cell
1937,G07_55405991,False,False,True,cytosol
1938,G07_6717,True,False,False,
1939,G07_6718,False,True,False,
1940,G07_6719,True,False,False,
1941,G07_6720,True,False,False,
1942,G07_6721,False,True,False,
1943,G07_6724,True,False,False,
1944,G07_6725,True,False,False,
1945,G07_6731,False,False,True,
1946,G07_6735,True,False,False,
1947,G07_6736,True,False,False,
1948,G07_6745,True,False,False,
1949,G07_75836284,True,False,False,
1950,G08_55185977,True,False,False,cytosol
1951,G08_55195978,True,False,False,Nucleus
1952,G08_55205980,False,True,False,nucleus
1953,G08_55215982,True,False,False,nucleus
1954,G08_55225983,False,True,False,Nucleus
1955,G08_55235979,True,False,False,Cell
1956,G08_55335984,True,False,False,Cell
1957,G08_55345985,True,False,False,nucleus
1958,G08_55355986,True,False,False,Cell
1959,G08_55365987,True,False,False,nucleus
1960,G08_55375988,True,False,False,Cell
1961,G08_55385989,True,False,False,Cell
1962,G08_55405991,True,False,False,Cell
1963,G08_6718,True,False,False,
1964,G08_6720,True,False,False,
1965,G08_6721,True,False,False,
1966,G08_6722,True,False,False,
1967,G08_6724,True,False,False,
1968,G08_6725,False,True,False,
1969,G08_6731,True,False,False,
1970,G08_6734,True,False,False,
1971,G08_6735,False,False,True,
1972,G08_6736,False,True,False,
1973,G08_6745,False,True,False,
1974,G08_75836284,False,True,True,
1975,G09_55185977,True,False,False,Cytosol
1976,G09_55205980,False,True,False,nucleus
1977,G09_55215982,True,False,False,Cell
1978,G09_55225983,True,False,False,Cell
1979,G09_55235979,True,False,False,
1980,G09_55245981,True,False,False,Cell
1981,G09_55345985,True,False,False,Cell
1982,G09_55355986,True,False,False,Cell
1983,G09_55365987,False,True,False,nucleus
1984,G09_55375988,True,False,False,Cell
1985,G09_55385989,True,False,False,Cell
1986,G09_55395990,False,True,False,nucleus
1987,G09_55405991,True,False,False,
1988,G09_6717,True,False,False,
1989,G09_6718,True,False,False,
1990,G09_6719,False,True,False,
1991,G09_6720,False,True,False,
1992,G09_6721,False,True,False,
1993,G09_6722,False,False,True,
1994,G09_6724,True,False,False,
1995,G09_6725,True,False,False,
1996,G09_6731,True,False,False,
1997,G09_6734,True,False,False,
1998,G09_6735,True,False,False,
1999,G09_6736,False,True,False,
2000,G09_6745,True,False,False,
2001,G09_75836284,True,False,False,Cell
2002,G10_55185977,False,True,False,nucleus
2003,G10_55205980,False,True,False,nucleus
2004,G10_55215982,True,False,False,Cell
2005,G10_55235979,False,True,False,nucleus
2006,G10_55245981,False,True,False,nucleus
2007,G10_55335984,True,False,False,Cell
2008,G10_55345985,True,False,False,Cell
2009,G10_55355986,True,False,False,Cell
2010,G10_55365987,True,False,False,Cell
2011,G10_55375988,True,False,False,
2012,G10_55385989,True,False,False,Cell
2013,G10_55395990,False,True,False,nucleus
2014,G10_55405991,False,True,False,nucleus
2015,G10_6717,False,True,False,
2016,G10_6720,False,True,False,
2017,G10_6722,True,False,False,
2018,G10_6724,True,False,False,
2019,G10_6725,True,False,False,
2020,G10_6731,True,False,False,
2021,G10_6734,False,True,False,
2022,G10_6735,True,False,False,
2023,G10_6736,False,True,False,
2024,G10_6745,True,False,False,
2025,G11_55195978,False,True,False,Nucleus
2026,G11_55205980,True,False,False,nucleus
2027,G11_55215982,True,False,False,Cell
2028,G11_55225983,True,False,False,nucleus
2029,G11_55245981,True,False,False,Cell
2030,G11_55335984,True,False,False,Nucleus
2031,G11_55345985,False,True,False,nucleus
2032,G11_55355986,True,False,False,Cell
2033,G11_55365987,True,False,False,nucleus
2034,G11_55385989,True,False,False,
2035,G11_55395990,True,False,False,Cell
2036,G11_55405991,True,False,False,
2037,G11_6717,True,False,False,
2038,G11_6718,True,False,False,
2039,G11_6719,True,False,False,
2040,G11_6722,True,False,False,
2041,G11_6724,True,False,False,
2042,G11_6734,True,False,False,
2043,G11_6736,True,False,False,
2044,G11_75836284,False,False,True,
2045,G12_55185977,True,False,False,
2046,G12_55195978,True,False,False,Cell
2047,G12_55205980,True,False,False,Nucleus
2048,G12_55215982,True,False,False,Cell
2049,G12_55225983,True,False,False,
2050,G12_55235979,False,True,False,nucleus
2051,G12_55245981,True,False,False,Cell
2052,G12_55335984,True,False,False,Cell
2053,G12_55345985,True,False,False,Cell
2054,G12_55355986,True,False,False,nucleus
2055,G12_55365987,True,False,False,Nucleus
2056,G12_55375988,False,True,False,
2057,G12_55385989,False,True,False,
2058,G12_55395990,False,True,False,Nucleus
2059,G12_55405991,True,False,False,nucleus
2060,G12_6718,False,False,True,
2061,G12_6722,True,False,False,
2062,G12_6724,True,False,False,
2063,G12_6734,False,False,True,
2064,G12_6736,True,False,False,
2065,G12_75836284,True,False,False,Cell
2066,H01_55185977,True,False,False,Cytosol
2067,H01_55195978,True,False,False,
2068,H01_55205980,True,False,False,Nucleus
2069,H01_55215982,False,True,False,Nucleus
2070,H01_55225983,False,False,True,Cell
2071,H01_55235979,False,True,False,Nucleus
2072,H01_55245981,True,False,False,Cell
2073,H01_55335984,True,False,False,Cell
2074,H01_55345985,True,False,False,Cytosol
2075,H01_55355986,True,False,False,
2076,H01_55365987,True,False,False,Nucleus
2077,H01_55375988,True,False,False,Cytosol
2078,H01_55385989,False,True,False,nucleus
2079,H01_55395990,True,False,False,Cell
2080,H01_55405991,True,False,False,Nucleus
2081,H01_6717,False,True,False,
2082,H01_6720,True,False,False,
2083,H01_6721,True,False,False,
2084,H01_6722,False,False,True,
2085,H01_6724,False,False,True,
2086,H01_6731,True,False,False,
2087,H01_6734,True,False,False,
2088,H01_6736,False,True,False,
2089,H01_75836284,True,False,False,Cell
2090,H01_75846286,True,False,False,
2091,H02_55185977,False,False,True,Cytosol
2092,H02_55195978,True,False,False,
2093,H02_55205980,False,True,False,nucleus
2094,H02_55215982,True,False,False,Cell
2095,H02_55225983,True,False,False,Cell
2096,H02_55235979,True,False,False,Cell
2097,H02_55335984,False,True,False,Nucleus
2098,H02_55345985,True,False,False,
2099,H02_55355986,False,True,False,nucleus
2100,H02_55375988,False,True,False,Nucleus
2101,H02_55385989,True,False,False,nucleus
2102,H02_55395990,False,False,True,Cell
2103,H02_55405991,False,False,True,cytosol
2104,H02_6718,False,True,False,
2105,H02_6720,True,False,False,
2106,H02_6721,True,False,False,
2107,H02_6722,True,False,False,
2108,H02_6724,True,False,False,
2109,H02_6725,True,False,False,
2110,H02_6731,True,False,False,
2111,H02_6734,True,False,False,
2112,H02_6735,False,True,False,
2113,H02_6736,True,False,False,
2114,H02_75836284,True,False,False,Cell
2115,H02_75846286,False,True,False,Nucleus
2116,H03_55185977,False,True,False,Nucleus
2117,H03_55195978,True,False,False,Cell
2118,H03_55205980,True,False,False,nucleus
2119,H03_55215982,True,False,False,Cell
2120,H03_55225983,True,False,False,
2121,H03_55235979,True,False,False,Cell
2122,H03_55245981,True,False,False,Cell
2123,H03_55335984,False,True,False,Nucleus
2124,H03_55345985,False,True,False,Nucleus
2125,H03_55355986,False,True,False,Nucleus
2126,H03_55365987,False,True,False,nucleus
2127,H03_55375988,True,False,False,Cell
2128,H03_55385989,False,True,False,Nucleus
2129,H03_55395990,True,False,False,Cell
2130,H03_55405991,True,False,False,Nucleus
2131,H03_6719,True,False,False,
2132,H03_6721,False,True,False,
2133,H03_6722,False,False,True,
2134,H03_6725,True,False,False,
2135,H03_75836284,False,True,False,nucleus
2136,H03_75846286,False,True,False,nucleus
2137,H04_55185977,False,True,False,Nucleus
2138,H04_55195978,False,False,True,Cytosol
2139,H04_55205980,False,False,True,Cytosol
2140,H04_55215982,False,True,False,nucleus
2141,H04_55225983,False,False,True,Cell
2142,H04_55245981,False,True,False,
2143,H04_55335984,False,True,False,nucleus
2144,H04_55345985,True,False,False,Cell
2145,H04_55355986,False,False,True,Cytosol
2146,H04_55365987,False,True,False,
2147,H04_55375988,True,False,False,Cell
2148,H04_55385989,True,False,False,Cell
2149,H04_55395990,True,False,False,Cell
2150,H04_6717,False,False,True,
2151,H04_6718,True,False,False,
2152,H04_6722,True,False,False,
2153,H04_6724,True,False,False,
2154,H04_6731,True,False,False,
2155,H04_6734,True,False,False,
2156,H04_6735,True,False,False,
2157,H04_6736,True,False,False,
2158,H04_6745,True,False,False,
2159,H04_75836284,False,False,True,Cytosol
2160,H04_75846286,False,True,False,Nucleus
2161,H05_55185977,True,False,False,Cell
2162,H05_55195978,True,False,False,Cell
2163,H05_55205980,False,False,True,Cytosol
2164,H05_55215982,True,False,False,Cell
2165,H05_55225983,True,False,False,
2166,H05_55245981,True,False,False,Nucleus
2167,H05_55335984,False,True,False,Nucleus
2168,H05_55345985,False,True,False,
2169,H05_55355986,False,True,False,Nucleus
2170,H05_55375988,True,False,False,Cell
2171,H05_55385989,True,False,False,
2172,H05_55395990,True,False,False,Cytosol
2173,H05_55405991,False,True,False,nucleus
2174,H05_6717,False,True,False,
2175,H05_6718,True,False,False,
2176,H05_6719,True,False,False,
2177,H05_6720,False,False,True,
2178,H05_6722,True,False,False,
2179,H05_6724,False,True,False,
2180,H05_6725,True,False,False,
2181,H05_6745,True,False,False,
2182,H05_75836284,True,False,False,Cell
2183,H05_75846286,True,False,False,Nucleus
2184,H06_55185977,False,True,False,nucleus
2185,H06_55195978,True,False,False,Cell
2186,H06_55215982,True,False,False,nucleus
2187,H06_55225983,False,False,True,Nucleus
2188,H06_55235979,True,False,False,Cell
2189,H06_55245981,False,True,False,nucleus
2190,H06_55335984,True,False,False,Cell
2191,H06_55345985,False,True,False,nucleus
2192,H06_55355986,False,True,False,Nucleus
2193,H06_55365987,False,True,False,Nucleus
2194,H06_55375988,False,True,False,
2195,H06_55385989,False,False,True,cytosol
2196,H06_55405991,True,False,False,Cell
2197,H06_6717,True,False,False,
2198,H06_6718,True,False,False,
2199,H06_6719,True,False,False,
2200,H06_6721,True,False,False,
2201,H06_6724,False,False,True,
2202,H06_6725,False,True,False,
2203,H06_6734,True,False,False,
2204,H06_6736,True,False,False,
2205,H06_6745,True,False,False,
2206,H06_75836284,False,True,False,
2207,H06_75846286,False,False,True,Cytosol
2208,H07_55185977,False,True,False,
2209,H07_55195978,False,True,False,Nucleus
2210,H07_55205980,True,False,False,
2211,H07_55215982,True,False,False,Cell
2212,H07_55225983,True,False,False,Nucleus
2213,H07_55235979,True,False,False,Cell
2214,H07_55245981,True,False,False,Cell
2215,H07_55335984,True,False,False,Cell
2216,H07_55355986,False,True,False,Nucleus
2217,H07_55365987,False,True,False,Nucleus
2218,H07_55395990,False,True,False,Nucleus
2219,H07_55405991,True,False,False,Cell
2220,H07_6719,True,False,False,
2221,H07_6720,True,False,False,
2222,H07_6721,False,False,True,
2223,H07_6724,True,False,False,
2224,H07_6734,True,False,False,
2225,H07_6736,True,False,False,
2226,H07_75836284,True,False,False,
2227,H08_55185977,True,False,False,Nucleus
2228,H08_55195978,False,True,False,Nucleus
2229,H08_55215982,False,True,False,Nucleus
2230,H08_55225983,True,False,False,Cell
2231,H08_55235979,True,False,False,Cell
2232,H08_55245981,True,False,False,Cell
2233,H08_55335984,False,False,True,Cytosol
2234,H08_55345985,False,False,True,Nucleus
2235,H08_55355986,False,True,False,nucleus
2236,H08_55365987,False,True,False,Nucleus
2237,H08_55375988,False,True,False,nucleus
2238,H08_55385989,False,True,False,nucleus
2239,H08_55395990,True,False,False,Nucleus
2240,H08_55405991,True,False,False,Cell
2241,H08_6717,True,False,False,
2242,H08_6718,True,False,False,
2243,H08_6720,True,False,False,
2244,H08_6721,True,False,False,
2245,H08_6722,True,False,False,
2246,H08_6724,False,False,True,
2247,H08_6731,False,False,True,
2248,H08_6734,True,False,False,
2249,H08_6735,True,False,False,
2250,H08_6736,True,False,False,
2251,H08_75836284,True,False,False,nucleus
2252,H09_55185977,True,False,False,Cell
2253,H09_55195978,True,False,False,Cell
2254,H09_55205980,True,False,False,Cell
2255,H09_55215982,False,True,False,Nucleus
2256,H09_55225983,True,False,False,Cell
2257,H09_55235979,False,True,False,nucleus
2258,H09_55245981,True,False,False,Cell
2259,H09_55335984,False,True,False,Nucleus
2260,H09_55345985,False,True,False,nucleus
2261,H09_55355986,True,False,False,
2262,H09_55365987,True,False,False,Cell
2263,H09_55375988,True,False,False,
2264,H09_55385989,True,False,False,Cell
2265,H09_55395990,False,True,False,nucleus
2266,H09_6719,False,True,False,
2267,H09_6722,False,True,False,
2268,H09_6724,False,False,True,
2269,H09_6725,True,False,False,
2270,H09_6734,False,True,False,
2271,H09_6735,True,False,False,
2272,H09_6736,True,False,False,
2273,H09_75836284,True,False,False,Nucleus
2274,H10_55195978,True,False,False,
2275,H10_55205980,True,False,False,Cytosol
2276,H10_55215982,False,False,True,Cell
2277,H10_55225983,True,False,False,
2278,H10_55235979,True,False,False,Cell
2279,H10_55245981,False,True,False,Nucleus
2280,H10_55335984,True,False,False,
2281,H10_55345985,True,False,False,Cell
2282,H10_55355986,False,False,True,Nucleus
2283,H10_55365987,False,True,False,
2284,H10_55375988,True,False,False,Cell
2285,H10_55385989,True,False,False,Cell
2286,H10_55405991,True,False,False,nucleus
2287,H10_6717,True,False,False,
2288,H10_6718,True,False,False,
2289,H10_6719,False,True,False,
2290,H10_6720,False,True,False,
2291,H10_6721,True,False,False,
2292,H10_6722,False,True,False,
2293,H10_6724,True,False,False,
2294,H10_6725,False,True,False,
2295,H10_6734,False,False,True,
2296,H10_6735,False,False,True,
2297,H10_75836284,False,True,False,Nucleus
2298,H11_55185977,True,False,False,Cell
2299,H11_55195978,False,False,True,Cytosol
2300,H11_55205980,True,False,False,Cell
2301,H11_55215982,False,False,True,Nucleus
2302,H11_55225983,True,False,False,Cell
2303,H11_55235979,True,False,False,Cell
2304,H11_55245981,True,False,False,Cell
2305,H11_55335984,True,False,False,Cell
2306,H11_55345985,True,False,False,Cell
2307,H11_55375988,True,False,False,Cell
2308,H11_55385989,False,True,False,Nucleus
2309,H11_55395990,False,True,False,
2310,H11_6718,False,True,False,
2311,H11_6721,True,False,False,
2312,H11_6722,True,False,False,
2313,H11_6724,False,False,True,
2314,H11_6725,True,False,False,
2315,H11_6734,False,True,False,
2316,H11_6736,True,False,False,
2317,H11_75836284,True,False,False,Cell
