Well,Plate,well_plate,IsVariable,Main
C11,6736,C11_6736,yes/no (no nucleoli),Nucleus
D06,6736,D06_6736,yes/no,Nucelus
C12,6724,C12_6724,"yes, (excl: 2)",Cell
A05,6736,A05_6736,"yes / no, folded cells also",Cell
G03,6736,G03_6736,"yes , weak mitochondria",Cell
D08,6736,D08_6736,yes (nice),Nucleus
F09,6736,F09_6736,yes (nice cell in fld6),Nucleus
D05,6736,D05_6736,"yes (high expression in some cells, fld3)",Cell
B12,6724,B12_6724,yes (excl: 1-2),Cell
B09,6724,B09_6724,yes (excl: 1),Cell
D12,6724,D12_6724,yes ( excl 1),Cyto
D07,6720,D07_6720,Yes,Cell
E08,6720,E08_6720,Yes,Cell
H05,6720,H05_6720,Yes,Cell
H02,6720,H02_6720,Yes,Cell
H08,6720,H08_6720,Yes,Cell
C10,6720,C10_6720,Yes,Cell
C02,6720,C02_6720,Yes,Cell
G02,6720,G02_6720,Yes,Cell
H10,6717,H10_6717,Yes,Cell
H08,6717,H08_6717,Yes,Cell
F02,6719,F02_6719,Yes,Cell
E09,6722,E09_6722,Yes,Cell
B05,6724,B05_6724,yes,Cell
B04,6724,B04_6724,yes,Cell
C05,6724,C05_6724,yes,Cell
C04,6724,C04_6724,yes,Cell
D04,6724,D04_6724,yes,Cell
D02,6724,D02_6724,yes,Cell
F04,6724,F04_6724,yes,Cell
F01,6724,F01_6724,yes,Cell
G07,6724,G07_6724,yes,Cell
A11,6736,A11_6736,yes,Cell
B08,6736,B08_6736,yes,Cell
B06,6736,B06_6736,yes,Cell
D10,6736,D10_6736,yes,Cell
E10,6736,E10_6736,yes,Cell
F11,6736,F11_6736,yes,Cell
F10,6736,F10_6736,yes,Cell
G09,6736,G09_6736,yes,Cell
E02,6720,E02_6720,Yes,Cell
E09,6724,E09_6724,yes,Cyto
E08,6724,E08_6724,yes,Cyto
H09,6724,H09_6724,yes,Cyto
H06,6724,H06_6724,yes,Cyto
B05,6736,B05_6736,yes,Cyto
E04,6736,E04_6736,yes,Cyto
G05,6736,G05_6736,yes,Cyto
A07,6717,A07_6717,Yes,Cytoplasm
G07,6717,G07_6717,Yes,Cytoplasm
A05,6718,A05_6718,Yes,Cytoplasm
A01,6719,A01_6719,Yes,Cytoplasm
B11,6721,B11_6721,Yes,Cytoplasm
E01,6721,E01_6721,Yes,Cytoplasm
H11,6721,H11_6721,Yes,Cytoplasm
F03,6722,F03_6722,Yes,Cytoplasm
H04,6731,H04_6731,Yes,Cytoplasm
B07,6720,B07_6720,Yes,Cytosol
B02,6720,B02_6720,Yes,Cytosol
D06,6720,D06_6720,Yes,Cytosol
F08,6720,F08_6720,Yes,Cytosol
F01,6720,F01_6720,Yes,Cytosol
D09,6720,D09_6720,Yes,Cytosol
G07,6720,G07_6720,Yes,Cytosol
A08,6720,A08_6720,Yes,Nucleus
B09,6720,B09_6720,Yes,Nucleus
C01,6720,C01_6720,Yes,Nucleus
E05,6720,E05_6720,Yes,Nucleus
E03,6720,E03_6720,Yes,Nucleus
C05,6720,C05_6720,Yes,Nucleus
A06,6717,A06_6717,Yes,Nucleus
A05,6717,A05_6717,Yes,Nucleus
C10,6717,C10_6717,Yes,Nucleus
D10,6717,D10_6717,Yes,Nucleus
D06,6717,D06_6717,Yes,Nucleus
F10,6717,F10_6717,Yes,Nucleus
G11,6717,G11_6717,Yes,Nucleus
H05,6717,H05_6717,Yes,Nucleus
C01,6718,C01_6718,Yes,Nucleus
G08,6718,G08_6718,Yes,Nucleus
H07,6718,H07_6718,Yes,Nucleus
H02,6718,H02_6718,Yes,Nucleus
C05,6719,C05_6719,Yes,Nucleus
G01,6719,G01_6719,Yes,Nucleus
H06,6719,H06_6719,Yes,Nucleus
A10,6722,A10_6722,Yes,Nucleus
B10,6722,B10_6722,Yes,Nucleus
B01,6722,B01_6722,Yes,Nucleus
C06,6722,C06_6722,Yes,Nucleus
D05,6722,D05_6722,Yes,Nucleus
E04,6722,E04_6722,Yes,Nucleus
B02,6724,B02_6724,yes,Nucleus
C03,6724,C03_6724,yes,Nucleus
C02,6724,C02_6724,yes,Nucleus
D03,6724,D03_6724,yes,Nucleus
D01,6724,D01_6724,yes,Nucleus
G04,6724,G04_6724,yes,Nucleus
H05,6724,H05_6724,yes,Nucleus
A08,6725,A08_6725,Yes,Nucleus
F08,6725,F08_6725,Yes,Nucleus
A03,6731,A03_6731,Yes,Nucleus
E04,6734,E04_6734,Yes,Nucleus
F05,6734,F05_6734,Yes,Nucleus
H04,6734,H04_6734,Yes,Nucleus
B01,6735,B01_6735,Yes,Nucleus
A12,6736,A12_6736,yes,Nucleus
A02,6736,A02_6736,yes,Nucleus
A01,6736,A01_6736,yes,Nucleus
B03,6736,B03_6736,yes,Nucleus
B01,6736,B01_6736,yes,Nucleus
C09,6736,C09_6736,yes,Nucleus
C07,6736,C07_6736,yes,Nucleus
C06,6736,C06_6736,yes,Nucleus
C04,6736,C04_6736,yes,Nucleus
D11,6736,D11_6736,yes,Nucleus
D03,6736,D03_6736,yes,Nucleus
E03,6736,E03_6736,yes,Nucleus
F04,6736,F04_6736,yes,Nucleus
F03,6736,F03_6736,yes,Nucleus
G10,6736,G10_6736,yes,Nucleus
G01,6736,G01_6736,yes,Nucleus
A08,6745,A08_6745,Yes,Nucleus
D04,6745,D04_6745,Yes,Nucleus
G08,6745,G08_6745,Yes,Nucleus
D02,6720,D02_6720,Yes,Nucleus
C03,6720,C03_6720,Yes,Nucleus
E03,6724,E03_6724,"unspecific, ugly cells",0
B03,6724,B03_6724,unspecific,0
B12,6736,B12_6736,unspecific,0
B04,6736,B04_6736,unspecific,0
C12,6736,C12_6736,unspecific,0
C08,6736,C08_6736,unspecific,0
C02,6736,C02_6736,unspecific,0
F12,6736,F12_6736,unspecific,0
H10,6736,H10_6736,unspecific,0
H05,6736,H05_6736,unspecific,0
H03,6736,H03_6736,unspecific,0
C10,6736,C10_6736,"not similar to production (Nucleus, Nucleoli)",0
A09,6724,A09_6724,no_fail_unspecific,0
F08,6736,F08_6736,"no, very weak staining",0
B11,6724,B11_6724,"no, unspecific (excl: 1 &2)",0
C10,6724,C10_6724,"no, unspecific",0
G01,6724,G01_6724,"no, unspecific",0
A10,6736,A10_6736,"no, Unspecific",0
A03,6736,A03_6736,"no, Unspecific",0
F02,6736,F02_6736,"no, unspecific",0
F02,6724,F02_6724,"no, negative",0
C06,6724,C06_6724,"no, but folded cells",0
E02,6736,E02_6736,"no, almost unspecific",0
G02,6736,G02_6736,"no, almost unspecific",0
A04,6736,A04_6736,"no, (folded cells)",0
C11,6724,C11_6724,"no, (excl: 1)",0
D11,6724,D11_6724,no (no mitochondria),0
H12,6724,H12_6724,No (n/a from lookup),No (n/a from lookup)
H12,6736,H12_6736,No (n/a from lookup),No (n/a from lookup)
D09,6724,D09_6724,no (folded cells),0
C09,6724,C09_6724,no (exl: 2-3),0
A06,6724,A06_6724,no (excl_fld2),0
A08,6724,A08_6724,no (excl_fld1 ),0
H04,6724,H04_6724,no (excl:2),0
G11,6724,G11_6724,"no (excl:2 , 5&6 bad cells)",0
E11,6724,E11_6724,"no (excl:1,2)",0
H11,6724,H11_6724,"no (excl:1,2)",0
E10,6724,E10_6724,no (excl:1),0
G09,6724,G09_6724,no (excl:1),0
A11,6724,A11_6724,no (excl:1&2),0
B10,6724,B10_6724,no (excl: 2-3-6),0
A10,6724,A10_6724,no (excl: 2-3),0
G08,6724,G08_6724,"no (excl: 2,5)",0
F08,6724,F08_6724,"no (excl: 2,3)",0
A12,6724,A12_6724,no (excl: 2),0
B01,6724,B01_6724,no (excl: 2),0
A05,6724,A05_6724,no (excl: 1-2-4-5),0
E12,6724,E12_6724,no (excl: 1),0
B11,6736,B11_6736,no (ER staining no vesicles),0
H03,6724,H03_6724,no (but cells on top of each other ),0
A08,6736,A08_6736,no (almost unspecific),0
A12,6717,A12_6717,No,0
A11,6717,A11_6717,No,0
A10,6717,A10_6717,No,0
A09,6717,A09_6717,No,0
A08,6717,A08_6717,No,0
A04,6717,A04_6717,No,0
A03,6717,A03_6717,No,0
A02,6717,A02_6717,No,0
A01,6717,A01_6717,No,0
B12,6717,B12_6717,No,0
B11,6717,B11_6717,No,0
B10,6717,B10_6717,No,0
B09,6717,B09_6717,No,0
B08,6717,B08_6717,No,0
B07,6717,B07_6717,No,0
B06,6717,B06_6717,No,0
B05,6717,B05_6717,No,0
B04,6717,B04_6717,No,0
B03,6717,B03_6717,No,0
B02,6717,B02_6717,No,0
B01,6717,B01_6717,No,0
C12,6717,C12_6717,No,0
C11,6717,C11_6717,No,0
C09,6717,C09_6717,No,0
C08,6717,C08_6717,No,0
C07,6717,C07_6717,No,0
C06,6717,C06_6717,No,0
C05,6717,C05_6717,No,0
C04,6717,C04_6717,No,0
C03,6717,C03_6717,No,0
C02,6717,C02_6717,No,0
C01,6717,C01_6717,No,0
D12,6717,D12_6717,No,0
D11,6717,D11_6717,No,0
D09,6717,D09_6717,No,0
D08,6717,D08_6717,No,0
D07,6717,D07_6717,No,0
D05,6717,D05_6717,No,0
D04,6717,D04_6717,No,0
D03,6717,D03_6717,No,0
D02,6717,D02_6717,No,0
D01,6717,D01_6717,No,0
E12,6717,E12_6717,No,0
E11,6717,E11_6717,No,0
E10,6717,E10_6717,No,0
E09,6717,E09_6717,No,0
E08,6717,E08_6717,No,0
E07,6717,E07_6717,No,0
E06,6717,E06_6717,No,0
E05,6717,E05_6717,No,0
E04,6717,E04_6717,No,0
E03,6717,E03_6717,No,0
E02,6717,E02_6717,No,0
E01,6717,E01_6717,No,0
F12,6717,F12_6717,No,0
F11,6717,F11_6717,No,0
F09,6717,F09_6717,No,0
F08,6717,F08_6717,No,0
F07,6717,F07_6717,No,0
F06,6717,F06_6717,No,0
F05,6717,F05_6717,No,0
F04,6717,F04_6717,No,0
F03,6717,F03_6717,No,0
F02,6717,F02_6717,No,0
F01,6717,F01_6717,No,0
G12,6717,G12_6717,No,0
G10,6717,G10_6717,No,0
G09,6717,G09_6717,No,0
G08,6717,G08_6717,No,0
G06,6717,G06_6717,No,0
G05,6717,G05_6717,No,0
G04,6717,G04_6717,No,0
G03,6717,G03_6717,No,0
G02,6717,G02_6717,No,0
G01,6717,G01_6717,No,0
H12,6717,H12_6717,No,0
H11,6717,H11_6717,No,0
H09,6717,H09_6717,No,0
H07,6717,H07_6717,No,0
H06,6717,H06_6717,No,0
H04,6717,H04_6717,No,0
H03,6717,H03_6717,No,0
H02,6717,H02_6717,No,0
H01,6717,H01_6717,No,0
A12,6718,A12_6718,No,0
A11,6718,A11_6718,No,0
A10,6718,A10_6718,No,0
A09,6718,A09_6718,No,0
A08,6718,A08_6718,No,0
A07,6718,A07_6718,No,0
A06,6718,A06_6718,No,0
A04,6718,A04_6718,No,0
A03,6718,A03_6718,No,0
A02,6718,A02_6718,No,0
A01,6718,A01_6718,No,0
B12,6718,B12_6718,No,0
B11,6718,B11_6718,No,0
B10,6718,B10_6718,No,0
B09,6718,B09_6718,No,0
B08,6718,B08_6718,No,0
B07,6718,B07_6718,No,0
B06,6718,B06_6718,No,0
B05,6718,B05_6718,No,0
B04,6718,B04_6718,No,0
B03,6718,B03_6718,No,0
B02,6718,B02_6718,No,0
B01,6718,B01_6718,No,0
C12,6718,C12_6718,No,0
C11,6718,C11_6718,No,0
C10,6718,C10_6718,No,0
C09,6718,C09_6718,No,0
C08,6718,C08_6718,No,0
C07,6718,C07_6718,No,0
C06,6718,C06_6718,No,0
C05,6718,C05_6718,No,0
C04,6718,C04_6718,No,0
C03,6718,C03_6718,No,0
C02,6718,C02_6718,No,0
D12,6718,D12_6718,No,0
D11,6718,D11_6718,No,0
D10,6718,D10_6718,No,0
D09,6718,D09_6718,No,0
D08,6718,D08_6718,No,0
D07,6718,D07_6718,No,0
D06,6718,D06_6718,No,0
D05,6718,D05_6718,No,0
D04,6718,D04_6718,No,0
D03,6718,D03_6718,No,0
D02,6718,D02_6718,No,0
D01,6718,D01_6718,No,0
E12,6718,E12_6718,No,0
E11,6718,E11_6718,No,0
E10,6718,E10_6718,No,0
E09,6718,E09_6718,No,0
E08,6718,E08_6718,No,0
E07,6718,E07_6718,No,0
E06,6718,E06_6718,No,0
E05,6718,E05_6718,No,0
E04,6718,E04_6718,No,0
E03,6718,E03_6718,No,0
E02,6718,E02_6718,No,0
E01,6718,E01_6718,No,0
F12,6718,F12_6718,No,0
F11,6718,F11_6718,No,0
F10,6718,F10_6718,No,0
F09,6718,F09_6718,No,0
F08,6718,F08_6718,No,0
F07,6718,F07_6718,No,0
F06,6718,F06_6718,No,0
F05,6718,F05_6718,No,0
F04,6718,F04_6718,No,0
F03,6718,F03_6718,No,0
F02,6718,F02_6718,No,0
F01,6718,F01_6718,No,0
G12,6718,G12_6718,No,0
G11,6718,G11_6718,No,0
G10,6718,G10_6718,No,0
G09,6718,G09_6718,No,0
G07,6718,G07_6718,No,0
G06,6718,G06_6718,No,0
G05,6718,G05_6718,No,0
G04,6718,G04_6718,No,0
G03,6718,G03_6718,No,0
G02,6718,G02_6718,No,0
G01,6718,G01_6718,No,0
H12,6718,H12_6718,No,0
H11,6718,H11_6718,No,0
H10,6718,H10_6718,No,0
H09,6718,H09_6718,No,0
H08,6718,H08_6718,No,0
H06,6718,H06_6718,No,0
H05,6718,H05_6718,No,0
H04,6718,H04_6718,No,0
H03,6718,H03_6718,No,0
H01,6718,H01_6718,No,0
A12,6719,A12_6719,No,0
A11,6719,A11_6719,No,0
A10,6719,A10_6719,No,0
A09,6719,A09_6719,No,0
A08,6719,A08_6719,No,0
A07,6719,A07_6719,No,0
A06,6719,A06_6719,No,0
A05,6719,A05_6719,No,0
A04,6719,A04_6719,No,0
A03,6719,A03_6719,No,0
A02,6719,A02_6719,No,0
B12,6719,B12_6719,No,0
B11,6719,B11_6719,No,0
B10,6719,B10_6719,No,0
B09,6719,B09_6719,No,0
B08,6719,B08_6719,No,0
B07,6719,B07_6719,No,0
B06,6719,B06_6719,No,0
B05,6719,B05_6719,No,0
B04,6719,B04_6719,No,0
B03,6719,B03_6719,No,0
B02,6719,B02_6719,No,0
B01,6719,B01_6719,No,0
C12,6719,C12_6719,No,0
C11,6719,C11_6719,No,0
C10,6719,C10_6719,No,0
C09,6719,C09_6719,No,0
C08,6719,C08_6719,No,0
C07,6719,C07_6719,No,0
C06,6719,C06_6719,No,0
C04,6719,C04_6719,No,0
C03,6719,C03_6719,No,0
C02,6719,C02_6719,No,0
C01,6719,C01_6719,No,0
D12,6719,D12_6719,No,0
D11,6719,D11_6719,No,0
D10,6719,D10_6719,No,0
D09,6719,D09_6719,No,0
D08,6719,D08_6719,No,0
D07,6719,D07_6719,No,0
D06,6719,D06_6719,No,0
D05,6719,D05_6719,No,0
D04,6719,D04_6719,No,0
D03,6719,D03_6719,No,0
D02,6719,D02_6719,No,0
D01,6719,D01_6719,No,0
E12,6719,E12_6719,No,0
E11,6719,E11_6719,No,0
E10,6719,E10_6719,No,0
E09,6719,E09_6719,No,0
E08,6719,E08_6719,No,0
E07,6719,E07_6719,No,0
E06,6719,E06_6719,No,0
E05,6719,E05_6719,No,0
E04,6719,E04_6719,No,0
E03,6719,E03_6719,No,0
E02,6719,E02_6719,No,0
E01,6719,E01_6719,No,0
F12,6719,F12_6719,No,0
F11,6719,F11_6719,No,0
F10,6719,F10_6719,No,0
F09,6719,F09_6719,No,0
F08,6719,F08_6719,No,0
F07,6719,F07_6719,No,0
F06,6719,F06_6719,No,0
F05,6719,F05_6719,No,0
F04,6719,F04_6719,No,0
F03,6719,F03_6719,No,0
F01,6719,F01_6719,No,0
G12,6719,G12_6719,No,0
G11,6719,G11_6719,No,0
G10,6719,G10_6719,No,0
G09,6719,G09_6719,No,0
G08,6719,G08_6719,No,0
G07,6719,G07_6719,No,0
G06,6719,G06_6719,No,0
G05,6719,G05_6719,No,0
G04,6719,G04_6719,No,0
G03,6719,G03_6719,No,0
G02,6719,G02_6719,No,0
H12,6719,H12_6719,No,0
H11,6719,H11_6719,No,0
H10,6719,H10_6719,No,0
H09,6719,H09_6719,No,0
H08,6719,H08_6719,No,0
H07,6719,H07_6719,No,0
H05,6719,H05_6719,No,0
H04,6719,H04_6719,No,0
H03,6719,H03_6719,No,0
H02,6719,H02_6719,No,0
H01,6719,H01_6719,No,0
A12,6720,A12_6720,No,0
A11,6720,A11_6720,No,0
A10,6720,A10_6720,No,0
A09,6720,A09_6720,No,0
A07,6720,A07_6720,No,0
A06,6720,A06_6720,No,0
A04,6720,A04_6720,No,0
A03,6720,A03_6720,No,0
A01,6720,A01_6720,No,0
B12,6720,B12_6720,No,0
B11,6720,B11_6720,No,0
B10,6720,B10_6720,No,0
B06,6720,B06_6720,No,0
B05,6720,B05_6720,No,0
B04,6720,B04_6720,No,0
B03,6720,B03_6720,No,0
B01,6720,B01_6720,No,0
C12,6720,C12_6720,No,0
C11,6720,C11_6720,No,0
C09,6720,C09_6720,No,0
C07,6720,C07_6720,No,0
C06,6720,C06_6720,No,0
C04,6720,C04_6720,No,0
D12,6720,D12_6720,No,0
D11,6720,D11_6720,No,0
D10,6720,D10_6720,No,0
D08,6720,D08_6720,No,0
D05,6720,D05_6720,No,0
E12,6720,E12_6720,No,0
E11,6720,E11_6720,No,0
E10,6720,E10_6720,No,0
E09,6720,E09_6720,No,0
E07,6720,E07_6720,No,0
E06,6720,E06_6720,No,0
E04,6720,E04_6720,No,0
F12,6720,F12_6720,No,0
F11,6720,F11_6720,No,0
F10,6720,F10_6720,No,0
F09,6720,F09_6720,No,0
F07,6720,F07_6720,No,0
F06,6720,F06_6720,No,0
F05,6720,F05_6720,No,0
F03,6720,F03_6720,No,0
G12,6720,G12_6720,No,0
G10,6720,G10_6720,No,0
G09,6720,G09_6720,No,0
G08,6720,G08_6720,No,0
G06,6720,G06_6720,No,0
G04,6720,G04_6720,No,0
G03,6720,G03_6720,No,0
H12,6720,H12_6720,No,0
H10,6720,H10_6720,No,0
H07,6720,H07_6720,No,0
H06,6720,H06_6720,No,0
H04,6720,H04_6720,No,0
H03,6720,H03_6720,No,0
H01,6720,H01_6720,No,0
A12,6721,A12_6721,No,0
A11,6721,A11_6721,No,0
A10,6721,A10_6721,No,0
A09,6721,A09_6721,No,0
A08,6721,A08_6721,No,0
A07,6721,A07_6721,No,0
A06,6721,A06_6721,No,0
A05,6721,A05_6721,No,0
A04,6721,A04_6721,No,0
A03,6721,A03_6721,No,0
A02,6721,A02_6721,No,0
A01,6721,A01_6721,No,0
B12,6721,B12_6721,No,0
B10,6721,B10_6721,No,0
B09,6721,B09_6721,No,0
B08,6721,B08_6721,No,0
B07,6721,B07_6721,No,0
B06,6721,B06_6721,No,0
B05,6721,B05_6721,No,0
B04,6721,B04_6721,No,0
B03,6721,B03_6721,No,0
B02,6721,B02_6721,No,0
B01,6721,B01_6721,No,0
C12,6721,C12_6721,No,0
C11,6721,C11_6721,No,0
C10,6721,C10_6721,No,0
C09,6721,C09_6721,No,0
C08,6721,C08_6721,No,0
C07,6721,C07_6721,No,0
C06,6721,C06_6721,No,0
C05,6721,C05_6721,No,0
C04,6721,C04_6721,No,0
C03,6721,C03_6721,No,0
C02,6721,C02_6721,No,0
C01,6721,C01_6721,No,0
D12,6721,D12_6721,No,0
D11,6721,D11_6721,No,0
D10,6721,D10_6721,No,0
D09,6721,D09_6721,No,0
D08,6721,D08_6721,No,0
D07,6721,D07_6721,No,0
D06,6721,D06_6721,No,0
D05,6721,D05_6721,No,0
D04,6721,D04_6721,No,0
D03,6721,D03_6721,No,0
D02,6721,D02_6721,No,0
D01,6721,D01_6721,No,0
E12,6721,E12_6721,No,0
E11,6721,E11_6721,No,0
E10,6721,E10_6721,No,0
E09,6721,E09_6721,No,0
E08,6721,E08_6721,No,0
E07,6721,E07_6721,No,0
E06,6721,E06_6721,No,0
E05,6721,E05_6721,No,0
E04,6721,E04_6721,No,0
E03,6721,E03_6721,No,0
E02,6721,E02_6721,No,0
F12,6721,F12_6721,No,0
F11,6721,F11_6721,No,0
F10,6721,F10_6721,No,0
F09,6721,F09_6721,No,0
F08,6721,F08_6721,No,0
F07,6721,F07_6721,No,0
F06,6721,F06_6721,No,0
F05,6721,F05_6721,No,0
F04,6721,F04_6721,No,0
F03,6721,F03_6721,No,0
F02,6721,F02_6721,No,0
F01,6721,F01_6721,No,0
G12,6721,G12_6721,No,0
G11,6721,G11_6721,No,0
G10,6721,G10_6721,No,0
G09,6721,G09_6721,No,0
G08,6721,G08_6721,No,0
G07,6721,G07_6721,No,0
G06,6721,G06_6721,No,0
G05,6721,G05_6721,No,0
G04,6721,G04_6721,No,0
G03,6721,G03_6721,No,0
G02,6721,G02_6721,No,0
G01,6721,G01_6721,No,0
H12,6721,H12_6721,No,0
H10,6721,H10_6721,No,0
H09,6721,H09_6721,No,0
H08,6721,H08_6721,No,0
H07,6721,H07_6721,No,0
H06,6721,H06_6721,No,0
H05,6721,H05_6721,No,0
H04,6721,H04_6721,No,0
H03,6721,H03_6721,No,0
H02,6721,H02_6721,No,0
H01,6721,H01_6721,No,0
A12,6722,A12_6722,No,0
A11,6722,A11_6722,No,0
A09,6722,A09_6722,No,0
A08,6722,A08_6722,No,0
A07,6722,A07_6722,No,0
A06,6722,A06_6722,No,0
A05,6722,A05_6722,No,0
A04,6722,A04_6722,No,0
A03,6722,A03_6722,No,0
A02,6722,A02_6722,No,0
A01,6722,A01_6722,No,0
B12,6722,B12_6722,No,0
B11,6722,B11_6722,No,0
B09,6722,B09_6722,No,0
B08,6722,B08_6722,No,0
B07,6722,B07_6722,No,0
B06,6722,B06_6722,No,0
B05,6722,B05_6722,No,0
B04,6722,B04_6722,No,0
B03,6722,B03_6722,No,0
B02,6722,B02_6722,No,0
C12,6722,C12_6722,No,0
C11,6722,C11_6722,No,0
C10,6722,C10_6722,No,0
C09,6722,C09_6722,No,0
C08,6722,C08_6722,No,0
C07,6722,C07_6722,No,0
C05,6722,C05_6722,No,0
C04,6722,C04_6722,No,0
C03,6722,C03_6722,No,0
C02,6722,C02_6722,No,0
C01,6722,C01_6722,No,0
D12,6722,D12_6722,No,0
D11,6722,D11_6722,No,0
D10,6722,D10_6722,No,0
D09,6722,D09_6722,No,0
D08,6722,D08_6722,No,0
D07,6722,D07_6722,No,0
D06,6722,D06_6722,No,0
D04,6722,D04_6722,No,0
D03,6722,D03_6722,No,0
D02,6722,D02_6722,No,0
D01,6722,D01_6722,No,0
E12,6722,E12_6722,No,0
E11,6722,E11_6722,No,0
E10,6722,E10_6722,No,0
E08,6722,E08_6722,No,0
E07,6722,E07_6722,No,0
E06,6722,E06_6722,No,0
E05,6722,E05_6722,No,0
E03,6722,E03_6722,No,0
E02,6722,E02_6722,No,0
E01,6722,E01_6722,No,0
F12,6722,F12_6722,No,0
F11,6722,F11_6722,No,0
F10,6722,F10_6722,No,0
F09,6722,F09_6722,No,0
F08,6722,F08_6722,No,0
F07,6722,F07_6722,No,0
F06,6722,F06_6722,No,0
F05,6722,F05_6722,No,0
F04,6722,F04_6722,No,0
F02,6722,F02_6722,No,0
F01,6722,F01_6722,No,0
G12,6722,G12_6722,No,0
G11,6722,G11_6722,No,0
G10,6722,G10_6722,No,0
G09,6722,G09_6722,No,0
G08,6722,G08_6722,No,0
G07,6722,G07_6722,No,0
G06,6722,G06_6722,No,0
G05,6722,G05_6722,No,0
G04,6722,G04_6722,No,0
G03,6722,G03_6722,No,0
G02,6722,G02_6722,No,0
G01,6722,G01_6722,No,0
H12,6722,H12_6722,No,0
H11,6722,H11_6722,No,0
H10,6722,H10_6722,No,0
H09,6722,H09_6722,No,0
H08,6722,H08_6722,No,0
H07,6722,H07_6722,No,0
H06,6722,H06_6722,No,0
H05,6722,H05_6722,No,0
H04,6722,H04_6722,No,0
H03,6722,H03_6722,No,0
H02,6722,H02_6722,No,0
H01,6722,H01_6722,No,0
A07,6724,A07_6724,no,0
A04,6724,A04_6724,no,0
A03,6724,A03_6724,no,0
A02,6724,A02_6724,no,0
A01,6724,A01_6724,no,0
B08,6724,B08_6724,no,0
B07,6724,B07_6724,no,0
B06,6724,B06_6724,no,0
C08,6724,C08_6724,no,0
C07,6724,C07_6724,no,0
C01,6724,C01_6724,no,0
D10,6724,D10_6724,no,0
D08,6724,D08_6724,no,0
D07,6724,D07_6724,no,0
D06,6724,D06_6724,no,0
D05,6724,D05_6724,no,0
E07,6724,E07_6724,no,0
E06,6724,E06_6724,no,0
E05,6724,E05_6724,no,0
E04,6724,E04_6724,no,0
E02,6724,E02_6724,no,0
E01,6724,E01_6724,no,0
F12,6724,F12_6724,no,0
F11,6724,F11_6724,no,0
F10,6724,F10_6724,no,0
F09,6724,F09_6724,no,0
F07,6724,F07_6724,no,0
F06,6724,F06_6724,no,0
F05,6724,F05_6724,no,0
F03,6724,F03_6724,no,0
G12,6724,G12_6724,no,0
G10,6724,G10_6724,no,0
G06,6724,G06_6724,no,0
G05,6724,G05_6724,no,0
G03,6724,G03_6724,no,0
G02,6724,G02_6724,no,0
H10,6724,H10_6724,no,0
H08,6724,H08_6724,no,0
H07,6724,H07_6724,no,0
H02,6724,H02_6724,no,0
H01,6724,H01_6724,no,0
A12,6725,A12_6725,No,0
A11,6725,A11_6725,No,0
A10,6725,A10_6725,No,0
A09,6725,A09_6725,No,0
A07,6725,A07_6725,No,0
A06,6725,A06_6725,No,0
A05,6725,A05_6725,No,0
A04,6725,A04_6725,No,0
A03,6725,A03_6725,No,0
A02,6725,A02_6725,No,0
A01,6725,A01_6725,No,0
B12,6725,B12_6725,No,0
B11,6725,B11_6725,No,0
B10,6725,B10_6725,No,0
B09,6725,B09_6725,No,0
B08,6725,B08_6725,No,0
B07,6725,B07_6725,No,0
B06,6725,B06_6725,No,0
B05,6725,B05_6725,No,0
B04,6725,B04_6725,No,0
B03,6725,B03_6725,No,0
B02,6725,B02_6725,No,0
B01,6725,B01_6725,No,0
C12,6725,C12_6725,No,0
C11,6725,C11_6725,No,0
C10,6725,C10_6725,No,0
C09,6725,C09_6725,No,0
C08,6725,C08_6725,No,0
C07,6725,C07_6725,No,0
C06,6725,C06_6725,No,0
C05,6725,C05_6725,No,0
C04,6725,C04_6725,No,0
C03,6725,C03_6725,No,0
C02,6725,C02_6725,No,0
C01,6725,C01_6725,No,0
D12,6725,D12_6725,No,0
D11,6725,D11_6725,No,0
D10,6725,D10_6725,No,0
D09,6725,D09_6725,No,0
D08,6725,D08_6725,No,0
D07,6725,D07_6725,No,0
D06,6725,D06_6725,No,0
D05,6725,D05_6725,No,0
D04,6725,D04_6725,No,0
D03,6725,D03_6725,No,0
D02,6725,D02_6725,No,0
D01,6725,D01_6725,No,0
E12,6725,E12_6725,No,0
E11,6725,E11_6725,No,0
E10,6725,E10_6725,No,0
E09,6725,E09_6725,No,0
E08,6725,E08_6725,No,0
E07,6725,E07_6725,No,0
E06,6725,E06_6725,No,0
E05,6725,E05_6725,No,0
E04,6725,E04_6725,No,0
E03,6725,E03_6725,No,0
E02,6725,E02_6725,No,0
E01,6725,E01_6725,No,0
F12,6725,F12_6725,No,0
F11,6725,F11_6725,No,0
F10,6725,F10_6725,No,0
F09,6725,F09_6725,No,0
F07,6725,F07_6725,No,0
F06,6725,F06_6725,No,0
F05,6725,F05_6725,No,0
F04,6725,F04_6725,No,0
F03,6725,F03_6725,No,0
F02,6725,F02_6725,No,0
F01,6725,F01_6725,No,0
G12,6725,G12_6725,No,0
G11,6725,G11_6725,No,0
G10,6725,G10_6725,No,0
G09,6725,G09_6725,No,0
G08,6725,G08_6725,No,0
G07,6725,G07_6725,No,0
G06,6725,G06_6725,No,0
G05,6725,G05_6725,No,0
G04,6725,G04_6725,No,0
G03,6725,G03_6725,No,0
G02,6725,G02_6725,No,0
G01,6725,G01_6725,No,0
H12,6725,H12_6725,No,0
H11,6725,H11_6725,No,0
H10,6725,H10_6725,No,0
H09,6725,H09_6725,No,0
H08,6725,H08_6725,No,0
H07,6725,H07_6725,No,0
H06,6725,H06_6725,No,0
H05,6725,H05_6725,No,0
H04,6725,H04_6725,No,0
H03,6725,H03_6725,No,0
H02,6725,H02_6725,No,0
H01,6725,H01_6725,No,0
A12,6731,A12_6731,No,0
A11,6731,A11_6731,No,0
A10,6731,A10_6731,No,0
A09,6731,A09_6731,No,0
A08,6731,A08_6731,No,0
A07,6731,A07_6731,No,0
A06,6731,A06_6731,No,0
A05,6731,A05_6731,No,0
A04,6731,A04_6731,No,0
A02,6731,A02_6731,No,0
A01,6731,A01_6731,No,0
B12,6731,B12_6731,No,0
B11,6731,B11_6731,No,0
B10,6731,B10_6731,No,0
B09,6731,B09_6731,No,0
B08,6731,B08_6731,No,0
B07,6731,B07_6731,No,0
B06,6731,B06_6731,No,0
B05,6731,B05_6731,No,0
B04,6731,B04_6731,No,0
B03,6731,B03_6731,No,0
B02,6731,B02_6731,No,0
B01,6731,B01_6731,No,0
C12,6731,C12_6731,No,0
C11,6731,C11_6731,No,0
C10,6731,C10_6731,No,0
C09,6731,C09_6731,No,0
C08,6731,C08_6731,No,0
C07,6731,C07_6731,No,0
C06,6731,C06_6731,No,0
C05,6731,C05_6731,No,0
C04,6731,C04_6731,No,0
C03,6731,C03_6731,No,0
C02,6731,C02_6731,No,0
C01,6731,C01_6731,No,0
D12,6731,D12_6731,No,0
D11,6731,D11_6731,No,0
D10,6731,D10_6731,No,0
D09,6731,D09_6731,No,0
D08,6731,D08_6731,No,0
D07,6731,D07_6731,No,0
D06,6731,D06_6731,No,0
D05,6731,D05_6731,No,0
D04,6731,D04_6731,No,0
D03,6731,D03_6731,No,0
D02,6731,D02_6731,No,0
D01,6731,D01_6731,No,0
E12,6731,E12_6731,No,0
E11,6731,E11_6731,No,0
E10,6731,E10_6731,No,0
E09,6731,E09_6731,No,0
E08,6731,E08_6731,No,0
E07,6731,E07_6731,No,0
E06,6731,E06_6731,No,0
E05,6731,E05_6731,No,0
E04,6731,E04_6731,No,0
E03,6731,E03_6731,No,0
E02,6731,E02_6731,No,0
E01,6731,E01_6731,No,0
F12,6731,F12_6731,No,0
F11,6731,F11_6731,No,0
F10,6731,F10_6731,No,0
F09,6731,F09_6731,No,0
F08,6731,F08_6731,No,0
F07,6731,F07_6731,No,0
F06,6731,F06_6731,No,0
F05,6731,F05_6731,No,0
F04,6731,F04_6731,No,0
F03,6731,F03_6731,No,0
F02,6731,F02_6731,No,0
F01,6731,F01_6731,No,0
G12,6731,G12_6731,No,0
G11,6731,G11_6731,No,0
G10,6731,G10_6731,No,0
G09,6731,G09_6731,No,0
G08,6731,G08_6731,No,0
G07,6731,G07_6731,No,0
G06,6731,G06_6731,No,0
G05,6731,G05_6731,No,0
G04,6731,G04_6731,No,0
G03,6731,G03_6731,No,0
G02,6731,G02_6731,No,0
G01,6731,G01_6731,No,0
H12,6731,H12_6731,No,0
H11,6731,H11_6731,No,0
H10,6731,H10_6731,No,0
H09,6731,H09_6731,No,0
H08,6731,H08_6731,No,0
H07,6731,H07_6731,No,0
H06,6731,H06_6731,No,0
H05,6731,H05_6731,No,0
H03,6731,H03_6731,No,0
H02,6731,H02_6731,No,0
H01,6731,H01_6731,No,0
A12,6734,A12_6734,No,0
A11,6734,A11_6734,No,0
A10,6734,A10_6734,No,0
A09,6734,A09_6734,No,0
A08,6734,A08_6734,No,0
A07,6734,A07_6734,No,0
A06,6734,A06_6734,No,0
A05,6734,A05_6734,No,0
A04,6734,A04_6734,No,0
A03,6734,A03_6734,No,0
A02,6734,A02_6734,No,0
A01,6734,A01_6734,No,0
B12,6734,B12_6734,No,0
B11,6734,B11_6734,No,0
B10,6734,B10_6734,No,0
B09,6734,B09_6734,No,0
B08,6734,B08_6734,No,0
B07,6734,B07_6734,No,0
B06,6734,B06_6734,No,0
B05,6734,B05_6734,No,0
B04,6734,B04_6734,No,0
B03,6734,B03_6734,No,0
B02,6734,B02_6734,No,0
B01,6734,B01_6734,No,0
C12,6734,C12_6734,No,0
C11,6734,C11_6734,No,0
C10,6734,C10_6734,No,0
C09,6734,C09_6734,No,0
C08,6734,C08_6734,No,0
C07,6734,C07_6734,No,0
C06,6734,C06_6734,No,0
C05,6734,C05_6734,No,0
C04,6734,C04_6734,No,0
C03,6734,C03_6734,No,0
C02,6734,C02_6734,No,0
C01,6734,C01_6734,No,0
D12,6734,D12_6734,No,0
D11,6734,D11_6734,No,0
D10,6734,D10_6734,No,0
D09,6734,D09_6734,No,0
D08,6734,D08_6734,No,0
D07,6734,D07_6734,No,0
D06,6734,D06_6734,No,0
D05,6734,D05_6734,No,0
D04,6734,D04_6734,No,0
D03,6734,D03_6734,No,0
D02,6734,D02_6734,No,0
D01,6734,D01_6734,No,0
E12,6734,E12_6734,No,0
E11,6734,E11_6734,No,0
E10,6734,E10_6734,No,0
E09,6734,E09_6734,No,0
E08,6734,E08_6734,No,0
E07,6734,E07_6734,No,0
E06,6734,E06_6734,No,0
E05,6734,E05_6734,No,0
E03,6734,E03_6734,No,0
E02,6734,E02_6734,No,0
E01,6734,E01_6734,No,0
F12,6734,F12_6734,No,0
F11,6734,F11_6734,No,0
F10,6734,F10_6734,No,0
F09,6734,F09_6734,No,0
F08,6734,F08_6734,No,0
F07,6734,F07_6734,No,0
F06,6734,F06_6734,No,0
F04,6734,F04_6734,No,0
F03,6734,F03_6734,No,0
F02,6734,F02_6734,No,0
F01,6734,F01_6734,No,0
G12,6734,G12_6734,No,0
G11,6734,G11_6734,No,0
G10,6734,G10_6734,No,0
G09,6734,G09_6734,No,0
G08,6734,G08_6734,No,0
G07,6734,G07_6734,No,0
G06,6734,G06_6734,No,0
G05,6734,G05_6734,No,0
G04,6734,G04_6734,No,0
G03,6734,G03_6734,No,0
G02,6734,G02_6734,No,0
G01,6734,G01_6734,No,0
H12,6734,H12_6734,No,0
H11,6734,H11_6734,No,0
H10,6734,H10_6734,No,0
H09,6734,H09_6734,No,0
H08,6734,H08_6734,No,0
H07,6734,H07_6734,No,0
H06,6734,H06_6734,No,0
H05,6734,H05_6734,No,0
H03,6734,H03_6734,No,0
H02,6734,H02_6734,No,0
H01,6734,H01_6734,No,0
A12,6735,A12_6735,No,0
A11,6735,A11_6735,No,0
A10,6735,A10_6735,No,0
A09,6735,A09_6735,No,0
A08,6735,A08_6735,No,0
A07,6735,A07_6735,No,0
A06,6735,A06_6735,No,0
A05,6735,A05_6735,No,0
A04,6735,A04_6735,No,0
A03,6735,A03_6735,No,0
A02,6735,A02_6735,No,0
A01,6735,A01_6735,No,0
B12,6735,B12_6735,No,0
B11,6735,B11_6735,No,0
B10,6735,B10_6735,No,0
B09,6735,B09_6735,No,0
B08,6735,B08_6735,No,0
B07,6735,B07_6735,No,0
B06,6735,B06_6735,No,0
B05,6735,B05_6735,No,0
B04,6735,B04_6735,No,0
B03,6735,B03_6735,No,0
B02,6735,B02_6735,No,0
C12,6735,C12_6735,No,0
C11,6735,C11_6735,No,0
C10,6735,C10_6735,No,0
C09,6735,C09_6735,No,0
C08,6735,C08_6735,No,0
C07,6735,C07_6735,No,0
C06,6735,C06_6735,No,0
C05,6735,C05_6735,No,0
C04,6735,C04_6735,No,0
C03,6735,C03_6735,No,0
C02,6735,C02_6735,No,0
C01,6735,C01_6735,No,0
D12,6735,D12_6735,No,0
D11,6735,D11_6735,No,0
D10,6735,D10_6735,No,0
D09,6735,D09_6735,No,0
D08,6735,D08_6735,No,0
D07,6735,D07_6735,No,0
D06,6735,D06_6735,No,0
D05,6735,D05_6735,No,0
D04,6735,D04_6735,No,0
D03,6735,D03_6735,No,0
D02,6735,D02_6735,No,0
D01,6735,D01_6735,No,0
E12,6735,E12_6735,No,0
E11,6735,E11_6735,No,0
E10,6735,E10_6735,No,0
E09,6735,E09_6735,No,0
E08,6735,E08_6735,No,0
E07,6735,E07_6735,No,0
E06,6735,E06_6735,No,0
E05,6735,E05_6735,No,0
E04,6735,E04_6735,No,0
E03,6735,E03_6735,No,0
E02,6735,E02_6735,No,0
E01,6735,E01_6735,No,0
F12,6735,F12_6735,No,0
F11,6735,F11_6735,No,0
F10,6735,F10_6735,No,0
F09,6735,F09_6735,No,0
F08,6735,F08_6735,No,0
F07,6735,F07_6735,No,0
F06,6735,F06_6735,No,0
F05,6735,F05_6735,No,0
F04,6735,F04_6735,No,0
F03,6735,F03_6735,No,0
F02,6735,F02_6735,No,0
F01,6735,F01_6735,No,0
G12,6735,G12_6735,No,0
G11,6735,G11_6735,No,0
G10,6735,G10_6735,No,0
G09,6735,G09_6735,No,0
G08,6735,G08_6735,No,0
G07,6735,G07_6735,No,0
G06,6735,G06_6735,No,0
G05,6735,G05_6735,No,0
G04,6735,G04_6735,No,0
G03,6735,G03_6735,No,0
G02,6735,G02_6735,No,0
G01,6735,G01_6735,No,0
H12,6735,H12_6735,No,0
H11,6735,H11_6735,No,0
H10,6735,H10_6735,No,0
H09,6735,H09_6735,No,0
H08,6735,H08_6735,No,0
H07,6735,H07_6735,No,0
H06,6735,H06_6735,No,0
H05,6735,H05_6735,No,0
H04,6735,H04_6735,No,0
H03,6735,H03_6735,No,0
H02,6735,H02_6735,No,0
H01,6735,H01_6735,No,0
A09,6736,A09_6736,no,0
A07,6736,A07_6736,no,0
A06,6736,A06_6736,no,0
B10,6736,B10_6736,no,0
B09,6736,B09_6736,no,0
B07,6736,B07_6736,no,0
B02,6736,B02_6736,no,0
C05,6736,C05_6736,no,0
C03,6736,C03_6736,no,0
C01,6736,C01_6736,no,0
D12,6736,D12_6736,no,0
D09,6736,D09_6736,no,0
D07,6736,D07_6736,no,0
D04,6736,D04_6736,no,0
D02,6736,D02_6736,no,0
D01,6736,D01_6736,no,0
E12,6736,E12_6736,no,0
E11,6736,E11_6736,no,0
E08,6736,E08_6736,no,0
E07,6736,E07_6736,no,0
E06,6736,E06_6736,no,0
E05,6736,E05_6736,no,0
E01,6736,E01_6736,no,0
F07,6736,F07_6736,no,0
F06,6736,F06_6736,no,0
F05,6736,F05_6736,no,0
F01,6736,F01_6736,no,0
G12,6736,G12_6736,no,0
G11,6736,G11_6736,no,0
G08,6736,G08_6736,no,0
G07,6736,G07_6736,no,0
G06,6736,G06_6736,no,0
H11,6736,H11_6736,no,0
H09,6736,H09_6736,no,0
H08,6736,H08_6736,no,0
H07,6736,H07_6736,no,0
H06,6736,H06_6736,no,0
H04,6736,H04_6736,no,0
H02,6736,H02_6736,no,0
H01,6736,H01_6736,no,0
A12,6745,A12_6745,No,0
A11,6745,A11_6745,No,0
A10,6745,A10_6745,No,0
A09,6745,A09_6745,No,0
A07,6745,A07_6745,No,0
A06,6745,A06_6745,No,0
A05,6745,A05_6745,No,0
A04,6745,A04_6745,No,0
A03,6745,A03_6745,No,0
A02,6745,A02_6745,No,0
A01,6745,A01_6745,No,0
B12,6745,B12_6745,No,0
B11,6745,B11_6745,No,0
B10,6745,B10_6745,No,0
B09,6745,B09_6745,No,0
B08,6745,B08_6745,No,0
B07,6745,B07_6745,No,0
B06,6745,B06_6745,No,0
B05,6745,B05_6745,No,0
B04,6745,B04_6745,No,0
B03,6745,B03_6745,No,0
B02,6745,B02_6745,No,0
B01,6745,B01_6745,No,0
C12,6745,C12_6745,No,0
C11,6745,C11_6745,No,0
C10,6745,C10_6745,No,0
C09,6745,C09_6745,No,0
C08,6745,C08_6745,No,0
C07,6745,C07_6745,No,0
C06,6745,C06_6745,No,0
C05,6745,C05_6745,No,0
C04,6745,C04_6745,No,0
C03,6745,C03_6745,No,0
C02,6745,C02_6745,No,0
C01,6745,C01_6745,No,0
D12,6745,D12_6745,No,0
D11,6745,D11_6745,No,0
D10,6745,D10_6745,No,0
D09,6745,D09_6745,No,0
D08,6745,D08_6745,No,0
D07,6745,D07_6745,No,0
D06,6745,D06_6745,No,0
D05,6745,D05_6745,No,0
D03,6745,D03_6745,No,0
D02,6745,D02_6745,No,0
D01,6745,D01_6745,No,0
E12,6745,E12_6745,No,0
E11,6745,E11_6745,No,0
E10,6745,E10_6745,No,0
E09,6745,E09_6745,No,0
E08,6745,E08_6745,No,0
E07,6745,E07_6745,No,0
E06,6745,E06_6745,No,0
E05,6745,E05_6745,No,0
E04,6745,E04_6745,No,0
E03,6745,E03_6745,No,0
E02,6745,E02_6745,No,0
E01,6745,E01_6745,No,0
F12,6745,F12_6745,No,0
F11,6745,F11_6745,No,0
F10,6745,F10_6745,No,0
F09,6745,F09_6745,No,0
F08,6745,F08_6745,No,0
F07,6745,F07_6745,No,0
F06,6745,F06_6745,No,0
F05,6745,F05_6745,No,0
F04,6745,F04_6745,No,0
F03,6745,F03_6745,No,0
F02,6745,F02_6745,No,0
F01,6745,F01_6745,No,0
G12,6745,G12_6745,No,0
G11,6745,G11_6745,No,0
G10,6745,G10_6745,No,0
G09,6745,G09_6745,No,0
G07,6745,G07_6745,No,0
G06,6745,G06_6745,No,0
G05,6745,G05_6745,No,0
G04,6745,G04_6745,No,0
G03,6745,G03_6745,No,0
G02,6745,G02_6745,No,0
G01,6745,G01_6745,No,0
H12,6745,H12_6745,No,0
H11,6745,H11_6745,No,0
H10,6745,H10_6745,No,0
H09,6745,H09_6745,No,0
H08,6745,H08_6745,No,0
H07,6745,H07_6745,No,0
H06,6745,H06_6745,No,0
H05,6745,H05_6745,No,0
H04,6745,H04_6745,No,0
H03,6745,H03_6745,No,0
H02,6745,H02_6745,No,0
H01,6745,H01_6745,No,0
A02,6720,A02_6720,No,0
B08,6720,B08_6720,No,0
F02,6720,F02_6720,No,0
G11,6720,G11_6720,No,0
F04,6720,F04_6720,No,0
E01,6720,E01_6720,No,0
C08,6720,C08_6720,No,0
A05,6720,A05_6720,No,0
D04,6720,D04_6720,No,0
D03,6720,D03_6720,No,0
G05,6720,G05_6720,No,0
G01,6720,G01_6720,No,0
H11,6720,H11_6720,No,0
H09,6720,H09_6720,No,0
D01,6720,D01_6720,No,0
G04,6736,G04_6736,different staining from production (nucleus),0
E09,6736,E09_6736,different staining from production (cytosol),0
,,,,
,,,,
,,,,
,,,,
,,,,
,,,,
,,,,
,,,,
,,,,
,,,,
,,,,
,,,,
,,,,
,,,,
,,,,
,,,,
,,,,
,,,,
,,,,
,,,,
,,,,
,,,,
,,,,
,,,,
,,,,
,,,,
,,,,
,,,,
,,,,
,,,,
,,,,
,,,,
,,,,
,,,,
,,,,
,,,,
,,,,
,,,,
,,,,
,,,,
,,,,
,,,,
,,,,
,,,,
,,,,
,,,,
,,,,
,,,,
,,,,
,,,,
,,,,
,,,,
,,,,
,,,,
,,,,
,,,,
,,,,
,,,,
,,,,
,,,,
,,,,
,,,,
,,,,
,,,,
,,,,
,,,,
,,,,
,,,,
,,,,
,,,,
,,,,
,,,,
,,,,
,,,,
,,,,
,,,,
,,,,
,,,,
,,,,
,,,,
,,,,
,,,,
,,,,
,,,,
,,,,
,,,,
,,,,
,,,,
,,,,
,,,,
,,,,
,,,,
,,,,
,,,,
,,,,
,,,,
,,,,
,,,,
,,,,
,,,,
,,,,
,,,,
,,,,
,,,,
,,,,
,,,,
,,,,
,,,,
,,,,
,,,,
,,,,
,,,,
,,,,
,,,,
,,,,
,,,,
,,,,
,,,,
,,,,
,,,,
,,,,
,,,,
,,,,
,,,,
,,,,
,,,,
,,,,
,,,,
,,,,
,,,,
,,,,
,,,,
,,,,
,,,,
,,,,
,,,,
,,,,
,,,,
,,,,
,,,,
,,,,
,,,,
,,,,
,,,,
,,,,
,,,,
,,,,
,,,,
,,,,
,,,,
,,,,
,,,,
,,,,
,,,,
,,,,
,,,,
,,,,
,,,,
,,,,
,,,,
,,,,
,,,,
,,,,
,,,,
,,,,
,,,,
,,,,
,,,,
,,,,
,,,,
,,,,
,,,,
,,,,
,,,,
,,,,
,,,,
,,,,
,,,,
,,,,
,,,,
,,,,
,,,,
,,,,
,,,,
,,,,
,,,,
,,,,
,,,,
,,,,
,,,,
,,,,
,,,,
,,,,
,,,,
,,,,
,,,,
,,,,
,,,,
,,,,
,,,,
,,,,
,,,,
,,,,
,,,,
,,,,
,,,,
,,,,
,,,,
,,,,
,,,,
,,,,
,,,,
,,,,
,,,,
,,,,
,,,,
,,,,
,,,,
,,,,
,,,,
,,,,
,,,,
,,,,
,,,,
,,,,
,,,,
,,,,
,,,,
,,,,
,,,,
,,,,
,,,,
,,,,
,,,,
,,,,
,,,,
,,,,
,,,,
,,,,
,,,,
,,,,
,,,,
,,,,
,,,,
,,,,
,,,,
,,,,
,,,,
,,,,
,,,,
,,,,
,,,,
,,,,
,,,,
,,,,
,,,,
,,,,
,,,,
,,,,
,,,,
,,,,
,,,,
,,,,
,,,,
,,,,
,,,,
,,,,
,,,,
,,,,
,,,,
,,,,
,,,,
,,,,
,,,,
,,,,
,,,,
,,,,
,,,,
,,,,
,,,,
,,,,
,,,,
,,,,
,,,,
,,,,
,,,,
,,,,
,,,,
,,,,
,,,,
,,,,
,,,,
,,,,
,,,,
,,,,
,,,,
,,,,
,,,,
,,,,
,,,,
,,,,
,,,,
,,,,
,,,,
,,,,
,,,,
,,,,
,,,,
,,,,
,,,,
,,,,
,,,,
,,,,
,,,,
,,,,
,,,,
,,,,
,,,,
,,,,
,,,,
,,,,
,,,,
,,,,
,,,,
,,,,
,,,,
,,,,
,,,,
,,,,
,,,,
,,,,
,,,,
,,,,
,,,,
,,,,
,,,,
,,,,
,,,,
,,,,
,,,,
,,,,
,,,,
,,,,
,,,,
,,,,
,,,,
,,,,
,,,,
,,,,
,,,,
,,,,
,,,,
,,,,
,,,,
,,,,
,,,,
,,,,
,,,,
,,,,
,,,,
,,,,
,,,,
,,,,
,,,,
,,,,
,,,,
,,,,
,,,,
,,,,
,,,,
,,,,
,,,,
,,,,
,,,,
,,,,
,,,,
,,,,
,,,,
,,,,
,,,,
,,,,
,,,,
,,,,
,,,,
,,,,
,,,,
,,,,
,,,,
,,,,
,,,,
,,,,
,,,,
,,,,
,,,,
,,,,
,,,,
,,,,
,,,,
,,,,
,,,,
,,,,
,,,,
,,,,
,,,,
,,,,
,,,,
,,,,
,,,,
,,,,
,,,,
,,,,
,,,,
,,,,
,,,,
,,,,
,,,,
,,,,
,,,,
,,,,
,,,,
,,,,
,,,,
,,,,
,,,,
,,,,
,,,,
,,,,
,,,,
,,,,
,,,,
,,,,
,,,,
,,,,
,,,,
,,,,
,,,,
,,,,
,,,,
,,,,
,,,,
,,,,
,,,,
,,,,
,,,,
,,,,
,,,,
,,,,
,,,,
,,,,
,,,,
,,,,
,,,,
,,,,
,,,,
,,,,
,,,,
,,,,
,,,,
,,,,
,,,,
,,,,
,,,,
,,,,
,,,,
,,,,
,,,,
,,,,
,,,,
,,,,
,,,,
,,,,
,,,,
,,,,
,,,,
,,,,
,,,,
,,,,
,,,,
,,,,
,,,,
,,,,
,,,,
,,,,
,,,,
,,,,
,,,,
,,,,
,,,,
,,,,
,,,,
,,,,
,,,,
,,,,
,,,,
,,,,
,,,,
,,,,
,,,,
,,,,
,,,,
,,,,
,,,,
,,,,
,,,,
,,,,
,,,,
,,,,
,,,,
,,,,
,,,,
,,,,
,,,,
,,,,
,,,,
,,,,
,,,,
,,,,
,,,,
,,,,
,,,,
,,,,
,,,,
,,,,
,,,,
,,,,
,,,,
,,,,
,,,,
,,,,
,,,,
,,,,
,,,,
,,,,
,,,,
,,,,
,,,,
,,,,
,,,,
,,,,
,,,,
,,,,
,,,,
,,,,
,,,,
,,,,
,,,,
,,,,
,,,,
,,,,
,,,,
,,,,
,,,,
,,,,
,,,,
,,,,
,,,,
,,,,
,,,,
,,,,
,,,,
,,,,
,,,,
,,,,
,,,,
,,,,
,,,,
,,,,
,,,,
,,,,
,,,,
,,,,
,,,,
,,,,
,,,,
,,,,
,,,,
,,,,
,,,,
,,,,
,,,,
,,,,
,,,,
,,,,
,,,,
,,,,
,,,,
,,,,
,,,,
,,,,
,,,,
,,,,
,,,,
,,,,
,,,,
,,,,
,,,,
,,,,
,,,,
,,,,
,,,,
,,,,
,,,,
,,,,
,,,,
,,,,
,,,,
,,,,
,,,,
,,,,
,,,,
,,,,
,,,,
,,,,
,,,,
,,,,
,,,,
,,,,
,,,,
,,,,
,,,,
,,,,
,,,,
,,,,
,,,,
,,,,
,,,,
,,,,
,,,,
,,,,
,,,,
,,,,
,,,,
,,,,
,,,,
,,,,
,,,,
,,,,
,,,,
,,,,
,,,,
,,,,
,,,,
,,,,
,,,,
,,,,
,,,,
,,,,
,,,,
,,,,
,,,,
,,,,
,,,,
,,,,
,,,,
,,,,
,,,,
,,,,
,,,,
,,,,
,,,,
,,,,
,,,,
,,,,
,,,,
,,,,
,,,,
,,,,
,,,,
,,,,
,,,,
,,,,
,,,,
,,,,
,,,,
,,,,
,,,,
,,,,
,,,,
,,,,
,,,,
,,,,
,,,,
,,,,
,,,,
,,,,
,,,,
,,,,
,,,,
,,,,
,,,,
,,,,
,,,,
,,,,
,,,,
,,,,
,,,,
,,,,
,,,,
,,,,
,,,,
,,,,
,,,,
,,,,
,,,,
,,,,
,,,,
,,,,
,,,,
,,,,
,,,,
,,,,
,,,,
,,,,
,,,,
,,,,
,,,,
,,,,
,,,,
,,,,
,,,,
,,,,
,,,,
,,,,
,,,,
,,,,
,,,,
,,,,
,,,,
,,,,
,,,,
,,,,
,,,,
,,,,
,,,,
,,,,
,,,,
,,,,
,,,,
,,,,
,,,,
,,,,
,,,,
,,,,
,,,,
,,,,
,,,,
,,,,
,,,,
,,,,
,,,,
,,,,
,,,,
,,,,
,,,,
,,,,
,,,,
,,,,
,,,,
,,,,
,,,,
,,,,
,,,,
,,,,
,,,,
,,,,
,,,,
,,,,
,,,,
,,,,
,,,,
,,,,
,,,,
,,,,
,,,,
,,,,
,,,,
,,,,
,,,,
,,,,
,,,,
,,,,
,,,,
,,,,
,,,,
,,,,
,,,,
,,,,
,,,,
,,,,
,,,,
,,,,
,,,,
,,,,
,,,,
,,,,
,,,,
,,,,
,,,,
,,,,
,,,,
,,,,
,,,,
,,,,
,,,,
,,,,
,,,,
,,,,
,,,,
,,,,
,,,,
,,,,
,,,,
,,,,
,,,,
,,,,
,,,,
,,,,
,,,,
,,,,
,,,,
,,,,
,,,,
,,,,
,,,,
,,,,
,,,,
,,,,
,,,,
,,,,
,,,,
,,,,
,,,,
,,,,
,,,,
,,,,
,,,,
,,,,
,,,,
,,,,
,,,,
,,,,
,,,,
,,,,
,,,,
,,,,
,,,,
,,,,
,,,,
,,,,
,,,,
,,,,
,,,,
,,,,
,,,,
,,,,
,,,,
,,,,
,,,,
,,,,
,,,,
,,,,
,,,,
,,,,
,,,,
,,,,
,,,,
,,,,
,,,,
,,,,
,,,,
,,,,
,,,,
,,,,
,,,,
,,,,
,,,,
,,,,
,,,,
,,,,
,,,,
,,,,
,,,,
,,,,
,,,,
,,,,
,,,,
,,,,
,,,,
,,,,
,,,,
,,,,
,,,,
,,,,
,,,,
,,,,
,,,,
,,,,
,,,,
,,,,
,,,,
,,,,
,,,,
,,,,
,,,,
,,,,
,,,,
,,,,
,,,,
,,,,
,,,,
,,,,
,,,,
,,,,
,,,,
,,,,
,,,,
,,,,
,,,,
,,,,
,,,,
,,,,
,,,,
,,,,
,,,,
,,,,
,,,,
,,,,
,,,,
,,,,
,,,,
,,,,
,,,,
,,,,
,,,,
,,,,
,,,,
,,,,
,,,,
,,,,
,,,,
,,,,
,,,,
,,,,
,,,,
,,,,
,,,,
,,,,
,,,,
,,,,
,,,,
,,,,
,,,,
,,,,
,,,,
,,,,
,,,,
,,,,
,,,,
,,,,
,,,,
,,,,
,,,,
,,,,
,,,,
,,,,
,,,,
,,,,
,,,,
,,,,
,,,,
,,,,
,,,,
,,,,
,,,,
,,,,
,,,,
,,,,
,,,,
,,,,
,,,,
,,,,
,,,,
,,,,
,,,,
,,,,
,,,,
,,,,
,,,,
,,,,
,,,,
,,,,
,,,,
,,,,
,,,,
,,,,
,,,,
,,,,
,,,,
,,,,
,,,,
,,,,
,,,,
,,,,
,,,,
,,,,
,,,,
,,,,
,,,,
,,,,
,,,,
,,,,
,,,,
,,,,
,,,,
,,,,
,,,,
,,,,
,,,,
,,,,
,,,,
,,,,
,,,,
,,,,
,,,,
,,,,
,,,,
,,,,
,,,,
,,,,
,,,,
,,,,
,,,,
,,,,
,,,,
,,,,
,,,,
,,,,
,,,,
,,,,
,,,,
,,,,
,,,,
,,,,
,,,,
,,,,
,,,,
,,,,
,,,,
,,,,
,,,,
,,,,
,,,,
,,,,
,,,,
,,,,
,,,,
,,,,
,,,,
,,,,
,,,,
,,,,
,,,,
,,,,
,,,,
,,,,
,,,,
,,,,
,,,,
,,,,
,,,,
,,,,
,,,,
,,,,
,,,,
,,,,
,,,,
,,,,
,,,,
,,,,
,,,,
,,,,
,,,,
,,,,
,,,,
,,,,
,,,,
,,,,
,,,,
,,,,
,,,,
,,,,
,,,,
,,,,
,,,,
,,,,
,,,,
,,,,
,,,,
,,,,
,,,,
,,,,
,,,,
,,,,
,,,,
,,,,
,,,,
,,,,
,,,,
,,,,
,,,,
,,,,
,,,,
,,,,
,,,,
,,,,
,,,,
,,,,
,,,,
,,,,
,,,,
,,,,
,,,,
,,,,
,,,,
,,,,
,,,,
,,,,
,,,,
,,,,
,,,,
,,,,
,,,,
,,,,
,,,,
,,,,
,,,,
,,,,
,,,,
,,,,
,,,,
,,,,
,,,,
,,,,
,,,,
,,,,
,,,,
,,,,
,,,,
,,,,
,,,,
,,,,
,,,,
,,,,
,,,,
,,,,
,,,,
,,,,
,,,,
,,,,
,,,,
,,,,
,,,,
,,,,
,,,,
,,,,
,,,,
,,,,
,,,,
,,,,
,,,,
,,,,
,,,,
,,,,
,,,,
,,,,
,,,,
,,,,
,,,,
,,,,
,,,,
,,,,
,,,,
,,,,
,,,,
,,,,
,,,,
,,,,
,,,,
,,,,
,,,,
,,,,
,,,,
,,,,
,,,,
,,,,
,,,,
,,,,
,,,,
,,,,
,,,,
,,,,
,,,,
,,,,
,,,,
,,,,
,,,,
,,,,
,,,,
,,,,
,,,,
,,,,
,,,,
,,,,
,,,,
,,,,
,,,,
,,,,
,,,,
,,,,
,,,,
,,,,
,,,,
,,,,
,,,,
,,,,
,,,,
,,,,
,,,,
,,,,
,,,,
,,,,
,,,,
,,,,
,,,,
,,,,
,,,,
,,,,
,,,,
,,,,
,,,,
,,,,
,,,,
,,,,
,,,,
,,,,
,,,,
,,,,
,,,,
,,,,
,,,,
,,,,
,,,,
,,,,
,,,,
,,,,
,,,,
,,,,
,,,,
,,,,
,,,,
,,,,
,,,,
,,,,
,,,,
,,,,
,,,,
,,,,
,,,,
,,,,
,,,,
,,,,
,,,,
,,,,
,,,,
,,,,
,,,,
,,,,
,,,,
,,,,
,,,,
,,,,
,,,,
,,,,
,,,,
,,,,
,,,,
,,,,
,,,,
,,,,
,,,,
,,,,
,,,,
,,,,
,,,,
,,,,
,,,,
,,,,
,,,,
,,,,
,,,,
,,,,
,,,,
,,,,
,,,,
,,,,
,,,,
,,,,
,,,,
,,,,
,,,,
,,,,
,,,,
,,,,
,,,,
,,,,
,,,,
,,,,
,,,,
,,,,
,,,,
,,,,
,,,,
,,,,
,,,,
,,,,
,,,,
,,,,
,,,,
,,,,
,,,,
,,,,
,,,,
,,,,
,,,,
,,,,
,,,,
,,,,
,,,,
,,,,
,,,,
,,,,
,,,,
,,,,
,,,,
,,,,
,,,,
,,,,
,,,,
,,,,
,,,,
,,,,
,,,,
,,,,
,,,,
,,,,
,,,,
,,,,
,,,,
,,,,
,,,,
,,,,
,,,,
,,,,
,,,,
,,,,
,,,,
,,,,
,,,,
,,,,
,,,,
,,,,
,,,,
,,,,
,,,,
,,,,
,,,,
,,,,
,,,,
,,,,
,,,,
,,,,
,,,,
,,,,
,,,,
,,,,
,,,,
,,,,
,,,,
,,,,
,,,,
,,,,
,,,,
,,,,
,,,,
,,,,
,,,,
,,,,
,,,,
,,,,
,,,,
,,,,
,,,,
,,,,
,,,,
,,,,
,,,,
,,,,
,,,,
,,,,
,,,,
,,,,
,,,,
,,,,
,,,,
,,,,
,,,,
,,,,
,,,,
,,,,
,,,,
,,,,
,,,,
,,,,
,,,,
,,,,
,,,,
,,,,
,,,,
,,,,
,,,,
,,,,
,,,,
,,,,
,,,,
,,,,
,,,,
,,,,
,,,,
,,,,
,,,,
,,,,
,,,,
,,,,
,,,,
,,,,
,,,,
,,,,
,,,,
,,,,
,,,,
,,,,
,,,,
,,,,
,,,,
,,,,
,,,,
,,,,
,,,,
,,,,
,,,,
,,,,
,,,,
,,,,
,,,,
,,,,
,,,,
,,,,
,,,,
,,,,
,,,,
,,,,
,,,,
,,,,
,,,,
,,,,
,,,,
,,,,
,,,,
,,,,
,,,,
,,,,
,,,,
,,,,
,,,,
,,,,
,,,,
,,,,
,,,,
,,,,
,,,,
,,,,
,,,,
,,,,
,,,,
,,,,
,,,,
,,,,
,,,,
,,,,
,,,,
,,,,
,,,,
,,,,
,,,,
,,,,
,,,,
,,,,
,,,,
,,,,
,,,,
,,,,
,,,,
,,,,
,,,,
,,,,
,,,,
,,,,
,,,,
,,,,
,,,,
,,,,
,,,,
,,,,
,,,,
,,,,
,,,,
,,,,
,,,,
,,,,
,,,,
,,,,
,,,,
,,,,
,,,,
,,,,
,,,,
,,,,
,,,,
,,,,
,,,,
,,,,
,,,,
,,,,
,,,,
,,,,
,,,,
,,,,
,,,,
,,,,
,,,,
,,,,
,,,,
,,,,
,,,,
,,,,
,,,,
,,,,
,,,,
,,,,
,,,,
,,,,
,,,,
,,,,
,,,,
,,,,
,,,,
,,,,
,,,,
,,,,
,,,,
,,,,
,,,,
,,,,
,,,,
,,,,
,,,,
,,,,
,,,,
,,,,
,,,,
,,,,
,,,,
,,,,
,,,,
,,,,
,,,,
,,,,
,,,,
,,,,
,,,,
,,,,
,,,,
,,,,
,,,,
,,,,
,,,,
,,,,
,,,,
,,,,
,,,,
,,,,
,,,,
,,,,
,,,,
,,,,
,,,,
,,,,
,,,,
,,,,
,,,,
,,,,
,,,,
,,,,
,,,,
,,,,
,,,,
,,,,
,,,,
,,,,
,,,,
,,,,
,,,,
,,,,
,,,,
,,,,
,,,,
,,,,
,,,,
,,,,
,,,,
,,,,
,,,,
,,,,
,,,,
,,,,
,,,,
,,,,
,,,,
,,,,
,,,,
,,,,
,,,,
,,,,
,,,,
,,,,
,,,,
,,,,
,,,,
,,,,
,,,,
,,,,
,,,,
,,,,
,,,,
,,,,
,,,,
,,,,
,,,,
,,,,
,,,,
,,,,
,,,,
,,,,
,,,,
,,,,
,,,,
,,,,
,,,,
,,,,
,,,,
,,,,
,,,,
,,,,
,,,,
,,,,
,,,,
,,,,
,,,,
,,,,
,,,,
,,,,
,,,,
,,,,
,,,,
,,,,
,,,,
,,,,
,,,,
,,,,
,,,,
,,,,
,,,,
,,,,
,,,,
,,,,
,,,,
,,,,
,,,,
,,,,
,,,,
,,,,
,,,,
,,,,
,,,,
,,,,
,,,,
,,,,
,,,,
,,,,
,,,,
,,,,
,,,,
,,,,
,,,,
,,,,
,,,,
,,,,
,,,,
,,,,
,,,,
,,,,
,,,,
,,,,
,,,,
,,,,
,,,,
,,,,
,,,,
,,,,
,,,,
,,,,
,,,,
,,,,
,,,,
,,,,
,,,,
,,,,
,,,,
,,,,
,,,,
,,,,
,,,,
,,,,
,,,,
,,,,
,,,,
,,,,
,,,,
,,,,
,,,,
,,,,
,,,,
,,,,
,,,,
,,,,
,,,,
,,,,
,,,,
,,,,
,,,,
,,,,
,,,,
,,,,
,,,,
,,,,
,,,,
,,,,
,,,,
,,,,
,,,,
,,,,
,,,,
,,,,
,,,,
,,,,
,,,,
,,,,
,,,,
,,,,
,,,,
,,,,
,,,,
,,,,
,,,,
,,,,
,,,,
,,,,
,,,,
,,,,
,,,,
,,,,
,,,,
,,,,
,,,,
,,,,
,,,,
,,,,
,,,,
,,,,
,,,,
,,,,
,,,,
,,,,
,,,,
,,,,
,,,,
,,,,
,,,,
,,,,
,,,,
,,,,
,,,,
,,,,
,,,,
,,,,
,,,,
,,,,
,,,,
,,,,
,,,,
,,,,
,,,,
,,,,
,,,,
,,,,
,,,,
,,,,
,,,,
,,,,
,,,,
,,,,
,,,,
,,,,
,,,,
,,,,
,,,,
,,,,
,,,,
,,,,
,,,,
,,,,
,,,,
,,,,
,,,,
,,,,
,,,,
,,,,
,,,,
,,,,
,,,,
,,,,
,,,,
,,,,
,,,,
,,,,
,,,,
,,,,
,,,,
,,,,
,,,,
,,,,
,,,,
,,,,
,,,,
,,,,
,,,,
,,,,
,,,,
,,,,
,,,,
,,,,
,,,,
,,,,
,,,,
,,,,
,,,,
,,,,
,,,,
,,,,
,,,,
,,,,
,,,,
,,,,
,,,,
,,,,
,,,,
,,,,
,,,,
,,,,
,,,,
,,,,
,,,,
,,,,
,,,,
,,,,
,,,,
,,,,
,,,,
,,,,
,,,,
,,,,
,,,,
,,,,
,,,,
,,,,
,,,,
,,,,
,,,,
,,,,
,,,,
,,,,
,,,,
,,,,
,,,,
,,,,
,,,,
,,,,
,,,,
,,,,
,,,,
,,,,
,,,,
,,,,
,,,,
,,,,
,,,,
,,,,
,,,,
,,,,
,,,,
,,,,
,,,,
,,,,
,,,,
,,,,
,,,,
,,,,
,,,,
,,,,
,,,,
,,,,
,,,,
,,,,
,,,,
,,,,
,,,,
,,,,
,,,,
,,,,
,,,,
,,,,
,,,,
,,,,
,,,,
,,,,
,,,,
,,,,
,,,,
,,,,
,,,,
,,,,
,,,,
,,,,
,,,,
,,,,
,,,,
,,,,
,,,,
,,,,
,,,,
,,,,
,,,,
,,,,
,,,,
,,,,
,,,,
,,,,
,,,,
,,,,
,,,,
,,,,
,,,,
,,,,
,,,,
,,,,
,,,,
,,,,
,,,,
,,,,
,,,,
,,,,
,,,,
,,,,
,,,,
,,,,
,,,,
,,,,
,,,,
,,,,
,,,,
,,,,
,,,,
,,,,
,,,,
,,,,
,,,,
,,,,
,,,,
,,,,
,,,,
,,,,
,,,,
,,,,
,,,,
,,,,
,,,,
,,,,
,,,,
,,,,
,,,,
,,,,
,,,,
,,,,
,,,,
,,,,
,,,,
,,,,
,,,,
,,,,
,,,,
,,,,
,,,,
,,,,
,,,,
,,,,
,,,,
,,,,
,,,,
,,,,
,,,,
,,,,
,,,,
,,,,
,,,,
,,,,
,,,,
,,,,
,,,,
,,,,
,,,,
,,,,
,,,,
,,,,
,,,,
,,,,
,,,,
,,,,
,,,,
,,,,
,,,,
,,,,
,,,,
,,,,
,,,,
,,,,
,,,,
,,,,
,,,,
,,,,
,,,,
,,,,
,,,,
,,,,
,,,,
,,,,
,,,,
,,,,
,,,,
,,,,
,,,,
,,,,
,,,,
,,,,
,,,,
,,,,
,,,,
,,,,
,,,,
,,,,
,,,,
,,,,
,,,,
,,,,
,,,,
,,,,
,,,,
,,,,
,,,,
,,,,
,,,,
,,,,
,,,,
,,,,
,,,,
,,,,
,,,,
,,,,
,,,,
,,,,
,,,,
,,,,
,,,,
,,,,
,,,,
,,,,
,,,,
,,,,
,,,,
,,,,
,,,,
,,,,
,,,,
,,,,
,,,,
,,,,
,,,,
,,,,
,,,,
,,,,
,,,,
,,,,
,,,,
,,,,
,,,,
,,,,
,,,,
,,,,
,,,,
,,,,
,,,,
,,,,
,,,,
,,,,
,,,,
,,,,
,,,,
,,,,
,,,,
,,,,
,,,,
,,,,
,,,,
,,,,
,,,,
,,,,
,,,,
,,,,
,,,,
,,,,
,,,,
,,,,
,,,,
,,,,
,,,,
,,,,
,,,,
,,,,
,,,,
,,,,
,,,,
,,,,
,,,,
,,,,
,,,,
,,,,
,,,,
,,,,
,,,,
,,,,
,,,,
,,,,
,,,,
,,,,
,,,,
,,,,
,,,,
,,,,
,,,,
,,,,
,,,,
,,,,
,,,,
,,,,
,,,,
,,,,
,,,,
,,,,
,,,,
,,,,
,,,,
,,,,
,,,,
,,,,
,,,,
,,,,
,,,,
,,,,
,,,,
,,,,
,,,,
,,,,
,,,,
,,,,
,,,,
,,,,
,,,,
,,,,
,,,,
,,,,
,,,,
,,,,
,,,,
,,,,
,,,,
,,,,
,,,,
,,,,
,,,,
,,,,
,,,,
,,,,
,,,,
,,,,
,,,,
,,,,
,,,,
,,,,
,,,,
,,,,
,,,,
,,,,
,,,,
,,,,
,,,,
,,,,
,,,,
,,,,
,,,,
,,,,
,,,,
,,,,
,,,,
,,,,
,,,,
,,,,
,,,,
,,,,
,,,,
,,,,
,,,,
,,,,
,,,,
,,,,
,,,,
,,,,
,,,,
,,,,
,,,,
,,,,
,,,,
,,,,
,,,,
,,,,
,,,,
,,,,
,,,,
,,,,
,,,,
,,,,
,,,,
,,,,
,,,,
,,,,
,,,,
,,,,
,,,,
,,,,
,,,,
,,,,
,,,,
,,,,
,,,,
,,,,
,,,,
,,,,
,,,,
,,,,
,,,,
,,,,
,,,,
,,,,
,,,,
,,,,
,,,,
,,,,
,,,,
,,,,
,,,,
,,,,
,,,,
,,,,
,,,,
,,,,
,,,,
,,,,
,,,,
,,,,
,,,,
,,,,
,,,,
,,,,
,,,,
,,,,
,,,,
,,,,
,,,,
,,,,
,,,,
,,,,
,,,,
,,,,
,,,,
,,,,
,,,,
,,,,
,,,,
,,,,
,,,,
,,,,
,,,,
,,,,
,,,,
,,,,
,,,,
,,,,
,,,,
,,,,
,,,,
,,,,
,,,,
,,,,
,,,,
,,,,
,,,,
,,,,
,,,,
,,,,
,,,,
,,,,
,,,,
,,,,
,,,,
,,,,
,,,,
,,,,
,,,,
,,,,
,,,,
,,,,
,,,,
,,,,
,,,,
,,,,
,,,,
,,,,
,,,,
,,,,
,,,,
,,,,
,,,,
,,,,
,,,,
,,,,
,,,,
,,,,
,,,,
,,,,
,,,,
,,,,
,,,,
,,,,
,,,,
,,,,
,,,,
,,,,
,,,,
,,,,
,,,,
,,,,
,,,,
,,,,
,,,,
,,,,
,,,,
,,,,
,,,,
,,,,
,,,,
,,,,
,,,,
,,,,
,,,,
,,,,
,,,,
,,,,
,,,,
,,,,
,,,,
,,,,
,,,,
,,,,
,,,,
,,,,
,,,,
,,,,
,,,,
,,,,
,,,,
,,,,
,,,,
,,,,
,,,,
,,,,
,,,,
,,,,
,,,,
,,,,
,,,,
,,,,
,,,,
,,,,
,,,,
,,,,
,,,,
,,,,
,,,,
,,,,
,,,,
,,,,
,,,,
,,,,
,,,,
,,,,
,,,,
,,,,
,,,,
,,,,
,,,,
,,,,
,,,,
,,,,
,,,,
,,,,
,,,,
,,,,
,,,,
,,,,
,,,,
,,,,
,,,,
,,,,
,,,,
,,,,
,,,,
,,,,
,,,,
,,,,
,,,,
,,,,
,,,,
,,,,
,,,,
,,,,
,,,,
,,,,
,,,,
,,,,
,,,,
,,,,
,,,,
,,,,
,,,,
,,,,
,,,,
,,,,
,,,,
,,,,
,,,,
,,,,
,,,,
,,,,
,,,,
,,,,
,,,,
,,,,
,,,,
,,,,
,,,,
,,,,
,,,,
,,,,
,,,,
,,,,
,,,,
,,,,
,,,,
,,,,
,,,,
,,,,
,,,,
,,,,
,,,,
,,,,
,,,,
,,,,
,,,,
,,,,
,,,,
,,,,
,,,,
,,,,
,,,,
,,,,
,,,,
,,,,
,,,,
,,,,
,,,,
,,,,
,,,,
,,,,
,,,,
,,,,
,,,,
,,,,
,,,,
,,,,
,,,,
,,,,
,,,,
,,,,
,,,,
,,,,
,,,,
,,,,
,,,,
,,,,
,,,,
,,,,
,,,,
,,,,
,,,,
,,,,
,,,,
,,,,
,,,,
,,,,
,,,,
,,,,
,,,,
,,,,
,,,,
,,,,
,,,,
,,,,
,,,,
,,,,
,,,,
,,,,
,,,,
,,,,
,,,,
,,,,
,,,,
,,,,
,,,,
,,,,
,,,,
,,,,
,,,,
,,,,
,,,,
,,,,
,,,,
,,,,
,,,,
,,,,
,,,,
,,,,
,,,,
,,,,
,,,,
,,,,
,,,,
,,,,
,,,,
,,,,
,,,,
,,,,
,,,,
,,,,
,,,,
,,,,
,,,,
,,,,
,,,,
,,,,
,,,,
,,,,
,,,,
,,,,
,,,,
,,,,
,,,,
,,,,
,,,,
,,,,
,,,,
,,,,
,,,,
,,,,
,,,,
,,,,
,,,,
,,,,
,,,,
,,,,
,,,,
,,,,
,,,,
,,,,
,,,,
,,,,
,,,,
,,,,
,,,,
,,,,
,,,,
,,,,
,,,,
,,,,
,,,,
,,,,
,,,,
,,,,
,,,,
,,,,
,,,,
,,,,
,,,,
,,,,
,,,,
,,,,
,,,,
,,,,
,,,,
,,,,
,,,,
,,,,
,,,,
,,,,
,,,,
,,,,
,,,,
,,,,
,,,,
,,,,
,,,,
,,,,
,,,,
,,,,
,,,,
,,,,
,,,,
,,,,
,,,,
,,,,
,,,,
,,,,
,,,,
,,,,
,,,,
,,,,
,,,,
,,,,
,,,,
,,,,
,,,,
,,,,
,,,,
,,,,
,,,,
,,,,
,,,,
,,,,
,,,,
,,,,
,,,,
,,,,
,,,,
,,,,
,,,,
,,,,
,,,,
,,,,
,,,,
,,,,
,,,,
,,,,
,,,,
,,,,
,,,,
,,,,
,,,,
,,,,
,,,,
,,,,
,,,,
,,,,
,,,,
,,,,
,,,,
,,,,
,,,,
,,,,
,,,,
,,,,
,,,,
,,,,
,,,,
,,,,
,,,,
,,,,
,,,,
,,,,
,,,,
,,,,
,,,,
,,,,
,,,,
,,,,
,,,,
,,,,
,,,,
,,,,
,,,,
,,,,
,,,,
,,,,
,,,,
,,,,
,,,,
,,,,
,,,,
,,,,
,,,,
,,,,
,,,,
,,,,
,,,,
,,,,
,,,,
,,,,
,,,,
,,,,
,,,,
,,,,
,,,,
,,,,
,,,,
,,,,
,,,,
,,,,
,,,,
,,,,
,,,,
,,,,
,,,,
,,,,
,,,,
,,,,
,,,,
,,,,
,,,,
,,,,
,,,,
,,,,
,,,,
,,,,
,,,,
,,,,
,,,,
,,,,
,,,,
,,,,
,,,,
,,,,
,,,,
,,,,
,,,,
,,,,
,,,,
,,,,
,,,,
,,,,
,,,,
,,,,
,,,,
,,,,
,,,,
,,,,
,,,,
,,,,
,,,,
,,,,
,,,,
,,,,
,,,,
,,,,
,,,,
,,,,
,,,,
,,,,
,,,,
,,,,
,,,,
,,,,
,,,,
,,,,
,,,,
,,,,
,,,,
,,,,
,,,,
,,,,
,,,,
,,,,
,,,,
,,,,
,,,,
,,,,
,,,,
,,,,
,,,,
,,,,
,,,,
,,,,
,,,,
,,,,
,,,,
,,,,
,,,,
,,,,
,,,,
,,,,
,,,,
,,,,
,,,,
,,,,
,,,,
,,,,
,,,,
,,,,
,,,,
,,,,
,,,,
,,,,
,,,,
,,,,
,,,,
,,,,
,,,,
,,,,
,,,,
,,,,
,,,,
,,,,
,,,,
,,,,
,,,,
,,,,
,,,,
,,,,
,,,,
,,,,
,,,,
,,,,
,,,,
,,,,
,,,,
,,,,
,,,,
,,,,
,,,,
,,,,
,,,,
,,,,
,,,,
,,,,
,,,,
,,,,
,,,,
,,,,
,,,,
,,,,
,,,,
,,,,
,,,,
,,,,
,,,,
,,,,
,,,,
,,,,
,,,,
,,,,
,,,,
,,,,
,,,,
,,,,
,,,,
,,,,
,,,,
,,,,
,,,,
,,,,
,,,,
,,,,
,,,,
,,,,
,,,,
,,,,
,,,,
,,,,
,,,,
,,,,
,,,,
,,,,
,,,,
,,,,
,,,,
,,,,
,,,,
,,,,
,,,,
,,,,
,,,,
,,,,
,,,,
,,,,
,,,,
,,,,
,,,,
,,,,
,,,,
,,,,
,,,,
,,,,
,,,,
,,,,
,,,,
,,,,
,,,,
,,,,
,,,,
,,,,
,,,,
,,,,
,,,,
,,,,
,,,,
,,,,
,,,,
,,,,
,,,,
,,,,
,,,,
,,,,
,,,,
,,,,
,,,,
,,,,
,,,,
,,,,
,,,,
,,,,
,,,,
,,,,
,,,,
,,,,
,,,,
,,,,
,,,,
,,,,
,,,,
,,,,
,,,,
,,,,
,,,,
,,,,
,,,,
,,,,
,,,,
,,,,
,,,,
,,,,
,,,,
,,,,
,,,,
,,,,
,,,,
,,,,
,,,,
,,,,
,,,,
,,,,
,,,,
,,,,
,,,,
,,,,
,,,,
,,,,
,,,,
,,,,
,,,,
,,,,
,,,,
,,,,
,,,,
,,,,
,,,,
,,,,
,,,,
,,,,
,,,,
,,,,
,,,,
,,,,
,,,,
,,,,
,,,,
,,,,
,,,,
,,,,
,,,,
,,,,
,,,,
,,,,
,,,,
,,,,
,,,,
,,,,
,,,,
,,,,
,,,,
,,,,
,,,,
,,,,
,,,,
,,,,
,,,,
,,,,
,,,,
,,,,
,,,,
,,,,
,,,,
,,,,
,,,,
,,,,
,,,,
,,,,
,,,,
,,,,
,,,,
,,,,
,,,,
,,,,
,,,,
,,,,
,,,,
,,,,
,,,,
,,,,
,,,,
,,,,
,,,,
,,,,
,,,,
,,,,
,,,,
,,,,
,,,,
,,,,
,,,,
,,,,
,,,,
,,,,
,,,,
,,,,
,,,,
,,,,
,,,,
,,,,
,,,,
,,,,
,,,,
,,,,
,,,,
,,,,
,,,,
,,,,
,,,,
,,,,
,,,,
,,,,
,,,,
,,,,
,,,,
,,,,
,,,,
,,,,
,,,,
,,,,
,,,,
,,,,
,,,,
,,,,
,,,,
,,,,
,,,,
,,,,
,,,,
,,,,
,,,,
,,,,
,,,,
,,,,
,,,,
,,,,
,,,,
,,,,
,,,,
,,,,
,,,,
,,,,
,,,,
,,,,
,,,,
,,,,
,,,,
,,,,
,,,,
,,,,
,,,,
,,,,
,,,,
,,,,
,,,,
,,,,
,,,,
,,,,
,,,,
,,,,
,,,,
,,,,
,,,,
,,,,
,,,,
,,,,
,,,,
,,,,
,,,,
,,,,
,,,,
,,,,
,,,,
,,,,
,,,,
,,,,
,,,,
,,,,
,,,,
,,,,
,,,,
,,,,
,,,,
,,,,
,,,,
,,,,
,,,,
,,,,
,,,,
,,,,
,,,,
,,,,
,,,,
,,,,
,,,,
,,,,
,,,,
,,,,
,,,,
,,,,
,,,,
,,,,
,,,,
,,,,
,,,,
,,,,
,,,,
,,,,
,,,,
,,,,
,,,,
,,,,
,,,,
,,,,
,,,,
,,,,
,,,,
,,,,
,,,,
,,,,
,,,,
,,,,
,,,,
,,,,
,,,,
,,,,
,,,,
,,,,
,,,,
,,,,
,,,,
,,,,
,,,,
,,,,
,,,,
,,,,
,,,,
,,,,
,,,,
,,,,
,,,,
,,,,
,,,,
,,,,
,,,,
,,,,
,,,,
,,,,
,,,,
,,,,
,,,,
,,,,
,,,,
,,,,
,,,,
,,,,
,,,,
,,,,
,,,,
,,,,
,,,,
,,,,
,,,,
,,,,
,,,,
,,,,
,,,,
,,,,
,,,,
,,,,
,,,,
,,,,
,,,,
,,,,
,,,,
,,,,
,,,,
,,,,
,,,,
,,,,
,,,,
,,,,
,,,,
,,,,
,,,,
,,,,
,,,,
,,,,
,,,,
,,,,
,,,,
,,,,
,,,,
,,,,
,,,,
,,,,
,,,,
,,,,
,,,,
,,,,
,,,,
,,,,
,,,,
,,,,
,,,,
,,,,
,,,,
,,,,
,,,,
,,,,
,,,,
,,,,
,,,,
,,,,
,,,,
,,,,
,,,,
,,,,
,,,,
,,,,
,,,,
,,,,
,,,,
,,,,
,,,,
,,,,
,,,,
,,,,
,,,,
,,,,
,,,,
,,,,
,,,,
,,,,
,,,,
,,,,
,,,,
,,,,
,,,,
,,,,
,,,,
,,,,
,,,,
,,,,
,,,,
,,,,
,,,,
,,,,
,,,,
,,,,
,,,,
,,,,
,,,,
,,,,
,,,,
,,,,
,,,,
,,,,
,,,,
,,,,
,,,,
,,,,
,,,,
,,,,
,,,,
,,,,
,,,,
,,,,
,,,,
,,,,
,,,,
,,,,
,,,,
,,,,
,,,,
,,,,
,,,,
,,,,
,,,,
,,,,
,,,,
,,,,
,,,,
,,,,
,,,,
,,,,
,,,,
,,,,
,,,,
,,,,
,,,,
,,,,
,,,,
,,,,
,,,,
,,,,
,,,,
,,,,
,,,,
,,,,
,,,,
,,,,
,,,,
,,,,
,,,,
,,,,
,,,,
,,,,
,,,,
,,,,
,,,,
,,,,
,,,,
,,,,
,,,,
,,,,
,,,,
,,,,
,,,,
,,,,
,,,,
,,,,
,,,,
,,,,
,,,,
,,,,
,,,,
,,,,
,,,,
,,,,
,,,,
,,,,
,,,,
,,,,
,,,,
,,,,
,,,,
,,,,
,,,,
,,,,
,,,,
,,,,
,,,,
,,,,
,,,,
,,,,
,,,,
,,,,
,,,,
,,,,
,,,,
,,,,
,,,,
,,,,
,,,,
,,,,
,,,,
,,,,
,,,,
,,,,
,,,,
,,,,
,,,,
,,,,
,,,,
,,,,
,,,,
,,,,
,,,,
,,,,
,,,,
,,,,
,,,,
,,,,
,,,,
,,,,
,,,,
,,,,
,,,,
,,,,
,,,,
,,,,
,,,,
,,,,
,,,,
,,,,
,,,,
,,,,
,,,,
,,,,
,,,,
,,,,
,,,,
,,,,
,,,,
,,,,
,,,,
,,,,
,,,,
,,,,
,,,,
,,,,
,,,,
,,,,
,,,,
,,,,
,,,,
,,,,
,,,,
,,,,
,,,,
,,,,
,,,,
,,,,
,,,,
,,,,
,,,,
,,,,
,,,,
,,,,
,,,,
,,,,
,,,,
,,,,
,,,,
,,,,
,,,,
,,,,
,,,,
,,,,
,,,,
,,,,
,,,,
,,,,
,,,,
,,,,
,,,,
,,,,
,,,,
,,,,
,,,,
,,,,
,,,,
,,,,
,,,,
,,,,
,,,,
,,,,
,,,,
,,,,
,,,,
,,,,
,,,,
,,,,
,,,,
,,,,
,,,,
,,,,
,,,,
,,,,
,,,,
,,,,
,,,,
,,,,
,,,,
,,,,
,,,,
,,,,
,,,,
,,,,
,,,,
,,,,
,,,,
,,,,
,,,,
,,,,
,,,,
,,,,
,,,,
,,,,
,,,,
,,,,
,,,,
,,,,
,,,,
,,,,
,,,,
,,,,
,,,,
,,,,
,,,,
,,,,
,,,,
,,,,
,,,,
,,,,
,,,,
,,,,
,,,,
,,,,
,,,,
,,,,
,,,,
,,,,
,,,,
,,,,
,,,,
,,,,
,,,,
,,,,
,,,,
,,,,
,,,,
,,,,
,,,,
,,,,
,,,,
,,,,
,,,,
,,,,
,,,,
,,,,
,,,,
,,,,
,,,,
,,,,
,,,,
,,,,
,,,,
,,,,
,,,,
,,,,
,,,,
,,,,
,,,,
,,,,
,,,,
,,,,
,,,,
,,,,
,,,,
,,,,
,,,,
,,,,
,,,,
,,,,
,,,,
,,,,
,,,,
,,,,
,,,,
,,,,
,,,,
,,,,
,,,,
,,,,
,,,,
,,,,
,,,,
,,,,
,,,,
,,,,
,,,,
,,,,
,,,,
,,,,
,,,,
,,,,
,,,,
,,,,
,,,,
,,,,
,,,,
,,,,
,,,,
,,,,
,,,,
,,,,
,,,,
,,,,
,,,,
,,,,
,,,,
,,,,
,,,,
,,,,
,,,,
,,,,
,,,,
,,,,
,,,,
,,,,
,,,,
,,,,
,,,,
,,,,
,,,,
,,,,
,,,,
,,,,
,,,,
,,,,
,,,,
,,,,
,,,,
,,,,
,,,,
,,,,
,,,,
,,,,
,,,,
,,,,
,,,,
,,,,
,,,,
,,,,
,,,,
,,,,
,,,,
,,,,
,,,,
,,,,
,,,,
,,,,
,,,,
,,,,
,,,,
,,,,
,,,,
,,,,
,,,,
,,,,
,,,,
,,,,
,,,,
,,,,
,,,,
,,,,
,,,,
,,,,
,,,,
,,,,
,,,,
,,,,
,,,,
,,,,
,,,,
,,,,
,,,,
,,,,
,,,,
,,,,
,,,,
,,,,
,,,,
,,,,
,,,,
,,,,
,,,,
,,,,
,,,,
,,,,
,,,,
,,,,
,,,,
,,,,
,,,,
,,,,
,,,,
,,,,
,,,,
,,,,
,,,,
,,,,
,,,,
,,,,
,,,,
,,,,
,,,,
,,,,
,,,,
,,,,
,,,,
,,,,
,,,,
,,,,
,,,,
,,,,
,,,,
,,,,
,,,,
,,,,
,,,,
,,,,
,,,,
,,,,
,,,,
,,,,
,,,,
,,,,
,,,,
,,,,
,,,,
,,,,
,,,,
,,,,
,,,,
,,,,
,,,,
,,,,
,,,,
,,,,
,,,,
,,,,
,,,,
,,,,
,,,,
,,,,
,,,,
,,,,
,,,,
,,,,
,,,,
,,,,
,,,,
,,,,
,,,,
,,,,
,,,,
,,,,
,,,,
,,,,
,,,,
,,,,
,,,,
,,,,
,,,,
,,,,
,,,,
,,,,
,,,,
,,,,
,,,,
,,,,
,,,,
,,,,
,,,,
,,,,
,,,,
,,,,
,,,,
,,,,
,,,,
,,,,
,,,,
,,,,
,,,,
,,,,
,,,,
,,,,
,,,,
,,,,
,,,,
,,,,
,,,,
,,,,
,,,,
,,,,
,,,,
,,,,
,,,,
,,,,
,,,,
,,,,
,,,,
,,,,
,,,,
,,,,
,,,,
,,,,
,,,,
,,,,
,,,,
,,,,
,,,,
,,,,
,,,,
,,,,
,,,,
,,,,
,,,,
,,,,
,,,,
,,,,
,,,,
,,,,
,,,,
,,,,
,,,,
,,,,
,,,,
,,,,
,,,,
,,,,
,,,,
,,,,
,,,,
,,,,
,,,,
,,,,
,,,,
,,,,
,,,,
,,,,
,,,,
,,,,
,,,,
,,,,
,,,,
,,,,
,,,,
,,,,
,,,,
,,,,
,,,,
,,,,
,,,,
,,,,
,,,,
,,,,
,,,,
,,,,
,,,,
,,,,
,,,,
,,,,
,,,,
,,,,
,,,,
,,,,
,,,,
,,,,
,,,,
,,,,
,,,,
,,,,
,,,,
,,,,
,,,,
,,,,
,,,,
,,,,
,,,,
,,,,
,,,,
,,,,
,,,,
,,,,
,,,,
,,,,
,,,,
,,,,
,,,,
,,,,
,,,,
,,,,
,,,,
,,,,
,,,,
,,,,
,,,,
,,,,
,,,,
,,,,
,,,,
,,,,
,,,,
,,,,
,,,,
,,,,
,,,,
,,,,
,,,,
,,,,
,,,,
,,,,
,,,,
,,,,
,,,,
,,,,
,,,,
,,,,
,,,,
,,,,
,,,,
,,,,
,,,,
,,,,
,,,,
,,,,
,,,,
,,,,
,,,,
,,,,
,,,,
,,,,
,,,,
,,,,
,,,,
,,,,
,,,,
,,,,
,,,,
,,,,
,,,,
,,,,
,,,,
,,,,
,,,,
,,,,
,,,,
,,,,
,,,,
,,,,
,,,,
,,,,
,,,,
,,,,
,,,,
,,,,
,,,,
,,,,
,,,,
,,,,
,,,,
,,,,
,,,,
,,,,
,,,,
,,,,
,,,,
,,,,
,,,,
,,,,
,,,,
,,,,
,,,,
,,,,
,,,,
,,,,
,,,,
,,,,
,,,,
,,,,
,,,,
,,,,
,,,,
,,,,
,,,,
,,,,
,,,,
,,,,
,,,,
,,,,
,,,,
,,,,
,,,,
,,,,
,,,,
,,,,
,,,,
,,,,
,,,,
,,,,
,,,,
,,,,
,,,,
,,,,
,,,,
,,,,
,,,,
,,,,
,,,,
,,,,
,,,,
,,,,
,,,,
,,,,
,,,,
,,,,
,,,,
,,,,
,,,,
,,,,
,,,,
,,,,
,,,,
,,,,
,,,,
,,,,
,,,,
,,,,
,,,,
,,,,
,,,,
,,,,
,,,,
,,,,
,,,,
,,,,
,,,,
,,,,
,,,,
,,,,
,,,,
,,,,
,,,,
,,,,
,,,,
,,,,
,,,,
,,,,
,,,,
,,,,
,,,,
,,,,
,,,,
,,,,
,,,,
,,,,
,,,,
,,,,
,,,,
,,,,
,,,,
,,,,
,,,,
,,,,
,,,,
,,,,
,,,,
,,,,
,,,,
,,,,
,,,,
,,,,
,,,,
,,,,
,,,,
,,,,
,,,,
,,,,
,,,,
,,,,
,,,,
,,,,
,,,,
,,,,
,,,,
,,,,
,,,,
,,,,
,,,,
,,,,
,,,,
,,,,
,,,,
,,,,
,,,,
,,,,
,,,,
,,,,
,,,,
,,,,
,,,,
,,,,
,,,,
,,,,
,,,,
,,,,
,,,,
,,,,
,,,,
,,,,
,,,,
,,,,
,,,,
,,,,
,,,,
,,,,
,,,,
,,,,
,,,,
,,,,
,,,,
,,,,
,,,,
,,,,
,,,,
,,,,
,,,,
,,,,
,,,,
,,,,
,,,,
,,,,
,,,,
,,,,
,,,,
,,,,
,,,,
,,,,
,,,,
,,,,
,,,,
,,,,
,,,,
,,,,
,,,,
,,,,
,,,,
,,,,
,,,,
,,,,
,,,,
,,,,
,,,,
,,,,
,,,,
,,,,
,,,,
,,,,
,,,,
,,,,
,,,,
,,,,
,,,,
,,,,
,,,,
,,,,
,,,,
,,,,
,,,,
,,,,
,,,,
,,,,
,,,,
,,,,
,,,,
,,,,
,,,,
,,,,
,,,,
,,,,
,,,,
,,,,
,,,,
,,,,
,,,,
,,,,
,,,,
,,,,
,,,,
,,,,
,,,,
,,,,
,,,,
,,,,
,,,,
,,,,
,,,,
,,,,
,,,,
,,,,
,,,,
,,,,
,,,,
,,,,
,,,,
,,,,
,,,,
,,,,
,,,,
,,,,
,,,,
,,,,
,,,,
,,,,
,,,,
,,,,
,,,,
,,,,
,,,,
,,,,
,,,,
,,,,
,,,,
,,,,
,,,,
,,,,
,,,,
,,,,
,,,,
,,,,
,,,,
,,,,
,,,,
,,,,
,,,,
,,,,
,,,,
,,,,
,,,,
,,,,
,,,,
,,,,
,,,,
,,,,
,,,,
,,,,
,,,,
,,,,
,,,,
,,,,
,,,,
,,,,
,,,,
,,,,
,,,,
,,,,
,,,,
,,,,
,,,,
,,,,
,,,,
,,,,
,,,,
,,,,
,,,,
,,,,
,,,,
,,,,
,,,,
,,,,
,,,,
,,,,
,,,,
,,,,
,,,,
,,,,
,,,,
,,,,
,,,,
,,,,
,,,,
,,,,
,,,,
,,,,
,,,,
,,,,
,,,,
,,,,
,,,,
,,,,
,,,,
,,,,
,,,,
,,,,
,,,,
,,,,
,,,,
,,,,
,,,,
,,,,
,,,,
,,,,
,,,,
,,,,
,,,,
,,,,
,,,,
,,,,
,,,,
,,,,
,,,,
,,,,
,,,,
,,,,
,,,,
,,,,
,,,,
,,,,
,,,,
,,,,
,,,,
,,,,
,,,,
,,,,
,,,,
,,,,
,,,,
,,,,
,,,,
,,,,
,,,,
,,,,
,,,,
,,,,
,,,,
,,,,
,,,,
,,,,
,,,,
,,,,
,,,,
,,,,
,,,,
,,,,
,,,,
,,,,
,,,,
,,,,
,,,,
,,,,
,,,,
,,,,
,,,,
,,,,
,,,,
,,,,
,,,,
,,,,
,,,,
,,,,
,,,,
,,,,
,,,,
,,,,
,,,,
,,,,
,,,,
,,,,
,,,,
,,,,
,,,,
,,,,
,,,,
,,,,
,,,,
,,,,
,,,,
,,,,
,,,,
,,,,
,,,,
,,,,
,,,,
,,,,
,,,,
,,,,
,,,,
,,,,
,,,,
,,,,
,,,,
,,,,
,,,,
,,,,
,,,,
,,,,
,,,,
,,,,
,,,,
,,,,
,,,,
,,,,
,,,,
,,,,
,,,,
,,,,
,,,,
,,,,
,,,,
,,,,
,,,,
,,,,
,,,,
,,,,
,,,,
,,,,
,,,,
,,,,
,,,,
,,,,
,,,,
,,,,
,,,,
,,,,
,,,,
,,,,
,,,,
,,,,
,,,,
,,,,
,,,,
,,,,
,,,,
,,,,
,,,,
,,,,
,,,,
,,,,
,,,,
,,,,
,,,,
,,,,
,,,,
,,,,
,,,,
,,,,
,,,,
,,,,
,,,,
,,,,
,,,,
,,,,
,,,,
,,,,
,,,,
,,,,
,,,,
,,,,
,,,,
,,,,
,,,,
,,,,
,,,,
,,,,
,,,,
,,,,
,,,,
,,,,
,,,,
,,,,
,,,,
,,,,
,,,,
,,,,
,,,,
,,,,
,,,,
,,,,
,,,,
,,,,
,,,,
,,,,
,,,,
,,,,
,,,,
,,,,
,,,,
,,,,
,,,,
,,,,
,,,,
,,,,
,,,,
,,,,
,,,,
,,,,
,,,,
,,,,
,,,,
,,,,
,,,,
,,,,
,,,,
,,,,
,,,,
,,,,
,,,,
,,,,
,,,,
,,,,
,,,,
,,,,
,,,,
,,,,
,,,,
,,,,
,,,,
,,,,
,,,,
,,,,
,,,,
,,,,
,,,,
,,,,
,,,,
,,,,
,,,,
,,,,
,,,,
,,,,
,,,,
,,,,
,,,,
,,,,
,,,,
,,,,
,,,,
,,,,
,,,,
,,,,
,,,,
,,,,
,,,,
,,,,
,,,,
,,,,
,,,,
,,,,
,,,,
,,,,
,,,,
,,,,
,,,,
,,,,
,,,,
,,,,
,,,,
,,,,
,,,,
,,,,
,,,,
,,,,
,,,,
,,,,
,,,,
,,,,
,,,,
,,,,
,,,,
,,,,
,,,,
,,,,
,,,,
,,,,
,,,,
,,,,
,,,,
,,,,
,,,,
,,,,
,,,,
,,,,
,,,,
,,,,
,,,,
,,,,
,,,,
,,,,
,,,,
,,,,
,,,,
,,,,
,,,,
,,,,
,,,,
,,,,
,,,,
,,,,
,,,,
,,,,
,,,,
,,,,
,,,,
,,,,
,,,,
,,,,
,,,,
,,,,
,,,,
,,,,
,,,,
,,,,
,,,,
,,,,
,,,,
,,,,
,,,,
,,,,
,,,,
,,,,
,,,,
,,,,
,,,,
,,,,
,,,,
,,,,
,,,,
,,,,
,,,,
,,,,
,,,,
,,,,
,,,,
,,,,
,,,,
,,,,
,,,,
,,,,
,,,,
,,,,
,,,,
,,,,
,,,,
,,,,
,,,,
,,,,
,,,,
,,,,
,,,,
,,,,
,,,,
,,,,
,,,,
,,,,
,,,,
,,,,
,,,,
,,,,
,,,,
,,,,
,,,,
,,,,
,,,,
,,,,
,,,,
,,,,
,,,,
,,,,
,,,,
,,,,
,,,,
,,,,
,,,,
,,,,
,,,,
,,,,
,,,,
,,,,
,,,,
,,,,
,,,,
,,,,
,,,,
,,,,
,,,,
,,,,
,,,,
,,,,
,,,,
,,,,
,,,,
,,,,
,,,,
,,,,
,,,,
,,,,
,,,,
,,,,
,,,,
,,,,
,,,,
,,,,
,,,,
,,,,
,,,,
,,,,
,,,,
,,,,
,,,,
,,,,
,,,,
,,,,
,,,,
,,,,
,,,,
,,,,
,,,,
,,,,
,,,,
,,,,
,,,,
,,,,
,,,,
,,,,
,,,,
,,,,
,,,,
,,,,
,,,,
,,,,
,,,,
,,,,
,,,,
,,,,
,,,,
,,,,
,,,,
,,,,
,,,,
,,,,
,,,,
,,,,
,,,,
,,,,
,,,,
,,,,
,,,,
,,,,
,,,,
,,,,
,,,,
,,,,
,,,,
,,,,
,,,,
,,,,
,,,,
,,,,
,,,,
,,,,
,,,,
,,,,
,,,,
,,,,
,,,,
,,,,
,,,,
,,,,
,,,,
,,,,
,,,,
,,,,
,,,,
,,,,
,,,,
,,,,
,,,,
,,,,
,,,,
,,,,
,,,,
,,,,
,,,,
,,,,
,,,,
,,,,
,,,,
,,,,
,,,,
,,,,
,,,,
,,,,
,,,,
,,,,
,,,,
,,,,
,,,,
,,,,
,,,,
,,,,
,,,,
,,,,
,,,,
,,,,
,,,,
,,,,
,,,,
,,,,
,,,,
,,,,
,,,,
,,,,
,,,,
,,,,
,,,,
,,,,
,,,,
,,,,
,,,,
,,,,
,,,,
,,,,
,,,,
,,,,
,,,,
,,,,
,,,,
,,,,
,,,,
,,,,
,,,,
,,,,
,,,,
,,,,
,,,,
,,,,
,,,,
,,,,
,,,,
,,,,
,,,,
,,,,
,,,,
,,,,
,,,,
,,,,
,,,,
,,,,
,,,,
,,,,
,,,,
,,,,
,,,,
,,,,
,,,,
,,,,
,,,,
,,,,
,,,,
,,,,
,,,,
,,,,
,,,,
,,,,
,,,,
,,,,
,,,,
,,,,
,,,,
,,,,
,,,,
,,,,
,,,,
,,,,
,,,,
,,,,
,,,,
,,,,
,,,,
,,,,
,,,,
,,,,
,,,,
,,,,
,,,,
,,,,
,,,,
,,,,
,,,,
,,,,
,,,,
,,,,
,,,,
,,,,
,,,,
,,,,
,,,,
,,,,
,,,,
,,,,
,,,,
,,,,
,,,,
,,,,
,,,,
,,,,
,,,,
,,,,
,,,,
,,,,
,,,,
,,,,
,,,,
,,,,
,,,,
,,,,
,,,,
,,,,
,,,,
,,,,
,,,,
,,,,
,,,,
,,,,
,,,,
,,,,
,,,,
,,,,
,,,,
,,,,
,,,,
,,,,
,,,,
,,,,
,,,,
,,,,
,,,,
,,,,
,,,,
,,,,
,,,,
,,,,
,,,,
,,,,
,,,,
,,,,
,,,,
,,,,
,,,,
,,,,
,,,,
,,,,
,,,,
,,,,
,,,,
,,,,
,,,,
,,,,
,,,,
,,,,
,,,,
,,,,
,,,,
,,,,
,,,,
,,,,
,,,,
,,,,
,,,,
,,,,
,,,,
,,,,
,,,,
,,,,
,,,,
,,,,
,,,,
,,,,
,,,,
,,,,
,,,,
,,,,
,,,,
,,,,
,,,,
,,,,
,,,,
,,,,
,,,,
,,,,
,,,,
,,,,
,,,,
,,,,
,,,,
,,,,
,,,,
,,,,
,,,,
,,,,
,,,,
,,,,
,,,,
,,,,
,,,,
,,,,
,,,,
,,,,
,,,,
,,,,
,,,,
,,,,
,,,,
,,,,
,,,,
,,,,
,,,,
,,,,
,,,,
,,,,
,,,,
,,,,
,,,,
,,,,
,,,,
,,,,
,,,,
,,,,
,,,,
,,,,
,,,,
,,,,
,,,,
,,,,
,,,,
,,,,
,,,,
,,,,
,,,,
,,,,
,,,,
,,,,
,,,,
,,,,
,,,,
,,,,
,,,,
,,,,
,,,,
,,,,
,,,,
,,,,
,,,,
,,,,
,,,,
,,,,
,,,,
,,,,
,,,,
,,,,
,,,,
,,,,
,,,,
,,,,
,,,,
,,,,
,,,,
,,,,
,,,,
,,,,
,,,,
,,,,
,,,,
,,,,
,,,,
,,,,
,,,,
,,,,
,,,,
,,,,
,,,,
,,,,
,,,,
,,,,
,,,,
,,,,
,,,,
,,,,
,,,,
,,,,
,,,,
,,,,
,,,,
,,,,
,,,,
,,,,
,,,,
,,,,
,,,,
,,,,
,,,,
,,,,
,,,,
,,,,
,,,,
,,,,
,,,,
,,,,
,,,,
,,,,
,,,,
,,,,
,,,,
,,,,
,,,,
,,,,
,,,,
,,,,
,,,,
,,,,
,,,,
,,,,
,,,,
,,,,
,,,,
,,,,
,,,,
,,,,
,,,,
,,,,
,,,,
,,,,
,,,,
,,,,
,,,,
,,,,
,,,,
,,,,
,,,,
,,,,
,,,,
,,,,
,,,,
,,,,
,,,,
,,,,
,,,,
,,,,
,,,,
,,,,
,,,,
,,,,
,,,,
,,,,
,,,,
,,,,
,,,,
,,,,
,,,,
,,,,
,,,,
,,,,
,,,,
,,,,
,,,,
,,,,
,,,,
,,,,
,,,,
,,,,
,,,,
,,,,
,,,,
,,,,
,,,,
,,,,
,,,,
,,,,
,,,,
,,,,
,,,,
,,,,
,,,,
,,,,
,,,,
,,,,
,,,,
,,,,
,,,,
,,,,
,,,,
,,,,
,,,,
,,,,
,,,,
,,,,
,,,,
,,,,
,,,,
,,,,
,,,,
,,,,
,,,,
,,,,
,,,,
,,,,
,,,,
,,,,
,,,,
,,,,
,,,,
,,,,
,,,,
,,,,
,,,,
,,,,
,,,,
,,,,
,,,,
,,,,
,,,,
,,,,
,,,,
,,,,
,,,,
,,,,
,,,,
,,,,
,,,,
,,,,
,,,,
,,,,
,,,,
,,,,
,,,,
,,,,
,,,,
,,,,
,,,,
,,,,
,,,,
,,,,
,,,,
,,,,
,,,,
,,,,
,,,,
,,,,
,,,,
,,,,
,,,,
,,,,
,,,,
,,,,
,,,,
,,,,
,,,,
,,,,
,,,,
,,,,
,,,,
,,,,
,,,,
,,,,
,,,,
,,,,
,,,,
,,,,
,,,,
,,,,
,,,,
,,,,
,,,,
,,,,
,,,,
,,,,
,,,,
,,,,
,,,,
,,,,
,,,,
,,,,
,,,,
,,,,
,,,,
,,,,
,,,,
,,,,
,,,,
,,,,
,,,,
,,,,
,,,,
,,,,
,,,,
,,,,
,,,,
,,,,
,,,,
,,,,
,,,,
,,,,
,,,,
,,,,
,,,,
,,,,
,,,,
,,,,
,,,,
,,,,
,,,,
,,,,
,,,,
,,,,
,,,,
,,,,
,,,,
,,,,
,,,,
,,,,
,,,,
,,,,
,,,,
,,,,
,,,,
,,,,
,,,,
,,,,
,,,,
,,,,
,,,,
,,,,
,,,,
,,,,
,,,,
,,,,
,,,,
,,,,
,,,,
,,,,
,,,,
,,,,
,,,,
,,,,
,,,,
,,,,
,,,,
,,,,
,,,,
,,,,
,,,,
,,,,
,,,,
,,,,
,,,,
,,,,
,,,,
,,,,
,,,,
,,,,
,,,,
,,,,
,,,,
,,,,
,,,,
,,,,
,,,,
,,,,
,,,,
,,,,
,,,,
,,,,
,,,,
,,,,
,,,,
,,,,
,,,,
,,,,
,,,,
,,,,
,,,,
,,,,
,,,,
,,,,
,,,,
,,,,
,,,,
,,,,
,,,,
,,,,
,,,,
,,,,
,,,,
,,,,
,,,,
,,,,
,,,,
,,,,
,,,,
,,,,
,,,,
,,,,
,,,,
,,,,
,,,,
,,,,
,,,,
,,,,
,,,,
,,,,
,,,,
,,,,
,,,,
,,,,
,,,,
,,,,
,,,,
,,,,
,,,,
,,,,
,,,,
,,,,
,,,,
,,,,
,,,,
,,,,
,,,,
,,,,
,,,,
,,,,
,,,,
,,,,
,,,,
,,,,
,,,,
,,,,
,,,,
,,,,
,,,,
,,,,
,,,,
,,,,
,,,,
,,,,
,,,,
,,,,
,,,,
,,,,
,,,,
,,,,
,,,,
,,,,
,,,,
,,,,
,,,,
,,,,
,,,,
,,,,
,,,,
,,,,
,,,,
,,,,
,,,,
,,,,
,,,,
,,,,
,,,,
,,,,
,,,,
,,,,
,,,,
,,,,
,,,,
,,,,
,,,,
,,,,
,,,,
,,,,
,,,,
,,,,
,,,,
,,,,
,,,,
,,,,
,,,,
,,,,
,,,,
,,,,
,,,,
,,,,
,,,,
,,,,
,,,,
,,,,
,,,,
,,,,
,,,,
,,,,
,,,,
,,,,
,,,,
,,,,
,,,,
,,,,
,,,,
,,,,
,,,,
,,,,
,,,,
,,,,
,,,,
,,,,
,,,,
,,,,
,,,,
,,,,
,,,,
,,,,
,,,,
,,,,
,,,,
,,,,
,,,,
,,,,
,,,,
,,,,
,,,,
,,,,
,,,,
,,,,
,,,,
,,,,
,,,,
,,,,
,,,,
,,,,
,,,,
,,,,
,,,,
,,,,
,,,,
,,,,
,,,,
,,,,
,,,,
,,,,
,,,,
,,,,
,,,,
,,,,
,,,,
,,,,
,,,,
,,,,
,,,,
,,,,
,,,,
,,,,
,,,,
,,,,
,,,,
,,,,
,,,,
,,,,
,,,,
,,,,
,,,,
,,,,
,,,,
,,,,
,,,,
,,,,
,,,,
,,,,
,,,,
,,,,
,,,,
,,,,
,,,,
,,,,
,,,,
,,,,
,,,,
,,,,
,,,,
,,,,
,,,,
,,,,
,,,,
,,,,
,,,,
,,,,
,,,,
,,,,
,,,,
,,,,
,,,,
,,,,
,,,,
,,,,
,,,,
,,,,
,,,,
,,,,
,,,,
,,,,
,,,,
,,,,
,,,,
,,,,
,,,,
,,,,
,,,,
,,,,
,,,,
,,,,
,,,,
,,,,
,,,,
,,,,
,,,,
,,,,
,,,,
,,,,
,,,,
,,,,
,,,,
,,,,
,,,,
,,,,
,,,,
,,,,
,,,,
,,,,
,,,,
,,,,
,,,,
,,,,
,,,,
,,,,
,,,,
,,,,
,,,,
,,,,
,,,,
,,,,
,,,,
,,,,
,,,,
,,,,
,,,,
,,,,
,,,,
,,,,
,,,,
,,,,
,,,,
,,,,
,,,,
,,,,
,,,,
,,,,
,,,,
,,,,
,,,,
,,,,
,,,,
,,,,
,,,,
,,,,
,,,,
,,,,
,,,,
,,,,
,,,,
,,,,
,,,,
,,,,
,,,,
,,,,
,,,,
,,,,
,,,,
,,,,
,,,,
,,,,
,,,,
,,,,
,,,,
,,,,
,,,,
,,,,
,,,,
,,,,
,,,,
,,,,
,,,,
,,,,
,,,,
,,,,
,,,,
,,,,
,,,,
,,,,
,,,,
,,,,
,,,,
,,,,
,,,,
,,,,
,,,,
,,,,
,,,,
,,,,
,,,,
,,,,
,,,,
,,,,
,,,,
,,,,
,,,,
,,,,
,,,,
,,,,
,,,,
,,,,
,,,,
,,,,
,,,,
,,,,
,,,,
,,,,
,,,,
,,,,
,,,,
,,,,
,,,,
,,,,
,,,,
,,,,
,,,,
,,,,
,,,,
,,,,
,,,,
,,,,
,,,,
,,,,
,,,,
,,,,
,,,,
,,,,
,,,,
,,,,
,,,,
,,,,
,,,,
,,,,
,,,,
,,,,
,,,,
,,,,
,,,,
,,,,
,,,,
,,,,
,,,,
,,,,
,,,,
,,,,
,,,,
,,,,
,,,,
,,,,
,,,,
,,,,
,,,,
,,,,
,,,,
,,,,
,,,,
,,,,
,,,,
,,,,
,,,,
,,,,
,,,,
,,,,
,,,,
,,,,
,,,,
,,,,
,,,,
,,,,
,,,,
,,,,
,,,,
,,,,
,,,,
,,,,
,,,,
,,,,
,,,,
,,,,
,,,,
,,,,
,,,,
,,,,
,,,,
,,,,
,,,,
,,,,
,,,,
,,,,
,,,,
,,,,
,,,,
,,,,
,,,,
,,,,
,,,,
,,,,
,,,,
,,,,
,,,,
,,,,
,,,,
,,,,
,,,,
,,,,
,,,,
,,,,
,,,,
,,,,
,,,,
,,,,
,,,,
,,,,
,,,,
,,,,
,,,,
,,,,
,,,,
,,,,
,,,,
,,,,
,,,,
,,,,
,,,,
,,,,
,,,,
,,,,
,,,,
,,,,
,,,,
,,,,
,,,,
,,,,
,,,,
,,,,
,,,,
,,,,
,,,,
,,,,
,,,,
,,,,
,,,,
,,,,
,,,,
,,,,
,,,,
,,,,
,,,,
,,,,
,,,,
,,,,
,,,,
,,,,
,,,,
,,,,
,,,,
,,,,
,,,,
,,,,
,,,,
,,,,
,,,,
,,,,
,,,,
,,,,
,,,,
,,,,
,,,,
,,,,
,,,,
,,,,
,,,,
,,,,
,,,,
,,,,
,,,,
,,,,
,,,,
,,,,
,,,,
,,,,
,,,,
,,,,
,,,,
,,,,
,,,,
,,,,
,,,,
,,,,
,,,,
,,,,
,,,,
,,,,
,,,,
,,,,
,,,,
,,,,
,,,,
,,,,
,,,,
,,,,
,,,,
,,,,
,,,,
,,,,
,,,,
,,,,
,,,,
,,,,
,,,,
,,,,
,,,,
,,,,
,,,,
,,,,
,,,,
,,,,
,,,,
,,,,
,,,,
,,,,
,,,,
,,,,
,,,,
,,,,
,,,,
,,,,
,,,,
,,,,
,,,,
,,,,
,,,,
,,,,
,,,,
,,,,
,,,,
