well_plate,IF main antibody location,IF additional antibody location
A01_55185977,Nucleoplasm,Cytosol
B01_55185977,Nucleus,
C01_55185977,Cytosol,Nucleoplasm
D01_55185977,Mitochondria,
E01_55185977,Nucleus;Nucleoli fibrillar center,Cytosol
F01_55185977,Cytosol,Nucleoplasm
G01_55185977,Plasma membrane;Cytosol,
H01_55185977,Nucleoplasm;Cytosol,
A02_55185977,Nucleus,Nuclear bodies;Golgi apparatus;Actin filaments
B02_55185977,Nucleus,Nucleoli;Cytosol
C02_55185977,Nucleoli;Mitochondria,Nucleus
D02_55185977,Nucleus,
E02_55185977,Mitochondria,Nucleoli
F02_55185977,Nucleus,Centrosome;Cytosol
G02_55185977,Nuclear bodies;Cytosol,
H02_55185977,Cytosol,
A03_55185977,Intermediate filaments,
B03_55185977,Plasma membrane;Cytosol,Nucleoplasm;Vesicles
C03_55185977,Nucleus;Nucleoli,
D03_55185977,Nucleus;Cytosol,Nucleoli;Microtubule organizing center
E03_55185977,Actin filaments,Plasma membrane;Cytosol
F03_55185977,Golgi apparatus,
G03_55185977,Nucleoplasm,Cytosol
H03_55185977,Nucleus,Nucleoli
A04_55185977,Nucleus,Vesicles;Plasma membrane
B04_55185977,Vesicles;Cytosol,Nucleus
C04_55185977,Nucleus;Nucleoli,Cytosol
D04_55185977,Nucleus;Vesicles,Cytosol
E04_55185977,Intermediate filaments,
F04_55185977,Nuclear bodies,
G04_55185977,Nucleus,Nucleoli
H04_55185977,Nucleoplasm,
A05_55185977,Cytosol,Nucleus
B05_55185977,Intermediate filaments,
C05_55185977,Cytosol,Nucleus
D05_55185977,Nucleoli,
E05_55185977,Cytosol,
F05_55185977,Nucleus;Nucleoli fibrillar center,Vesicles;Cytosol
G05_55185977,Plasma membrane,
H05_55185977,Mitochondria,
A06_55185977,Cytosol,Nucleus
B06_55185977,Nucleoplasm,
C06_55185977,Cytosol,Nucleoplasm
D06_55185977,Actin filaments;Focal adhesion sites,
E06_55185977,Nucleus,
F06_55185977,Cytosol,Mitochondria
G06_55185977,Nucleoplasm,
H06_55185977,Nucleus;Nucleoli;Nuclear bodies;Centrosome,
A07_55185977,Vesicles,
B07_55185977,Nucleoplasm,
C07_55185977,Nucleoplasm,
D07_55185977,Nucleoplasm,
E07_55185977,Nucleoplasm,
F07_55185977,Microtubule organizing center;Cytosol,Mitochondria
G07_55185977,Nucleus,Nucleoli;Cytosol
H07_55185977,Nucleus,
A08_55185977,Cytosol,Nucleoplasm
B08_55185977,Nucleus;Mitochondria,Cytosol
C08_55185977,Mitochondria,Nucleus
D08_55185977,Cytosol,
E08_55185977,Nucleoplasm,Nuclear bodies
F08_55185977,Vesicles,
G08_55185977,Endoplasmic reticulum;Cytosol,Centrosome
H08_55185977,Nucleoplasm;Nuclear bodies,Cytosol
A09_55185977,Nuclear bodies,
B09_55185977,Mitochondria,
C09_55185977,Cytosol,Nucleoplasm
D09_55185977,Nucleoplasm;Centrosome,Cytosol
E09_55185977,Nucleoplasm,Cytosol
F09_55185977,Nucleus,Nucleoli
G09_55185977,Plasma membrane;Cytosol,Golgi apparatus
H09_55185977,Nucleus,Nucleoli;Plasma membrane;Mitochondria
A10_55185977,Nucleoplasm,Nuclear bodies
B10_55185977,Cytosol,
C10_55185977,Nuclear bodies,Nucleus;Mitochondria
D10_55185977,Nucleoplasm,
E10_55185977,Nuclear bodies,Nucleoplasm;Focal adhesion sites
F10_55185977,Plasma membrane,
G10_55185977,Nucleus,
H10_55185977,Cytosol,Intermediate filaments;Rods & Rings
A11_55185977,Cytosol,Nucleoplasm
B11_55185977,Nucleoplasm,
C11_55185977,Nucleoli fibrillar center;Cytosol,
D11_55185977,Nucleus,Nuclear bodies;Cytosol
E11_55185977,Nucleus;Nucleoplasm;Nucleoli,
F11_55185977,Nucleoplasm;Nuclear bodies,Plasma membrane
G11_55185977,Golgi apparatus,
H11_55185977,Mitochondria,
A12_55185977,Endoplasmic reticulum,Cytosol
B12_55185977,Vesicles,
C12_55185977,Cytosol,
D12_55185977,Plasma membrane;Actin filaments,Vesicles
E12_55185977,Vesicles,
F12_55185977,Vesicles;Cytosol,Plasma membrane
G12_55185977,Mitochondria,Vesicles
A01_55195978,Microtubules;Cytosol,
B01_55195978,Cytosol,
C01_55195978,Cytosol,
D01_55195978,Nucleoli,Nucleus;Intermediate filaments
E01_55195978,Nucleus;Nucleoli fibrillar center,
F01_55195978,Nucleus,
G01_55195978,Cytosol,
H01_55195978,Golgi apparatus,
A02_55195978,Vesicles;Plasma membrane,
B02_55195978,Nucleoplasm;Cytosol,
C02_55195978,Cytosol,Nucleoli fibrillar center
D02_55195978,Cytosol,
E02_55195978,Nucleoplasm;Mitochondria,
F02_55195978,Vesicles;Plasma membrane,
G02_55195978,Nucleus;Nucleoli,Cytosol
H02_55195978,Nucleus;Vesicles;Plasma membrane,
A03_55195978,Plasma membrane,
B03_55195978,Nucleoli fibrillar center;Vesicles,Lipid droplets
C03_55195978,Mitochondria,Nucleoli
D03_55195978,Cytosol,Nucleus;Vesicles
E03_55195978,Nucleus;Nucleoli,Nuclear membrane;Cytosol
F03_55195978,Golgi apparatus,
G03_55195978,Nucleoplasm,Mitotic spindle
H03_55195978,Intermediate filaments,Plasma membrane;Cytosol
A04_55195978,Cytosol,
B04_55195978,Vesicles,
C04_55195978,Vesicles,
D04_55195978,Cytosol,Plasma membrane
E04_55195978,Vesicles;Actin filaments;Cytosol,
F04_55195978,Nucleoplasm,Nucleoli
G04_55195978,Mitochondria,Nucleoplasm
H04_55195978,Cytosol,
A05_55195978,Cytosol,
B05_55195978,Nucleus;Nucleoli;Nucleoli fibrillar center,
C05_55195978,Mitochondria,
D05_55195978,Cytosol,
E05_55195978,Endoplasmic reticulum,Nucleus
F05_55195978,Nucleoplasm;Cytosol,
G05_55195978,Nucleoplasm;Vesicles,
H05_55195978,Intermediate filaments,Nucleoplasm
A06_55195978,Mitochondria,
B06_55195978,Nucleoplasm,
C06_55195978,Nucleoplasm,Golgi apparatus
D06_55195978,Nucleoplasm;Nucleoli fibrillar center,Cytosol
E06_55195978,Plasma membrane,
F06_55195978,Nucleoplasm;Cytosol,
G06_55195978,Actin filaments,
H06_55195978,Nucleoplasm;Plasma membrane;Cytosol,
A07_55195978,Nucleoplasm;Cytosol,
B07_55195978,Nucleoplasm,Mitochondria
C07_55195978,Vesicles,
D07_55195978,Cell Junctions,
E07_55195978,Vesicles,
F07_55195978,Nucleoplasm,
G07_55195978,Intermediate filaments,
H07_55195978,Nucleus,
A08_55195978,Nucleoplasm;Cytosol,
B08_55195978,Nucleoplasm,Cytosol
C08_55195978,Nucleus,Nuclear bodies
D08_55195978,Cytosol,
E08_55195978,Nucleoli,Nucleus;Cytosol
F08_55195978,Mitochondria,
G08_55195978,Nucleoplasm,Nuclear speckles;Golgi apparatus;Cytosol
H08_55195978,Nucleoplasm,
A09_55195978,Plasma membrane;Microtubule organizing center,
B09_55195978,Nucleoplasm;Cytosol,
C09_55195978,Nucleus;Nucleoli,
D09_55195978,Cytosol,Nucleoplasm;Actin filaments
E09_55195978,Nucleoplasm,Vesicles
F09_55195978,Cytosol,
G09_55195978,Centrosome,Cytosol
H09_55195978,Mitochondria,
A10_55195978,Nucleus;Nucleoli;Microtubules,Focal adhesion sites
B10_55195978,Nucleus,Nucleoli
C10_55195978,Microtubule organizing center;Cytosol,
D10_55195978,Cytosol,Golgi apparatus
E10_55195978,Nucleoplasm,
F10_55195978,Nucleoplasm,
G10_55195978,Nucleoplasm,
H10_55195978,Nucleoplasm;Mitochondria,
A11_55195978,Cytosol,Nucleus
B11_55195978,Nucleoplasm,
C11_55195978,Cytosol,
D11_55195978,Mitochondria,
E11_55195978,Mitochondria,
F11_55195978,Mitochondria,Nucleoplasm;Vesicles
G11_55195978,Nucleus;Nucleoli fibrillar center,
H11_55195978,Cytosol,
A12_55195978,Nucleus,
B12_55195978,Centrosome,Cytosol
C12_55195978,Plasma membrane;Cytosol,
D12_55195978,Nucleoplasm,Plasma membrane
E12_55195978,Nuclear speckles,Cytosol
F12_55195978,Microtubules;Mitochondria,Cytosol
G12_55195978,Vesicles,Cytosol
A01_55235979,Nucleoplasm,Cytosol
B01_55235979,Nucleus;Cytosol,
C01_55235979,Nucleus;Nucleoli,Cytosol
D01_55235979,Nucleoplasm;Cytosol,Nucleoli
E01_55235979,Vesicles,
F01_55235979,Mitochondria;Cytosol,
G01_55235979,Mitochondria,Golgi apparatus
H01_55235979,Nucleoplasm,
A02_55235979,Mitochondria,
B02_55235979,Nucleus,Vesicles
C02_55235979,Golgi apparatus,Vesicles
D02_55235979,Nucleoplasm;Nuclear bodies,
E02_55235979,Mitochondria,
F02_55235979,Mitochondria,
G02_55235979,Nucleus;Nucleoli,
H02_55235979,Nucleoplasm,Nuclear speckles;Mitochondria
A03_55235979,Cytosol,
B03_55235979,Plasma membrane;Cytosol,
C03_55235979,Nucleus;Cytosol,
D03_55235979,Nucleoplasm,Cytosol
E03_55235979,Mitochondria,
F03_55235979,Cytosol,
G03_55235979,Nucleoplasm;Plasma membrane;Cytosol,
H03_55235979,Cytosol,Nucleoplasm
A04_55235979,Microtubule organizing center;Cytosol,Nuclear speckles
B04_55235979,Cytosol,Nucleus
C04_55235979,Cytosol,Nucleus
D04_55235979,Nucleoplasm;Vesicles;Cytosol,
E04_55235979,Nucleoplasm,
F04_55235979,Mitochondria;Cytosol,
G04_55235979,Nucleoplasm,Nuclear speckles
H04_55235979,Nucleus,Nucleoli;Vesicles
A05_55235979,Nucleoli,
B05_55235979,Nucleoplasm;Cytosol,
C05_55235979,Nucleus,
D05_55235979,Nucleus,Nucleoli
E05_55235979,Cytosol,
F05_55235979,Nucleoplasm,
G05_55235979,Nuclear speckles,
H05_55235979,Nucleoli,Nucleus
A06_55235979,Nucleoplasm,
B06_55235979,Nucleoplasm;Cytosol,Plasma membrane;Mitochondria
C06_55235979,Vesicles,Mitochondria
D06_55235979,Nuclear bodies,Nucleoplasm
E06_55235979,Mitochondria,
F06_55235979,Plasma membrane;Cytosol,Nucleoplasm
G06_55235979,Mitochondria,
H06_55235979,Nucleoplasm,Mitochondria
A07_55235979,Plasma membrane;Cytosol,
B07_55235979,Cytosol,
C07_55235979,Intermediate filaments;Cytosol,
D07_55235979,Nucleoplasm,Cytosol
E07_55235979,Cytosol,Vesicles
F07_55235979,Cytosol,
G07_55235979,Cytosol,Nucleoplasm
H07_55235979,Mitochondria,Nucleoplasm;Cytosol
A08_55235979,Nucleoplasm,Cytosol
B08_55235979,Cytosol,
C08_55235979,Mitochondria,Cytosol
D08_55235979,Cytosol,Nucleoplasm
E08_55235979,Nucleus;Nucleoli,Cytosol
F08_55235979,Nuclear membrane;Mitochondria,Intermediate filaments
G08_55235979,Plasma membrane,
H08_55235979,Mitochondria,
A09_55235979,Nucleus,Nuclear bodies
B09_55235979,Nucleoplasm,
C09_55235979,Nucleoplasm,
D09_55235979,Mitochondria,
E09_55235979,Plasma membrane,Cytosol
F09_55235979,Nucleoplasm,Mitochondria
G09_55235979,Nucleoplasm;Cytosol,
H09_55235979,Nucleoplasm,
A10_55235979,Vesicles,Cytosol
B10_55235979,Mitochondria,Nucleoplasm;Cell Junctions
C10_55235979,Nucleoplasm;Cytosol,Plasma membrane
D10_55235979,Nucleus;Plasma membrane,Cell Junctions;Cytosol
E10_55235979,Nucleus,
F10_55235979,Plasma membrane;Cytosol,
G10_55235979,Nucleus,Nucleoli
H10_55235979,Mitochondria,Nuclear speckles
A11_55235979,Actin filaments,
B11_55235979,Nucleus;Microtubule ends,Nuclear bodies;Cytosol
C11_55235979,Plasma membrane;Cytosol,Nucleoplasm
D11_55235979,Nucleoplasm,
E11_55235979,Cytosol,
F11_55235979,Nucleoli;Golgi apparatus;Vesicles,Nucleoplasm;Cytosol
G11_55235979,Vesicles,Cytosol
H11_55235979,Nucleoplasm;Cytosol,Intermediate filaments
A12_55235979,Cytosol,
B12_55235979,Cytosol,
C12_55235979,Nucleoli,
D12_55235979,Nucleus,Nuclear bodies;Cytosol
E12_55235979,Vesicles,
F12_55235979,Cytosol,Nucleoplasm
G12_55235979,Nucleoli,
A01_55205980,Mitochondria,
B01_55205980,Intermediate filaments,
C01_55205980,Nucleoplasm,
D01_55205980,Nuclear membrane,Vesicles
E01_55205980,Nucleoplasm;Cytosol,
F01_55205980,Nucleus;Nuclear membrane,Nucleoli
G01_55205980,Mitochondria,Cytosol
H01_55205980,Nucleoli;Cytosol,
A02_55205980,Vesicles,
B02_55205980,Nucleus;Centrosome,Plasma membrane;Cytosol
C02_55205980,Mitochondria,Nuclear speckles
D02_55205980,Golgi apparatus,
E02_55205980,Nucleoplasm,Cytosol
F02_55205980,Cytosol,Nucleus;Nucleoli
G02_55205980,Endoplasmic reticulum,
H02_55205980,Nucleus;Nucleoli,
A03_55205980,Actin filaments,Cytosol
B03_55205980,Vesicles,
C03_55205980,Plasma membrane,
D03_55205980,Golgi apparatus,Nucleoplasm
E03_55205980,Nucleoplasm,Mitochondria;Cytosol
F03_55205980,Cytosol,Nucleoplasm
G03_55205980,Mitochondria;Cytosol,
H03_55205980,Nucleoplasm,Cytosol
A04_55205980,Nucleoplasm,
B04_55205980,Nucleus;Nucleoli,Cytosol
C04_55205980,Cytosol,
D04_55205980,Plasma membrane;Cytosol,Nucleoplasm
E04_55205980,Nuclear bodies,Nuclear membrane;Golgi apparatus
F04_55205980,Cytosol,Plasma membrane
G04_55205980,Golgi apparatus,Plasma membrane;Cytosol
H04_55205980,Cytosol,
A05_55205980,Nucleoplasm,Nuclear bodies;Vesicles
B05_55205980,Nucleus,Nucleoli
C05_55205980,Nucleoplasm,
D05_55205980,Endoplasmic reticulum;Vesicles,Nucleoplasm;Cytosol
E05_55205980,Nucleoplasm,Nucleoli
F05_55205980,Cytosol,Nucleoli
G05_55205980,Nucleus,
H05_55205980,Cytosol,
A06_55205980,Endoplasmic reticulum,
B06_55205980,Nucleus;Nucleoli,Nuclear bodies;Cytokinetic bridge
C06_55205980,Intermediate filaments,Golgi apparatus
D06_55205980,Vesicles,
E06_55205980,Vesicles,
F06_55205980,Nucleoplasm;Cytosol,
G06_55205980,Nucleoplasm;Mitochondria,Nucleoli
H06_55205980,Nucleoplasm;Cytosol,
A07_55205980,Nucleoli fibrillar center,Mitochondria
B07_55205980,Nucleoplasm,Nucleoli
C07_55205980,Mitochondria,
D07_55205980,Endoplasmic reticulum;Vesicles,
E07_55205980,Vesicles;Cytosol,
F07_55205980,Cytosol,
G07_55205980,Nucleoli,Nucleus;Cytosol
H07_55205980,Plasma membrane;Cytosol,
A08_55205980,Mitochondria;Cytosol,Nucleoli;Intermediate filaments
B08_55205980,Nucleus,
C08_55205980,Vesicles,Endoplasmic reticulum
D08_55205980,Nucleoplasm,Nuclear membrane;Cytosol
E08_55205980,Nucleoplasm,Focal adhesion sites;Cytosol
F08_55205980,Cytosol,
G08_55205980,Nucleus,Nuclear membrane;Nucleoli
H08_55205980,Nucleus,Centrosome
A09_55205980,Cytosol,Nucleoplasm
B09_55205980,Nucleoplasm,
C09_55205980,Plasma membrane;Cytosol,
D09_55205980,Plasma membrane;Cytosol,Nucleoplasm
E09_55205980,Nucleoli,Nucleus
F09_55205980,Cytosol,
G09_55205980,Nucleus,
H09_55205980,Mitochondria,
A10_55205980,Nucleoplasm;Cytosol,Plasma membrane
B10_55205980,Nucleus;Intermediate filaments,Cytosol
C10_55205980,Nucleoplasm;Nuclear bodies,
D10_55205980,Nucleoplasm,
E10_55205980,Golgi apparatus,
F10_55205980,Cytosol,Nucleoplasm
G10_55205980,Nucleoplasm,
H10_55205980,Intermediate filaments;Cytosol,Nucleoplasm
A11_55205980,Centrosome,Plasma membrane
B11_55205980,Cytosol,
C11_55205980,Plasma membrane;Cytosol,
D11_55205980,Nuclear bodies,Nuclear membrane;Cytosol
E11_55205980,Nucleoplasm,Cytosol
F11_55205980,Cytosol,
G11_55205980,Nucleoli fibrillar center,Mitochondria
H11_55205980,Nucleoplasm,Cytosol
A12_55205980,Mitochondria;Cytosol,
B12_55205980,Mitochondria;Cytosol,Nuclear bodies
C12_55205980,Nucleoplasm;Cytosol,
D12_55205980,Nucleus;Nucleoli,
E12_55205980,Cytosol,
F12_55205980,Nucleus,Nucleoli;Nucleoli fibrillar center
G12_55205980,Nucleoplasm;Cytosol,
A01_55245981,Nucleoplasm;Cytosol,
B01_55245981,Cytosol,
C01_55245981,Mitochondria,Nucleus;Nucleoli
D01_55245981,Nucleoplasm;Vesicles,Cytosol
E01_55245981,Nucleoplasm;Golgi apparatus,Cytosol
F01_55245981,Nucleus,Nucleoli;Plasma membrane;Cytosol
G01_55245981,Mitochondria,Nucleoplasm
H01_55245981,Mitochondria,
A02_55245981,Nuclear bodies,Golgi apparatus
B02_55245981,Nucleoplasm,
C02_55245981,Cell Junctions,
D02_55245981,Nuclear bodies,
E02_55245981,Nucleus,
F02_55245981,Nucleoplasm,Nuclear bodies
G02_55245981,Mitochondria,Cytosol
H02_55245981,Mitochondria,
A03_55245981,Vesicles,
B03_55245981,Nucleoplasm,Cytosol
C03_55245981,Cytosol,Mitochondria
D03_55245981,Plasma membrane,
E03_55245981,Nucleoli,Nucleus
F03_55245981,Intermediate filaments;Cytosol,
G03_55245981,Intermediate filaments,
H03_55245981,Nuclear bodies;Plasma membrane,
A04_55245981,Nuclear bodies,Nucleoplasm
B04_55245981,Cytosol,
C04_55245981,Nucleoplasm,
D04_55245981,Nucleoplasm;Mitochondria,
E04_55245981,Mitochondria,
F04_55245981,Nucleus,Nucleoli
G04_55245981,Mitochondria,Nucleoli
H04_55245981,Nucleoplasm,Nuclear bodies
A05_55245981,Intermediate filaments,Cytosol
B05_55245981,Plasma membrane,
C05_55245981,Cytosol,Golgi apparatus
D05_55245981,Nucleoplasm,
E05_55245981,Nucleoplasm;Mitochondria,
F05_55245981,Mitochondria,
G05_55245981,Vesicles,Nuclear bodies
H05_55245981,Nuclear bodies,Nucleoplasm;Cytosol
A06_55245981,Nucleoplasm;Cytosol,Vesicles
B06_55245981,Cytosol,Nucleus
C06_55245981,Nucleoplasm;Cytosol,
D06_55245981,Nucleus,Microtubules
E06_55245981,Nucleoplasm,Cytosol
F06_55245981,Nucleoplasm,
G06_55245981,Plasma membrane;Cytosol,
H06_55245981,Nucleoplasm,
A07_55245981,Mitochondria,Nucleus
B07_55245981,Nucleus;Nuclear membrane,
C07_55245981,Mitochondria,
D07_55245981,Nucleus;Nucleoli,
E07_55245981,Nucleus,Nucleoli;Cytosol
F07_55245981,Nucleoplasm;Cytoplasmic bodies,
G07_55245981,Vesicles,
H07_55245981,Cytosol,Vesicles
A08_55245981,Plasma membrane;Cytosol,
B08_55245981,Plasma membrane;Cytosol,
C08_55245981,Mitochondria,
D08_55245981,Plasma membrane;Microtubules,Nucleoplasm
E08_55245981,Nucleoplasm,
F08_55245981,Plasma membrane;Cytosol,
G08_55245981,Nuclear bodies;Endoplasmic reticulum;Cytosol,Nucleoli
H08_55245981,Centrosome,Nucleoplasm;Mitochondria
A09_55245981,Plasma membrane;Cytosol,Nucleoplasm
B09_55245981,Focal adhesion sites,
C09_55245981,Nucleus,Nuclear bodies
D09_55245981,Nucleus,Nuclear bodies
E09_55245981,Nucleoli,Cytosol
F09_55245981,Cytosol,Nucleus;Nuclear bodies;Mitotic spindle
G09_55245981,Vesicles,
H09_55245981,Nucleoli,Cytosol
A10_55245981,Nucleoplasm,Cell Junctions;Centrosome
B10_55245981,Nucleoplasm,Nucleoli;Vesicles
C10_55245981,Nuclear bodies,Nucleoplasm;Cytosol
D10_55245981,Intermediate filaments,
E10_55245981,Nuclear membrane,
F10_55245981,Nucleus,Nuclear bodies;Cytosol
G10_55245981,Nuclear speckles,Cytoplasmic bodies
H10_55245981,Nucleus,Nucleoli
A11_55245981,Mitochondria,
B11_55245981,Nuclear bodies,Nucleoplasm
C11_55245981,Plasma membrane,
D11_55245981,Cytosol,
E11_55245981,Nucleoplasm,Cytokinetic bridge;Mitotic spindle
F11_55245981,Nucleoplasm,
G11_55245981,Plasma membrane;Actin filaments;Cytosol,
H11_55245981,Vesicles;Cytosol,
A12_55245981,Cytosol,
B12_55245981,Nucleus,
C12_55245981,Vesicles,Microtubules
D12_55245981,Nucleoplasm,Cytosol
E12_55245981,Cytosol,
F12_55245981,Mitochondria,
G12_55245981,Mitochondria,Cytosol
A01_55215982,Nucleus,Vesicles;Cytosol
B01_55215982,Nucleus;Nucleoli,Cytosol
C01_55215982,Vesicles,
D01_55215982,Mitochondria,Nucleoplasm
E01_55215982,Nuclear membrane,Nucleus
F01_55215982,Mitochondria,
G01_55215982,Cytosol,
H01_55215982,Nucleoplasm,
A02_55215982,Mitochondria;Cytosol,
B02_55215982,Nucleus;Nucleoli,
C02_55215982,Nucleus,Nuclear membrane;Nucleoli fibrillar center
D02_55215982,Nucleoplasm,
E02_55215982,Vesicles,Plasma membrane
F02_55215982,Nucleus,Nuclear bodies;Actin filaments
G02_55215982,Nucleoli,Nuclear bodies
H02_55215982,Mitochondria,Nucleoplasm
A03_55215982,Nucleus,Nucleoli
B03_55215982,Cytosol,
C03_55215982,Nucleus,
D03_55215982,Nucleus;Plasma membrane,Nuclear membrane;Nuclear bodies
E03_55215982,Mitochondria,
F03_55215982,Cytosol,
G03_55215982,Nucleoli,
H03_55215982,Mitochondria,
A04_55215982,Nucleoplasm;Golgi apparatus,
B04_55215982,Mitochondria,Nucleoplasm
C04_55215982,Mitochondria,Nucleoplasm
D04_55215982,Nucleus;Nucleoli,Nuclear bodies
E04_55215982,Aggresome,Intermediate filaments
F04_55215982,Nucleoplasm;Cell Junctions,
G04_55215982,Nucleoplasm;Cytosol,
H04_55215982,Nucleus,Nucleoli
A05_55215982,Nuclear bodies;Cytosol,Nucleus
B05_55215982,Nucleoplasm,Midbody
C05_55215982,Mitochondria,
D05_55215982,Actin filaments,Nucleoli;Nuclear bodies
E05_55215982,Nuclear membrane,Nucleoplasm;Cytosol
F05_55215982,Nucleus;Nucleoli fibrillar center;Vesicles,
G05_55215982,Plasma membrane;Cytosol,
H05_55215982,Nucleoplasm,Golgi apparatus;Cytosol
A06_55215982,Nucleoplasm;Mitochondria,
B06_55215982,Nucleoplasm,Cytosol
C06_55215982,Nucleus,Nucleoli fibrillar center
D06_55215982,Cytosol,
E06_55215982,Cytosol,
F06_55215982,Nuclear membrane,Nucleoplasm;Mitochondria
G06_55215982,Nucleoplasm;Nuclear membrane,Mitochondria
H06_55215982,Nucleoplasm,Nucleoli;Nuclear speckles;Cytosol
A07_55215982,Nucleus;Nucleoli,
B07_55215982,Nucleus;Nucleoli,Plasma membrane;Cytosol
C07_55215982,Cytosol,
D07_55215982,Nucleoplasm,
E07_55215982,Golgi apparatus,
F07_55215982,Nucleus;Nucleoli,
G07_55215982,Cytosol,Nucleus;Plasma membrane
H07_55215982,Endoplasmic reticulum,
A08_55215982,Mitochondria,Cytosol
B08_55215982,Plasma membrane,Nuclear speckles;Actin filaments;Focal adhesion sites
C08_55215982,Vesicles;Cytosol,
D08_55215982,Plasma membrane;Cytosol,
E08_55215982,Nucleoplasm;Cytosol,Nucleoli
F08_55215982,Nucleus,Cytosol
G08_55215982,Nucleoli,Golgi apparatus
H08_55215982,Nucleoplasm,
A09_55215982,Nucleoplasm,Nuclear bodies;Cytosol
B09_55215982,Nucleus;Cytosol,Focal adhesion sites
C09_55215982,Nucleoplasm,Nucleoli fibrillar center
D09_55215982,Nucleus,
E09_55215982,Nucleoplasm,
F09_55215982,Nucleoplasm,Cytosol
G09_55215982,Golgi apparatus,Nucleoplasm;Cytosol
H09_55215982,Nucleoplasm,
A10_55215982,Actin filaments,
B10_55215982,Golgi apparatus;Cytosol,
C10_55215982,Plasma membrane,Cytosol
D10_55215982,Nucleoplasm,
E10_55215982,Nucleoplasm,Intermediate filaments
F10_55215982,Cytosol,Plasma membrane
G10_55215982,Mitochondria,
H10_55215982,Cytosol,
A11_55215982,Nuclear bodies,Nucleoplasm;Cytosol
B11_55215982,Nucleoli,Nucleus;Nuclear membrane;Golgi apparatus;Cytosol
C11_55215982,Nucleoplasm,Cytosol
D11_55215982,Golgi apparatus,Nucleoplasm;Cytosol
E11_55215982,Nucleus;Nucleoli;Cytosol,Cell Junctions
F11_55215982,Nucleoli,Nucleus
G11_55215982,Plasma membrane,Nucleoplasm
H11_55215982,Nuclear speckles,Nuclear membrane;Cytosol
A12_55215982,Nucleus;Nuclear membrane,Cytosol
B12_55215982,Intermediate filaments,
C12_55215982,Nucleus,Cytosol
D12_55215982,Golgi apparatus,Nucleus
E12_55215982,Nucleoplasm;Cytosol,Plasma membrane
F12_55215982,Cytosol,
G12_55215982,Nucleus,Mitochondria
A01_55225983,Nucleoplasm;Nuclear speckles,
B01_55225983,Centrosome,Nucleus;Nucleoli
C01_55225983,Nuclear speckles,Nucleoli fibrillar center;Cytosol
D01_55225983,Plasma membrane;Cytosol,Golgi apparatus
E01_55225983,Golgi apparatus,
F01_55225983,Nucleoli,
G01_55225983,Nucleoplasm;Cytosol,Cytokinetic bridge
H01_55225983,Cytosol,Nucleoplasm
A02_55225983,Nucleoplasm;Nuclear bodies,Nuclear membrane;Mitochondria
B02_55225983,Nuclear bodies,Nucleus;Cytokinetic bridge;Cytosol
C02_55225983,Vesicles,Intermediate filaments
D02_55225983,Nuclear speckles,Actin filaments
E02_55225983,Nuclear membrane,Nucleoli
F02_55225983,Vesicles,
G02_55225983,Centrosome;Cytosol,
H02_55225983,Cytosol,Endoplasmic reticulum
A03_55225983,Nucleoplasm,Nuclear bodies
B03_55225983,Nucleoplasm,
C03_55225983,Mitochondria,
D03_55225983,Nucleoplasm,Mitochondria
E03_55225983,Nucleoplasm,Nucleoli fibrillar center;Centrosome
F03_55225983,Plasma membrane;Cytosol,Actin filaments;Mitochondria
G03_55225983,Nucleoplasm,Cytosol
H03_55225983,Golgi apparatus,
A04_55225983,Nucleus,Golgi apparatus;Cytosol
B04_55225983,Cytosol,Nucleoli
C04_55225983,Nucleus,
D04_55225983,Nucleoli fibrillar center,
E04_55225983,Golgi apparatus,Cytosol
F04_55225983,Mitochondria,Vesicles
G04_55225983,Cytosol,Nuclear bodies
H04_55225983,Cytosol,Nucleoplasm
A05_55225983,Plasma membrane;Mitochondria,Nucleus
B05_55225983,Nucleoplasm;Microtubules,Nucleoli
C05_55225983,Nucleus;Nucleoli,Cytosol
D05_55225983,Nucleoplasm,Vesicles
E05_55225983,Nucleus;Nucleoli,
F05_55225983,Vesicles,Plasma membrane;Cytosol
G05_55225983,Mitochondria,
H05_55225983,Nucleoplasm,Cytosol
A06_55225983,Nucleoli,Nucleus
B06_55225983,Nucleus;Nucleoli,
C06_55225983,Plasma membrane,Cytosol
D06_55225983,Nucleoli;Cytosol,
E06_55225983,Nuclear speckles,Nucleoli fibrillar center;Cytosol
F06_55225983,Nucleoplasm,
G06_55225983,Mitochondria,Nucleoplasm
H06_55225983,Cytosol,Nucleoplasm
A07_55225983,Vesicles,
B07_55225983,Plasma membrane;Cytosol,
C07_55225983,Cytosol,
D07_55225983,Actin filaments,Cell Junctions;Cytosol
E07_55225983,Nucleoplasm;Cytosol,
F07_55225983,Actin filaments;Cytosol,
G07_55225983,Nucleoplasm;Cytosol,Mitochondria
H07_55225983,Nucleus,Cytosol
A08_55225983,Mitochondria,
B08_55225983,Cytosol,Nucleoplasm;Plasma membrane
C08_55225983,Mitochondria;Cytosol,
D08_55225983,Nucleoli,Nucleus;Nuclear bodies
E08_55225983,Nucleus,Nucleoli;Cytosol
F08_55225983,Cytosol,
G08_55225983,Nucleoli,Nucleus
H08_55225983,Nucleoplasm,Golgi apparatus
A09_55225983,Cell Junctions,
B09_55225983,Nucleoli,Nucleus;Mitochondria
C09_55225983,Nucleoli;Mitochondria,Nucleus;Cytosol
D09_55225983,Nucleoplasm,
E09_55225983,Nucleus,Nucleoli;Plasma membrane
F09_55225983,Cytosol,Plasma membrane
G09_55225983,Nucleoplasm,Cytosol
H09_55225983,Intermediate filaments,Nucleoplasm
A10_55225983,Nucleoplasm,
B10_55225983,Nucleoplasm;Vesicles,
C10_55225983,Intermediate filaments,
D10_55225983,Nucleoplasm,Plasma membrane
E10_55225983,Nucleoli;Cytosol,Golgi apparatus
F10_55225983,Nucleoplasm;Plasma membrane,Cytosol
G10_55225983,Nucleoplasm,Cytosol
H10_55225983,Mitochondria,
A11_55225983,Plasma membrane,Nucleoplasm;Cytosol
B11_55225983,Nucleus,Mitochondria
C11_55225983,Nucleoplasm,Cytosol
D11_55225983,Mitochondria,
E11_55225983,Nucleus;Nucleoli,
F11_55225983,Plasma membrane;Cytosol,Nucleoplasm;Centrosome
G11_55225983,Nucleoli,Nucleus;Cytosol
H11_55225983,Plasma membrane;Cytosol,
A12_55225983,Nucleoplasm,Cytosol
B12_55225983,Golgi apparatus,
C12_55225983,Nucleus;Cytosol,Nucleoli
D12_55225983,Intermediate filaments,Cytosol
E12_55225983,Nucleoplasm,Plasma membrane;Cytosol
F12_55225983,Nuclear speckles,Cell Junctions
G12_55225983,Nucleoli;Cytosol,Nucleus
A01_55335984,Nucleus;Nucleoli,
B01_55335984,Nuclear membrane,Nucleoli;Cytosol
C01_55335984,Nucleus,Nucleoli fibrillar center;Cytosol
D01_55335984,Nucleus,
E01_55335984,Golgi apparatus;Vesicles,
F01_55335984,Nucleoplasm,Plasma membrane;Cytosol
G01_55335984,Nuclear speckles,Cytosol
H01_55335984,Mitochondria,
A02_55335984,Golgi apparatus,Nucleoli;Vesicles
B02_55335984,Nucleoli,
C02_55335984,Nucleoli,Nucleus
D02_55335984,Nuclear membrane,Nucleoplasm
E02_55335984,Nucleus,Cytosol
F02_55335984,Nucleoli,Nucleus
G02_55335984,Nucleoplasm,Plasma membrane;Cytosol
H02_55335984,Nucleus,
A03_55335984,Golgi apparatus,
B03_55335984,Cytosol,
C03_55335984,Actin filaments,
D03_55335984,Golgi apparatus,
E03_55335984,Vesicles,Nucleoplasm
F03_55335984,Nuclear speckles,Cytosol;Cytoplasmic bodies
G03_55335984,Actin filaments,Microtubule organizing center
H03_55335984,Nucleoplasm,
A04_55335984,Nucleoplasm,Plasma membrane;Focal adhesion sites
B04_55335984,Mitochondria,Nucleoplasm
C04_55335984,Nucleoplasm,
D04_55335984,Cytosol,
E04_55335984,Microtubules,
F04_55335984,Cell Junctions,
G04_55335984,Plasma membrane;Cytosol,
H04_55335984,Nucleoplasm,Nucleoli fibrillar center
A05_55335984,Nucleoplasm,Cytosol
B05_55335984,Nucleus,Midbody
C05_55335984,Nucleoplasm,
D05_55335984,Nucleus;Nucleoli,
E05_55335984,Intermediate filaments,Cytosol
F05_55335984,Nucleoplasm,Microtubules;Cytosol
G05_55335984,Nucleoplasm,
H05_55335984,Nucleus,
A06_55335984,Cytosol,Microtubule organizing center
B06_55335984,Nucleus,Microtubule organizing center
C06_55335984,Mitochondria,
D06_55335984,Nuclear speckles,
E06_55335984,Nucleus,
F06_55335984,Nucleus,Cytosol
G06_55335984,Nucleoli;Endoplasmic reticulum,
H06_55335984,Nucleoplasm;Mitochondria,
A07_55335984,Vesicles;Cytosol,
B07_55335984,Vesicles,Cytosol
C07_55335984,Plasma membrane;Cytosol,
D07_55335984,Endoplasmic reticulum,
E07_55335984,Nucleoplasm,
F07_55335984,Nucleus,
G07_55335984,Nucleus;Mitochondria,Vesicles;Cell Junctions;Cytosol
H07_55335984,Golgi apparatus,Cytosol
A08_55335984,Nucleoplasm,
B08_55335984,Nucleoplasm,Nuclear membrane;Nucleoli
C08_55335984,Actin filaments,
D08_55335984,Vesicles;Intermediate filaments,
E08_55335984,Nuclear speckles,Nuclear membrane
F08_55335984,Nucleoli,Nucleus
G08_55335984,Mitochondria,
H08_55335984,Cytosol,
A09_55335984,Nucleoplasm;Golgi apparatus,Nuclear bodies
B09_55335984,Vesicles,
C09_55335984,Nucleus,Nucleoli
D09_55335984,Mitochondria,
E09_55335984,Nucleus,
F09_55335984,Nucleoplasm,Golgi apparatus
G09_55335984,Nucleoplasm;Cytosol,
H09_55335984,Nucleoli,
A10_55335984,Nucleus;Nucleoli,
B10_55335984,Nucleoli,Nucleus
C10_55335984,Vesicles,
D10_55335984,Nucleus,Mitochondria;Cytosol
E10_55335984,Nucleoplasm;Intermediate filaments,
F10_55335984,Plasma membrane,Nuclear speckles;Cytosol
G10_55335984,Endoplasmic reticulum,
H10_55335984,Nucleoplasm;Cytosol,
A11_55335984,Cytosol,Nucleoli
B11_55335984,Cytosol,
C11_55335984,Nucleoplasm,
D11_55335984,Mitochondria,
E11_55335984,Mitochondria,
F11_55335984,Cytosol,
G11_55335984,Nucleoplasm,Cytosol
H11_55335984,Golgi apparatus,Nucleoli;Vesicles;Cytosol
A12_55335984,Endoplasmic reticulum,
B12_55335984,Golgi apparatus;Plasma membrane,
C12_55335984,Nucleus,
D12_55335984,Nuclear speckles,Cytosol
E12_55335984,Mitochondria,
F12_55335984,Plasma membrane,
G12_55335984,Intermediate filaments;Cytosol,
A01_55345985,Golgi apparatus,
B01_55345985,Nucleoplasm,Vesicles
C01_55345985,Nuclear speckles,Microtubules;Cytosol
D01_55345985,Cytosol,
E01_55345985,Nucleoplasm,Cytosol
F01_55345985,Cytosol,
G01_55345985,Nuclear bodies,Cytosol
H01_55345985,Cytosol,Nucleoplasm
A02_55345985,Mitochondria,Nuclear bodies
B02_55345985,Nucleoli;Mitochondria,Nucleus
C02_55345985,Nucleoli,Nucleus
D02_55345985,Nucleoli,Nucleus;Nuclear bodies
E02_55345985,Vesicles;Plasma membrane;Cytosol,
F02_55345985,Cytosol,
G02_55345985,Nuclear speckles,Cytosol
H02_55345985,Actin filaments,Mitochondria;Cytosol
A03_55345985,Nuclear membrane,
B03_55345985,Nucleoplasm,
C03_55345985,Nucleoplasm,
D03_55345985,Nucleus,Nucleoli
E03_55345985,Vesicles,
F03_55345985,Nucleoli,
G03_55345985,Nucleus,
H03_55345985,Nucleoplasm,
A04_55345985,Nucleoplasm,Vesicles
B04_55345985,Plasma membrane,
C04_55345985,Nucleoplasm;Vesicles,
D04_55345985,Mitochondria,Nucleoplasm;Nuclear speckles
E04_55345985,Vesicles,Golgi apparatus
F04_55345985,Nucleus,
G04_55345985,Cytosol,Nucleoplasm
H04_55345985,Nucleoplasm;Plasma membrane;Cytosol,
A05_55345985,Nucleus;Nucleoli,
B05_55345985,Vesicles,
C05_55345985,Nucleoli;Mitochondria,
D05_55345985,Nucleoli;Nucleoli fibrillar center,Cytosol
E05_55345985,Nucleus;Nuclear bodies,
F05_55345985,Nucleoplasm,Nucleoli;Cell Junctions
G05_55345985,Nucleus,Nuclear membrane;Nucleoli
H05_55345985,Nucleus,Nucleoli
A06_55345985,Nucleoplasm,
B06_55345985,Nucleoplasm;Nuclear bodies,Cytosol
C06_55345985,Cytosol,
D06_55345985,Nucleoplasm;Cytosol,
E06_55345985,Mitochondria,
F06_55345985,Nucleoplasm,
G06_55345985,Nucleus;Nucleoli,
H06_55345985,Nuclear bodies,
A07_55345985,Nucleus;Vesicles,
B07_55345985,Vesicles,
C07_55345985,Nucleoli;Plasma membrane,Nucleus
D07_55345985,Vesicles,
E07_55345985,Nucleoli,Plasma membrane
F07_55345985,Nucleoplasm,
G07_55345985,Golgi apparatus,
H07_55345985,Nucleoplasm,
A08_55345985,Mitochondria,
B08_55345985,Plasma membrane,Focal adhesion sites
C08_55345985,Nucleoplasm,Mitochondria
D08_55345985,Nucleoplasm;Nuclear bodies;Mitochondria,
E08_55345985,Cytosol,Nucleoli
F08_55345985,Nucleoli,Vesicles
G08_55345985,Nucleoli fibrillar center,Nucleus;Intermediate filaments
H08_55345985,Nuclear membrane;Cytosol,
A09_55345985,Nucleoplasm,
B09_55345985,Nucleus,Mitochondria
C09_55345985,Nucleoli,Nucleus
D09_55345985,Nucleoplasm,Nucleoli
E09_55345985,Nucleoplasm;Vesicles,
F09_55345985,Cytosol,
G09_55345985,Intermediate filaments,
H09_55345985,Microtubule organizing center,Nucleoplasm
A10_55345985,Nucleoplasm,Golgi apparatus;Cytosol
B10_55345985,Cytosol,
C10_55345985,Nuclear membrane;Intermediate filaments,Aggresome
D10_55345985,Nucleoplasm;Midbody,Cytosol
E10_55345985,Nucleoplasm,Vesicles
F10_55345985,Nuclear speckles,Cytosol
G10_55345985,Nuclear membrane,Nucleoplasm;Cytosol
H10_55345985,Vesicles;Cytokinetic bridge,
A11_55345985,Endoplasmic reticulum;Vesicles,
B11_55345985,Centrosome,Nucleoplasm;Plasma membrane;Cytosol
C11_55345985,Nucleoplasm,
D11_55345985,Golgi apparatus,
E11_55345985,Nucleoplasm,
F11_55345985,Nucleus,Nucleoli;Nuclear bodies;Cytosol
G11_55345985,Nucleoplasm,
H11_55345985,Actin filaments,
A12_55345985,Nucleoplasm;Cytosol,Plasma membrane
B12_55345985,Golgi apparatus,
C12_55345985,Golgi apparatus,Nucleus;Nucleoli
D12_55345985,Nucleoplasm,Nuclear bodies;Vesicles
E12_55345985,Nucleoplasm,Golgi apparatus
F12_55345985,Nuclear speckles,Mitochondria
G12_55345985,Golgi apparatus;Cytosol,
A01_55355986,Cytosol,Nucleus
B01_55355986,Nucleoplasm,
C01_55355986,Golgi apparatus,Nucleoplasm;Cytosol
D01_55355986,Nuclear speckles,Intermediate filaments
E01_55355986,Nucleus;Nuclear membrane;Nucleoli;Mitochondria,
F01_55355986,Vesicles;Cytosol,
G01_55355986,Focal adhesion sites,Cytosol
H01_55355986,Nucleoplasm;Cytosol,Golgi apparatus
A02_55355986,Nucleoplasm,
B02_55355986,Golgi apparatus,
C02_55355986,Nuclear bodies,
D02_55355986,Nucleoplasm,Golgi apparatus;Actin filaments
E02_55355986,Cytosol,Intermediate filaments
F02_55355986,Nucleoplasm,Golgi apparatus
G02_55355986,Nucleoplasm;Cytoplasmic bodies,Aggresome;Cytosol
H02_55355986,Nucleus,
A03_55355986,Mitochondria,
B03_55355986,Nucleoplasm,Cytosol
C03_55355986,Plasma membrane;Cell Junctions,Cytosol
D03_55355986,Nucleoplasm,Nuclear speckles
E03_55355986,Nuclear membrane,
F03_55355986,Nucleoli,Cytokinetic bridge
G03_55355986,Microtubule organizing center,Vesicles
H03_55355986,Nucleus,Nucleoli
A04_55355986,Nucleus;Vesicles,Cytosol
B04_55355986,Nucleus,
C04_55355986,Cytoplasmic bodies,Plasma membrane;Actin filaments
D04_55355986,Nucleoplasm,Cytosol
E04_55355986,Nucleoplasm,Nuclear bodies
F04_55355986,Mitochondria,Nucleoli;Intermediate filaments
G04_55355986,Cytosol,
H04_55355986,Cytosol,
A05_55355986,Nucleoli fibrillar center,Nucleus
B05_55355986,Endoplasmic reticulum,
C05_55355986,Nucleoplasm,
D05_55355986,Nucleoplasm;Nuclear bodies,
E05_55355986,Nucleoli,Vesicles;Cytosol
F05_55355986,Nucleus;Nucleoli,
G05_55355986,Nucleoplasm,Nuclear speckles;Mitochondria
H05_55355986,Nucleus,Nucleoli;Nuclear bodies
A06_55355986,Nucleoplasm,Cytosol
B06_55355986,Nucleus;Nucleoli,Vesicles
C06_55355986,Nuclear speckles,Nucleoplasm;Nuclear bodies
D06_55355986,Nuclear speckles,
E06_55355986,Mitochondria,
F06_55355986,Nucleus;Nucleoli,Golgi apparatus
G06_55355986,Golgi apparatus,Cytosol
H06_55355986,Nucleus,Nucleoli fibrillar center
A07_55355986,Cytosol,
B07_55355986,Nucleus,Cytosol
C07_55355986,Nuclear bodies,
D07_55355986,Mitochondria,
E07_55355986,Nucleoli,Nucleus
F07_55355986,Plasma membrane;Actin filaments,Nucleoli
G07_55355986,Nucleoplasm,Cytosol
H07_55355986,Nucleus;Nucleoli,
A08_55355986,Nucleus;Cytosol,
B08_55355986,Golgi apparatus,Nucleoplasm
C08_55355986,Nucleus;Nucleoli fibrillar center,Microtubules;Cytokinetic bridge
D08_55355986,Mitochondria,Nucleus
E08_55355986,Nucleoli,Vesicles
F08_55355986,Vesicles,Nucleoplasm;Cytosol
G08_55355986,Nucleoplasm,Cytosol
H08_55355986,Nucleoli;Nucleoli fibrillar center,Nucleus
A09_55355986,Cytosol,
B09_55355986,Plasma membrane,Cell Junctions;Focal adhesion sites
C09_55355986,Mitochondria,
D09_55355986,Nucleoplasm,Golgi apparatus
E09_55355986,Vesicles,
F09_55355986,Vesicles,
G09_55355986,Mitochondria,Nucleoplasm
H09_55355986,Vesicles,
A10_55355986,Nuclear bodies,Nucleus;Cytosol
B10_55355986,Nuclear bodies,Nucleoplasm;Golgi apparatus;Cytosol
C10_55355986,Nucleoplasm,
D10_55355986,Nuclear bodies,Nucleus;Vesicles
E10_55355986,Cytosol,Nucleus
F10_55355986,Nucleoli,Nucleus
G10_55355986,Golgi apparatus;Cytosol,
H10_55355986,Nucleoplasm,Nuclear bodies;Cytosol
A11_55355986,Cytosol,
B11_55355986,Nucleoplasm,Cytosol
C11_55355986,Nucleus,Nucleoli
D11_55355986,Nucleoplasm,Vesicles
E11_55355986,Cytosol,Aggresome
F11_55355986,Plasma membrane,Nucleoplasm
G11_55355986,Nucleoli,Cytosol
H11_55355986,Nucleoplasm,Cytosol
A12_55355986,Vesicles,
B12_55355986,Nucleoplasm,Nucleoli;Cytosol
C12_55355986,Nucleus,Cytosol
D12_55355986,Nucleoplasm,Cytosol
E12_55355986,Nucleoli,Cytosol
F12_55355986,Nuclear bodies,
G12_55355986,Nucleoplasm,Cytosol
A01_55365987,Cytosol,
B01_55365987,Nucleoplasm,
C01_55365987,Focal adhesion sites;Cytosol,Plasma membrane
D01_55365987,Vesicles,Cytosol
E01_55365987,Cytosol,Nuclear bodies;Centrosome
F01_55365987,Nuclear bodies,Nucleoplasm
G01_55365987,Nucleus;Nucleoli,Cytosol
H01_55365987,Nucleoplasm,Vesicles
A02_55365987,Nucleoplasm,
B02_55365987,Nucleus,Mitochondria
C02_55365987,Cytosol,
D02_55365987,Nucleoplasm,
E02_55365987,Nucleoplasm,
F02_55365987,Vesicles,
G02_55365987,Nucleus;Cytosol,Vesicles
H02_55365987,Golgi apparatus,Cytosol
A03_55365987,Nucleoli,Nucleus
B03_55365987,Nucleoli,Nucleus
C03_55365987,Vesicles;Intermediate filaments,Cytosol
D03_55365987,Nuclear bodies,Golgi apparatus;Vesicles
E03_55365987,Nucleoplasm,Plasma membrane;Microtubule organizing center
F03_55365987,Nucleoplasm,
G03_55365987,Mitochondria,
H03_55365987,Nucleoplasm,
A04_55365987,Nucleus,Cytosol
B04_55365987,Nucleoplasm;Nuclear bodies,
C04_55365987,Intermediate filaments,Nucleoplasm
D04_55365987,Nucleoplasm;Vesicles,
E04_55365987,Nucleoplasm,
F04_55365987,Nucleoplasm,Cytosol
G04_55365987,Intermediate filaments,
H04_55365987,Nucleus,
A05_55365987,Mitochondria,Cytosol
B05_55365987,Vesicles,
C05_55365987,Cytosol,
D05_55365987,Golgi apparatus,
E05_55365987,Mitochondria,Nuclear bodies
F05_55365987,Golgi apparatus,Nucleoplasm;Cytosol
G05_55365987,Microtubules,Vesicles
H05_55365987,Actin filaments,
A06_55365987,Microtubules,Nucleoli
B06_55365987,Nucleoplasm,
C06_55365987,Nuclear bodies,Nucleoplasm
D06_55365987,Nucleus;Nucleoli,Cytosol
E06_55365987,Nucleoplasm;Mitochondria,
F06_55365987,Cytosol,
G06_55365987,Nucleus,Cytokinetic bridge
H06_55365987,Nuclear bodies,
A07_55365987,Nucleoli,Nucleus
B07_55365987,Cytosol,
C07_55365987,Nucleoplasm,Cytosol
D07_55365987,Cytosol,
E07_55365987,Nucleoplasm,
F07_55365987,Nucleoplasm,
G07_55365987,Nucleoli fibrillar center,Nucleus;Microtubules
H07_55365987,Nucleus;Nuclear membrane,
A08_55365987,Vesicles,
B08_55365987,Golgi apparatus,
C08_55365987,Cytosol,Plasma membrane
D08_55365987,Nucleus,Cytosol
E08_55365987,Nuclear bodies,
F08_55365987,Nucleoplasm,
G08_55365987,Nucleoplasm,Cytosol
H08_55365987,Nucleoplasm,
A09_55365987,Nucleoplasm,
B09_55365987,Nucleus,Mitochondria;Rods & Rings
C09_55365987,Nucleoplasm,
D09_55365987,Nucleoplasm,
E09_55365987,Mitochondria,Nucleoplasm
F09_55365987,Nuclear speckles,Vesicles
G09_55365987,Nucleus;Nucleoli;Nuclear bodies,
H09_55365987,Mitochondria,Nucleus
A10_55365987,Vesicles,
B10_55365987,Nucleus;Cytosol,Mitochondria
C10_55365987,Intermediate filaments,
D10_55365987,Nucleoli,Cytosol
E10_55365987,Nucleoplasm,Cytosol
F10_55365987,Plasma membrane;Cytosol,Cytoplasmic bodies
G10_55365987,Mitochondria,
H10_55365987,Nucleoplasm;Nuclear membrane,
A11_55365987,Mitochondria,Nucleoplasm
B11_55365987,Nucleoli,
C11_55365987,Nucleoli,
D11_55365987,Cytosol,
E11_55365987,Nucleoli;Golgi apparatus;Cytosol,Nucleoplasm;Nuclear bodies
F11_55365987,Midbody ring,Intermediate filaments;Centrosome
G11_55365987,Nucleoplasm,Nuclear bodies;Focal adhesion sites;Cytosol
H11_55365987,Endoplasmic reticulum,
A12_55365987,Nucleoli;Golgi apparatus,
B12_55365987,Nucleus,Cytosol
C12_55365987,Nucleoplasm,
D12_55365987,Nucleoplasm;Vesicles,Plasma membrane
E12_55365987,Nucleus,Vesicles
F12_55365987,Nucleus;Microtubules,
G12_55365987,Nucleoplasm,Nuclear bodies;Cytosol
A01_55375988,Vesicles;Cytosol,
B01_55375988,Nucleoplasm,Endoplasmic reticulum;Vesicles
C01_55375988,Nucleus,Cytosol
D01_55375988,Golgi apparatus,Vesicles
E01_55375988,Nucleoplasm,Cytosol
F01_55375988,Cytosol,
G01_55375988,Nucleus;Vesicles,
H01_55375988,Nucleus;Golgi apparatus,Cytosol
A02_55375988,Nucleus,
B02_55375988,Nucleus;Nucleoli,Plasma membrane;Cytosol
C02_55375988,Endoplasmic reticulum;Cytosol,Nucleoli
D02_55375988,Nucleoplasm,Nuclear bodies;Intermediate filaments
E02_55375988,Nucleus;Nucleoli,
F02_55375988,Golgi apparatus,
G02_55375988,Mitochondria,
H02_55375988,Nucleoplasm,
A03_55375988,Nucleus,
B03_55375988,Nucleoplasm;Centrosome,
C03_55375988,Cytosol,
D03_55375988,Nucleus,
E03_55375988,Nucleoplasm,Intermediate filaments
F03_55375988,Cytosol,
G03_55375988,Nucleoplasm,
H03_55375988,Nucleus,Golgi apparatus;Cytosol
A04_55375988,Nuclear bodies,Nucleoli;Cytosol
B04_55375988,Nucleus;Nucleoli,
C04_55375988,Nucleus;Nucleoli,Golgi apparatus
D04_55375988,Mitochondria,Cytosol
E04_55375988,Nucleus,Plasma membrane;Cytosol
F04_55375988,Nucleus,
G04_55375988,Nucleus;Cytosol,
H04_55375988,Nucleoplasm;Cytosol,
A05_55375988,Nucleus,Golgi apparatus;Centrosome;Cytosol
B05_55375988,Nucleus,Nucleoli
C05_55375988,Nucleoplasm,
D05_55375988,Nucleoplasm;Nuclear bodies,
E05_55375988,Nucleoplasm,
F05_55375988,Microtubules,Nucleus;Cytosol
G05_55375988,Vesicles,
H05_55375988,Nucleus;Mitochondria,
A06_55375988,Nucleoli,Nucleus
B06_55375988,Cytosol,Plasma membrane
C06_55375988,Nucleoplasm,
D06_55375988,Nucleus;Nucleoli,
E06_55375988,Mitochondria,
F06_55375988,Nucleus,
G06_55375988,Golgi apparatus,
H06_55375988,Nucleus,
A07_55375988,Nucleoplasm,
B07_55375988,Plasma membrane,Aggresome
C07_55375988,Mitochondria,
D07_55375988,Vesicles,
E07_55375988,Nucleus,Cytosol
F07_55375988,Mitochondria,
G07_55375988,Nucleoplasm,
H07_55375988,Nucleus,
A08_55375988,Golgi apparatus,
B08_55375988,Nucleoplasm;Cytosol,
C08_55375988,Cytosol,
D08_55375988,Nucleus;Nucleoli,
E08_55375988,Nucleoplasm,
F08_55375988,Nucleus;Cytosol,
G08_55375988,Plasma membrane;Cytosol,Nuclear membrane;Vesicles
H08_55375988,Nuclear speckles,Cytosol
A09_55375988,Cytosol,Nucleus
B09_55375988,Focal adhesion sites,Nuclear speckles;Cytosol
C09_55375988,Vesicles;Cytosol,
D09_55375988,Vesicles,Nucleus
E09_55375988,Nucleoplasm,
F09_55375988,Nucleus,
G09_55375988,Nucleoplasm;Nuclear bodies,Vesicles
H09_55375988,Golgi apparatus,Nucleoli
A10_55375988,Nucleus;Nuclear bodies,
B10_55375988,Nucleus,Nucleoli;Cytosol
C10_55375988,Nucleoplasm,Golgi apparatus
D10_55375988,Nucleus;Nucleoli;Nuclear bodies,Cytosol
E10_55375988,Nucleoplasm,
F10_55375988,Nucleus,Cytokinetic bridge
G10_55375988,Nucleus,Cytosol
H10_55375988,Nucleoplasm;Mitochondria,
A11_55375988,Nucleus;Midbody,
B11_55375988,Vesicles,Nuclear bodies
C11_55375988,Nucleus,
D11_55375988,Nucleoplasm;Centrosome,Cytosol
E11_55375988,Actin filaments,
F11_55375988,Mitochondria,
G11_55375988,Nucleus,Nucleoli
H11_55375988,Nucleoli,Nucleus;Cytosol
A12_55375988,Vesicles,Nucleus
B12_55375988,Nucleus;Cytosol,Nucleoli
C12_55375988,Nucleus,
D12_55375988,Nucleoplasm,
E12_55375988,Midbody;Mitotic spindle,Nucleus
F12_55375988,Nucleoli,Vesicles;Mitochondria
G12_55375988,Lipid droplets,Nucleoplasm
A01_55385989,Vesicles,
B01_55385989,Cytosol,
C01_55385989,Golgi apparatus,Nucleus;Nuclear speckles
D01_55385989,Nucleus,Nucleoli
E01_55385989,Mitochondria,
F01_55385989,Mitochondria,
G01_55385989,Nucleus,
H01_55385989,Nucleus,
A02_55385989,Nucleoplasm,
B02_55385989,Nucleus,Golgi apparatus;Vesicles
C02_55385989,Nucleoplasm,
D02_55385989,Cytosol,Nuclear bodies
E02_55385989,Nucleus,
F02_55385989,Centrosome,Nucleoplasm
G02_55385989,Mitochondria,Nucleoplasm
H02_55385989,Nucleoplasm,Cell Junctions
A03_55385989,Centrosome,
B03_55385989,Nucleoplasm,
C03_55385989,Endoplasmic reticulum,
D03_55385989,Mitochondria,
E03_55385989,Nucleus,
F03_55385989,Nuclear bodies,Nucleoplasm;Aggresome
G03_55385989,Nucleoplasm,Cytosol
H03_55385989,Nucleus,Nucleoli
A04_55385989,Centrosome,
B04_55385989,Nucleus,Nuclear membrane
C04_55385989,Nucleus,Nucleoli;Nuclear bodies;Cytosol
D04_55385989,Plasma membrane;Cytosol,
E04_55385989,Nucleus;Nucleoli,Cytosol
F04_55385989,Nucleus;Nuclear membrane,
G04_55385989,Nucleoplasm,
H04_55385989,Golgi apparatus,Vesicles
A05_55385989,Nucleoplasm,Cytosol
B05_55385989,Vesicles;Cytosol,
C05_55385989,Mitochondria,
D05_55385989,Nucleoplasm,Nucleoli;Midbody
E05_55385989,Endoplasmic reticulum;Cytosol,
F05_55385989,Nucleoplasm,
G05_55385989,Golgi apparatus;Vesicles,Nucleoplasm
H05_55385989,Intermediate filaments,
A06_55385989,Nucleoplasm,
B06_55385989,Microtubules,Nucleoplasm;Cytokinetic bridge
C06_55385989,Nucleoplasm,Nuclear bodies
D06_55385989,Cytosol,Vesicles
E06_55385989,Plasma membrane;Actin filaments;Focal adhesion sites,
F06_55385989,Nucleoli;Cytosol,Nucleus
G06_55385989,Vesicles,Cytosol
H06_55385989,Cytosol,
A07_55385989,Nuclear bodies,Nucleoplasm;Cytosol
B07_55385989,Vesicles;Mitochondria,
C07_55385989,Vesicles,Mitochondria
D07_55385989,Nucleoli,Cytosol
E07_55385989,Nucleoli,Nucleus;Cytosol
F07_55385989,Nucleus,Nucleoli
G07_55385989,Nucleoplasm,
H07_55385989,Nucleus,
A08_55385989,Nucleoplasm,
B08_55385989,Nucleus,Nucleoli;Nucleoli fibrillar center
C08_55385989,Vesicles,
D08_55385989,Nucleus,
E08_55385989,Nuclear speckles,Cytosol
F08_55385989,Nucleoplasm,Nuclear speckles;Cytosol
G08_55385989,Nucleus;Nuclear membrane;Vesicles,
H08_55385989,Nucleus,Nucleoli
A09_55385989,Nucleus,
B09_55385989,Nucleoplasm,Vesicles
C09_55385989,Mitochondria,
D09_55385989,Nucleoplasm,Cytosol;Cytoplasmic bodies
E09_55385989,Actin filaments;Cytosol,
F09_55385989,Mitochondria,
G09_55385989,Mitochondria,
H09_55385989,Nucleoplasm,Mitochondria
A10_55385989,Cytosol,
B10_55385989,Nucleoplasm,
C10_55385989,Lipid droplets;Mitochondria,Nucleoplasm
D10_55385989,Nuclear membrane,Nucleus
E10_55385989,Cytosol,
F10_55385989,Nucleus,Nuclear membrane
G10_55385989,Intermediate filaments,
H10_55385989,Golgi apparatus,
A11_55385989,Nucleoplasm,Centrosome
B11_55385989,Cytosol,
C11_55385989,Nuclear speckles,
D11_55385989,Mitochondria,
E11_55385989,Nucleoplasm,Midbody
F11_55385989,Nucleoplasm,Nuclear bodies;Vesicles
G11_55385989,Nucleoplasm,Plasma membrane
H11_55385989,Nuclear bodies,
A12_55385989,Mitochondria,Nucleus;Cytokinetic bridge
B12_55385989,Nucleoplasm;Golgi apparatus,Vesicles
C12_55385989,Intermediate filaments,
D12_55385989,Golgi apparatus,Nucleus;Cell Junctions
E12_55385989,Endoplasmic reticulum,
F12_55385989,Nucleoplasm,Nuclear membrane;Nucleoli
G12_55385989,Nucleoplasm,
A01_55395990,Nucleus;Mitochondria,
B01_55395990,Nucleus,Nucleoli
C01_55395990,Nucleoplasm,
D01_55395990,Vesicles,
E01_55395990,Nuclear bodies,
F01_55395990,Nuclear speckles,Cytosol
G01_55395990,Nucleoplasm,
H01_55395990,Cytosol,Nucleus
A02_55395990,Vesicles,
B02_55395990,Nucleus;Nucleoli,Plasma membrane
C02_55395990,Nucleoplasm,
D02_55395990,Nucleus,
E02_55395990,Nucleoli,
F02_55395990,Nucleoplasm,Nucleoli
G02_55395990,Nucleoplasm,
H02_55395990,Nucleoplasm;Cytosol,
A03_55395990,Vesicles,Nucleoplasm;Cytosol
B03_55395990,Nucleoli,
C03_55395990,Nucleoplasm,
D03_55395990,Nucleoplasm;Golgi apparatus;Cytosol,
E03_55395990,Cell Junctions,Microtubule organizing center;Centrosome;Cytosol
F03_55395990,Nucleus;Vesicles,Cytosol
G03_55395990,Vesicles,Nucleus;Cytosol
H03_55395990,Golgi apparatus,Nucleoplasm
A04_55395990,Nucleus,Nucleoli
B04_55395990,Nucleoplasm,Nuclear membrane;Vesicles
C04_55395990,Nucleus,Mitochondria
D04_55395990,Plasma membrane,Nucleus
E04_55395990,Nucleus,Nucleoli;Nucleoli fibrillar center;Vesicles;Cytosol
F04_55395990,Nucleus;Nucleoli,
G04_55395990,Nucleus,Microtubule organizing center
H04_55395990,Vesicles,
A05_55395990,Nucleus,
B05_55395990,Nucleus,
C05_55395990,Nucleoli;Microtubules,
D05_55395990,Nucleoplasm;Mitochondria,
E05_55395990,Nucleus,Nucleoli
F05_55395990,Plasma membrane;Actin filaments,
G05_55395990,Golgi apparatus;Cytosol,
H05_55395990,Nucleoplasm,Endoplasmic reticulum;Plasma membrane;Cytosol
A06_55395990,Vesicles,Nucleus
B06_55395990,Nucleoli,Nucleus;Nuclear bodies
C06_55395990,Nuclear bodies,Nucleus;Midbody;Cytosol
D06_55395990,Nucleoplasm,Cytosol
E06_55395990,Cytosol,Plasma membrane
F06_55395990,Nucleus,Nucleoli;Cytosol
G06_55395990,Nucleus,Nucleoli;Aggresome
H06_55395990,Vesicles,
A07_55395990,Nucleoplasm,
B07_55395990,Plasma membrane;Actin filaments,Nuclear bodies
C07_55395990,Vesicles;Cytosol,
D07_55395990,Plasma membrane,
E07_55395990,Plasma membrane,Nucleus
F07_55395990,Nucleus,
G07_55395990,Mitochondria,Nucleoplasm
H07_55395990,Nucleus,
A08_55395990,Mitochondria,Nucleus
B08_55395990,Nucleus,Nucleoli
C08_55395990,Nucleus,Nucleoli fibrillar center;Vesicles
D08_55395990,Nucleus;Vesicles,Plasma membrane
E08_55395990,Nucleus;Nucleoli,
F08_55395990,Nucleoplasm;Mitochondria,
G08_55395990,Nucleus;Nucleoli,
H08_55395990,Nucleoplasm,Cytosol
A09_55395990,Nucleoplasm,Cytosol
B09_55395990,Nucleus,
C09_55395990,Nucleus;Nucleoli,Cytosol
D09_55395990,Cytosol,
E09_55395990,Nucleus,Nucleoli;Cytosol
F09_55395990,Nucleoplasm,Vesicles;Cytosol
G09_55395990,Nucleus;Nucleoli,
H09_55395990,Nucleus,Nucleoli
A10_55395990,Nucleoplasm,Mitochondria
B10_55395990,Nucleoplasm,Nucleoli
C10_55395990,Nucleus;Vesicles,Nucleoli
D10_55395990,Nucleoli,Mitochondria
E10_55395990,Nucleus,Nucleoli
F10_55395990,Nucleoplasm,Cytosol
G10_55395990,Nucleus,Nucleoli fibrillar center
H10_55395990,Cytoplasmic bodies,
A11_55395990,Nucleus,
B11_55395990,Nucleus,
C11_55395990,Nucleus,Nuclear bodies
D11_55395990,Nuclear bodies,Nucleus;Cytosol
E11_55395990,Nucleoli,
F11_55395990,Nucleoplasm,Nuclear membrane;Cytosol
G11_55395990,Golgi apparatus,Nucleus;Nucleoplasm;Vesicles
H11_55395990,Nucleus,Nucleoli
A12_55395990,Nucleoli,Nucleus
B12_55395990,Nucleus,
C12_55395990,Nuclear bodies,
D12_55395990,Nucleoplasm,
E12_55395990,Nucleoplasm;Nuclear membrane;Vesicles,
F12_55395990,Intermediate filaments,Actin filaments;Cytosol
G12_55395990,Nucleoplasm;Nuclear bodies,Aggresome
A01_55405991,Intermediate filaments,
B01_55405991,Cytosol,Microtubule organizing center
C01_55405991,Cytosol,
D01_55405991,Nucleus;Nucleoli;Nuclear bodies,
E01_55405991,Nucleoplasm;Cytosol,Microtubule organizing center
F01_55405991,Cytosol,Plasma membrane
G01_55405991,Nucleus;Nucleoli,Cytosol
H01_55405991,Nucleoplasm;Cytosol,
A02_55405991,Nucleoplasm,
B02_55405991,Nuclear bodies,Nucleoplasm;Intermediate filaments;Focal adhesion sites
C02_55405991,Mitochondria,
D02_55405991,Cytosol,
E02_55405991,Nucleus,Golgi apparatus;Cell Junctions
F02_55405991,Mitochondria,
G02_55405991,Nucleoplasm,
H02_55405991,Cytosol,
A03_55405991,Cytosol,Nucleoplasm
B03_55405991,Nucleus;Nucleoli;Cytosol,
C03_55405991,Mitochondria,
D03_55405991,Cytosol,Nucleoli
E03_55405991,Plasma membrane,Nucleus;Cytosol
F03_55405991,Nucleoplasm,Cytosol
G03_55405991,Nucleoplasm,Cytosol
H03_55405991,Nucleoplasm,Cytosol
A04_55405991,Mitochondria,
B04_55405991,Mitochondria,
C04_55405991,Microtubules;Centrosome,
D04_55405991,Mitochondria,
E04_55405991,Nucleoplasm,
F04_55405991,Nucleoplasm,Nuclear bodies;Cytosol
G04_55405991,Nucleus,Nucleoli
H04_55405991,Nucleoli,Nucleus;Cytosol
A05_55405991,Plasma membrane;Cytosol,
B05_55405991,Nucleoplasm;Nucleoli,
C05_55405991,Nucleoplasm,Actin filaments
D05_55405991,Nucleoli;Endoplasmic reticulum;Cytosol,
E05_55405991,Nucleoplasm,
F05_55405991,Nucleoli,Nucleus
G05_55405991,Mitochondria,
H05_55405991,Nucleus,
A06_55405991,Golgi apparatus,Mitochondria
B06_55405991,Nucleoplasm,Nuclear bodies;Cytosol
C06_55405991,Plasma membrane;Cytosol,
D06_55405991,Nucleus,Nucleoli
E06_55405991,Nucleoplasm;Cytosol,
F06_55405991,Nucleoplasm,
G06_55405991,Nucleus,Vesicles
H06_55405991,Nuclear membrane,Vesicles;Aggresome;Cytosol
A07_55405991,Nucleus,Nucleoli
B07_55405991,Nucleoplasm,
C07_55405991,Nucleoplasm,Plasma membrane
D07_55405991,Nucleus;Nucleoli,Cytosol
E07_55405991,Mitochondria,Nucleus
F07_55405991,Nucleoplasm,Golgi apparatus
G07_55405991,Cytosol,
H07_55405991,Nucleoli,Vesicles
A08_55405991,Nucleoli,Nucleus
B08_55405991,Nucleoli,Nucleus
C08_55405991,Cytosol,
D08_55405991,Nucleus,Nucleoli
E08_55405991,Nucleoli,Nucleus;Vesicles
F08_55405991,Nucleoplasm;Vesicles,Nuclear bodies
G08_55405991,Endoplasmic reticulum,
H08_55405991,Mitochondria,
A09_55405991,Nucleoplasm,Intermediate filaments
B09_55405991,Vesicles;Intermediate filaments,
C09_55405991,Nucleoplasm,Golgi apparatus;Vesicles;Plasma membrane
D09_55405991,Plasma membrane,Vesicles
E09_55405991,Mitochondria,Nucleus
F09_55405991,Focal adhesion sites,Intermediate filaments
G09_55405991,Nucleoplasm,Golgi apparatus;Plasma membrane
H09_55405991,Vesicles,Nucleoplasm
A10_55405991,Plasma membrane;Centrosome,Vesicles;Cell Junctions;Cytosol
B10_55405991,Mitochondria,
C10_55405991,Nucleoplasm,
D10_55405991,Plasma membrane;Cytosol,
E10_55405991,Nucleoli,
F10_55405991,Plasma membrane;Cytosol,
G10_55405991,Nuclear bodies,
H10_55405991,Nucleoplasm;Cytosol,
A11_55405991,Endoplasmic reticulum,
B11_55405991,Vesicles,
C11_55405991,Nucleus;Nucleoli,Microtubule organizing center
D11_55405991,Nuclear speckles;Cytosol,
E11_55405991,Nuclear membrane,
F11_55405991,Nucleoplasm,
G11_55405991,Intermediate filaments,
H11_55405991,Plasma membrane,
A12_55405991,Nucleoplasm;Vesicles,Cytosol
B12_55405991,Mitochondria,
C12_55405991,Intermediate filaments,
D12_55405991,Mitochondria,
E12_55405991,Lipid droplets,
F12_55405991,Intermediate filaments,
G12_55405991,Nucleus;Vesicles,
A01_75836284,Plasma membrane;Cytosol,
B01_75836284,Nucleoplasm,
C01_75836284,Nucleoplasm;Nucleoli;Mitochondria,
D01_75836284,Nucleus,
E01_75836284,Mitochondria,Nucleoplasm
F01_75836284,Endoplasmic reticulum,Nucleoplasm
G01_75836284,Nucleoplasm,Mitochondria
H01_75836284,Vesicles,Nucleoplasm
A02_75836284,Cytosol,Nucleoplasm
B02_75836284,Nucleoplasm,Cytosol
C02_75836284,Nucleoplasm,Nuclear bodies;Cytosol
D02_75836284,Cytosol,Nucleoplasm
E02_75836284,Cytosol,Nucleus;Nuclear membrane;Nucleoli
F02_75836284,Nucleoplasm,Cytosol
G02_75836284,Nucleus,
H02_75836284,Nucleoplasm;Vesicles;Cytosol,
A03_75836284,Vesicles,
B03_75836284,Mitochondria,Vesicles
C03_75836284,Nucleoli,
D03_75836284,Endoplasmic reticulum,
E03_75836284,Vesicles,
F03_75836284,Centrosome;Cytosol,
G03_75836284,Nuclear speckles,Intermediate filaments
H03_75836284,Nucleoli,Nucleus
A04_75836284,Intermediate filaments,
B04_75836284,Mitochondria,
C04_75836284,Cytosol,
D04_75836284,Actin filaments,
E04_75836284,Nuclear speckles;Vesicles,
F04_75836284,Nucleus,
G04_75836284,Nucleoplasm;Cytosol,
H04_75836284,Cytosol,
A05_75836284,Nuclear speckles,
B05_75836284,Cytosol,Nucleoplasm
C05_75836284,Nuclear speckles;Vesicles,Midbody
D05_75836284,Nucleus;Nuclear bodies,Cytosol
E05_75836284,Nucleoli;Mitochondria,Nucleus
F05_75836284,Cell Junctions,
G05_75836284,Nucleoplasm,Midbody
H05_75836284,Mitochondria,
A06_75836284,Vesicles,
B06_75836284,Microtubules;Cytokinetic bridge;Mitotic spindle,
C06_75836284,Plasma membrane,
D06_75836284,Vesicles;Plasma membrane,
E06_75836284,Nuclear bodies,Cytosol
F06_75836284,Nucleus;Nucleoli,
G06_75836284,Cytosol,
H06_75836284,Nucleoli,Nucleus
A07_75836284,Vesicles,
B07_75836284,Cytosol,
C07_75836284,Cytosol,
D07_75836284,Plasma membrane,
E07_75836284,Cytosol,Golgi apparatus
F07_75836284,Golgi apparatus,
G07_75836284,Vesicles,
H07_75836284,Plasma membrane;Cytosol,
A08_75836284,Intermediate filaments,
B08_75836284,Vesicles,Microtubules
C08_75836284,Midbody ring,
D08_75836284,Nuclear bodies,Nucleoplasm
E08_75836284,Nucleus,
F08_75836284,Golgi apparatus,Cytosol
G08_75836284,Midbody,
H08_75836284,Nucleoplasm,Cytosol
A09_75836284,Cytosol,
B09_75836284,Cytosol,Nucleoplasm
C09_75836284,Plasma membrane;Actin filaments,
D09_75836284,Vesicles,
E09_75836284,Nucleoplasm,Intermediate filaments;Cytosol
F09_75836284,Cytosol,
G09_75836284,Nucleoplasm;Cytosol,Plasma membrane
H09_75836284,Nucleoplasm;Cytosol,Nucleoli fibrillar center
A10_75836284,Mitochondria,
B10_75836284,Nuclear speckles,Cytosol
C10_75836284,Nucleoli,Nucleus
D10_75836284,Vesicles,
E10_75836284,Intermediate filaments;Actin filaments;Cytosol,
F10_75836284,Nucleoplasm,
G10_75836284,Mitochondria,Nucleus;Nucleoli
H10_75836284,Nucleus,Nucleoli
A11_75836284,Nucleus;Nuclear bodies,
B11_75836284,Nucleoli,Cytosol
C11_75836284,Nucleoplasm,Vesicles;Cytosol
D11_75836284,Vesicles,Cytosol
E11_75836284,Cytosol,
F11_75836284,Cell Junctions,Midbody ring;Microtubule organizing center;Cytosol
G11_75836284,Midbody ring;Cytosol,
H11_75836284,Mitochondria,Vesicles;Intermediate filaments
A12_75836284,Vesicles;Plasma membrane;Cytosol,
B12_75836284,Nucleoplasm;Vesicles,Plasma membrane;Midbody;Cytosol
C12_75836284,Endoplasmic reticulum,
D12_75836284,Microtubule organizing center;Cytosol,
E12_75836284,Intermediate filaments,
F12_75836284,Nucleus,Midbody;Cytosol
G12_75836284,Nucleoli fibrillar center;Golgi apparatus,
A01_75846286,Nucleus,
B01_75846286,Nucleoplasm,
C01_75846286,Cytosol,
D01_75846286,Nucleoli fibrillar center,
E01_75846286,Cell Junctions,
F01_75846286,Nucleoplasm,Midbody ring
G01_75846286,Cytosol,
H01_75846286,Vesicles,
A02_75846286,Mitochondria,
B02_75846286,Nucleoli,Nucleus;Cytosol
C02_75846286,Golgi apparatus,
D02_75846286,Nucleoplasm;Golgi apparatus,Vesicles
E02_75846286,Plasma membrane;Cell Junctions;Actin filaments,
F02_75846286,Nucleus,
G02_75846286,Nucleus,
H02_75846286,Nucleoplasm;Nuclear bodies,
A03_75846286,Nucleoplasm,
B03_75846286,Midbody ring,Intermediate filaments;Centrosome
C03_75846286,Endoplasmic reticulum,
D03_75846286,Plasma membrane;Cytosol,
E03_75846286,Nucleus,
F03_75846286,Nucleus,
G03_75846286,Nucleoli,Nucleus
H03_75846286,Nucleoplasm,Nucleoli
A04_75846286,Vesicles;Cytosol,
B04_75846286,Nucleoplasm,Midbody ring
C04_75846286,Nucleus,Cytosol
D04_75846286,Nucleus,Nucleoli;Vesicles
E04_75846286,Golgi apparatus;Vesicles,
F04_75846286,Mitochondria,
G04_75846286,Nucleoplasm,Nucleoli
H04_75846286,Nucleoplasm,
A05_75846286,Plasma membrane,
B05_75846286,Nucleus;Nucleoli,
C05_75846286,Nucleoli;Plasma membrane,Midbody;Centrosome
D05_75846286,Nucleus,Nucleoli;Mitochondria
E05_75846286,Nuclear bodies;Plasma membrane;Cytosol,
F05_75846286,Nucleoli fibrillar center;Cytosol,Mitochondria
G05_75846286,Nucleoplasm,Nucleoli
H05_75846286,Cell Junctions,
A06_75846286,Golgi apparatus;Cytosol,Nucleus
B06_75846286,Cytosol,
C06_75846286,Cytosol,
D06_75846286,Nuclear speckles,Cytosol
E06_75846286,Vesicles,Mitotic spindle
F06_75846286,Nucleoplasm;Nucleoli fibrillar center,Intermediate filaments
G06_75846286,Cytosol,
H06_75846286,Cytosol,
A07_75846286,Nucleoplasm;Cytosol,
B07_75846286,Nucleus;Cytosol,Nucleoli
A01_6717,Nucleoplasm,
B01_6717,Nucleoplasm,
C01_6717,Nucleoli fibrillar center;Cytosol,Cell Junctions
D01_6717,Cytosol,Nucleoplasm
E01_6717,,
F01_6717,Intermediate filaments;Rods & Rings,
G01_6717,Nucleoplasm;Nuclear bodies,Cytosol
H01_6717,Nucleoplasm,
A02_6717,,
B02_6717,Endoplasmic reticulum;Cytosol,Nucleoplasm
C02_6717,Cytosol,Nucleoplasm
D02_6717,Cytosol,Nucleoplasm
E02_6717,Nucleoplasm,Vesicles;Cytosol
F02_6717,Nucleoplasm;Nuclear bodies,Microtubule ends
G02_6717,Mitochondria,Nucleoplasm
H02_6717,Mitochondria,
A03_6717,Mitochondria,Cytosol
B03_6717,Golgi apparatus,Nucleoplasm
C03_6717,Cytosol,Nucleoplasm;Nucleoli
D03_6717,Cytosol,Vesicles
E03_6717,Vesicles,
F03_6717,Cytosol,
G03_6717,Vesicles,
H03_6717,Nucleoplasm,Cytosol
A04_6717,Mitochondria,
B04_6717,Cytosol,
C04_6717,Cytosol,Nucleoplasm
D04_6717,Vesicles,
E04_6717,Plasma membrane,Nucleoplasm;Vesicles;Cytosol
F04_6717,Cytosol,
G04_6717,Endoplasmic reticulum,Vesicles
H04_6717,Nucleoplasm,Cytosol
A05_6717,Nucleoplasm;Cytosol,Nuclear bodies
B05_6717,Nucleoplasm,Golgi apparatus
C05_6717,Nucleoplasm,Nucleoli
D05_6717,Nucleoplasm,
E05_6717,Nucleoplasm,Cytosol
F05_6717,Nucleoli,
G05_6717,Cytosol,
H05_6717,Nucleoplasm,
A06_6717,Nucleoli,Cytokinetic bridge
B06_6717,Nucleoplasm,Nucleoli
C06_6717,Nucleoli;Cytosol,
D06_6717,Nucleoplasm,Nucleoli
E06_6717,Golgi apparatus,
F06_6717,Nucleoplasm,
G06_6717,Golgi apparatus,Cytosol
H06_6717,Intermediate filaments,
A07_6717,Plasma membrane,Nucleoplasm
B07_6717,Plasma membrane,
C07_6717,Cytosol,Nucleoli;Golgi apparatus
D07_6717,Vesicles,
E07_6717,Nucleoplasm;Plasma membrane,
F07_6717,Nucleoplasm,
G07_6717,Cytosol,Actin filaments
H07_6717,Nucleoplasm,Vesicles
A08_6717,Golgi apparatus,
B08_6717,Nucleoplasm,
C08_6717,Nucleoplasm,
D08_6717,Nucleoplasm,Cytosol
E08_6717,Nucleoplasm,
F08_6717,Plasma membrane,Aggresome
G08_6717,Mitochondria,
H08_6717,Plasma membrane;Cytosol,Nuclear membrane;Vesicles
A09_6717,Nucleoli,Nucleoplasm;Cytosol
B09_6717,Nucleoli,Vesicles;Mitochondria
C09_6717,Endoplasmic reticulum,
D09_6717,Nucleoplasm,
E09_6717,Nucleoli,Nucleoplasm
F09_6717,Plasma membrane,Nuclear bodies
G09_6717,Mitochondria;Cytosol,
H09_6717,Nucleoplasm,Nucleoli
A10_6717,Nucleoplasm,Cell Junctions;Cytokinetic bridge
B10_6717,Endoplasmic reticulum;Cytosol,
C10_6717,Nucleoplasm;Nucleoli,
D10_6717,Nuclear speckles,Centrosome;Cytosol
E10_6717,Endoplasmic reticulum;Vesicles,
F10_6717,Nuclear bodies,Nucleoplasm
G10_6717,Nucleoplasm,Nucleoli
H10_6717,Nucleoplasm;Plasma membrane,
A11_6717,Nucleoplasm,Cytosol
B11_6717,Nucleoplasm;Mitochondria,Nucleoli;Plasma membrane
C11_6717,Mitochondria,Nucleoli
D11_6717,Nucleoplasm,Cytosol
E11_6717,Nucleoli,
F11_6717,Vesicles,
G11_6717,Nucleoli,Vesicles;Plasma membrane;Cytosol
H11_6717,Nucleoplasm;Mitotic chromosome,
A12_6717,Nucleoplasm,Nucleoli;Nuclear speckles
B12_6717,Nucleoplasm,
C12_6717,Nucleoplasm,Nucleoli
D12_6717,Nucleoli fibrillar center;Vesicles,Nucleoplasm;Mitotic chromosome;Cytosol
E12_6717,,
F12_6717,Plasma membrane;Cytosol,
G12_6717,Nucleoplasm;Cytokinetic bridge;Cytosol,
A01_6718,Nucleoplasm,
B01_6718,Plasma membrane,
C01_6718,Nucleoplasm,Nucleoli
D01_6718,Nucleoplasm,Cytosol
E01_6718,Vesicles,
F01_6718,,
G01_6718,,
H01_6718,Plasma membrane,Rods & Rings
A02_6718,Mitochondria,
B02_6718,Nuclear membrane,
C02_6718,Nucleoli,Nucleoplasm
D02_6718,Nucleoli,Nucleoplasm;Vesicles
E02_6718,Mitochondria,
F02_6718,Mitochondria,Nucleoplasm;Centrosome
G02_6718,Cytosol,Nucleoplasm;Nuclear bodies
H02_6718,Nuclear bodies,
A03_6718,Nucleoplasm,
B03_6718,Nuclear membrane;Vesicles,
C03_6718,Nucleoli,
D03_6718,Nucleoplasm;Cytosol,
E03_6718,Plasma membrane;Cytosol,
F03_6718,Vesicles,Nucleoplasm
G03_6718,Endoplasmic reticulum,
H03_6718,Golgi apparatus,Nucleoplasm
A04_6718,Cell Junctions,Cytoplasmic bodies
B04_6718,Nucleoplasm,
C04_6718,Nucleoplasm,Cytosol
D04_6718,Nucleoli,Intermediate filaments
E04_6718,Nucleoplasm,
F04_6718,Mitochondria,
G04_6718,Plasma membrane;Cytosol,Nucleoplasm;Golgi apparatus
H04_6718,Cytosol,Plasma membrane
A05_6718,Cytosol,Nucleoplasm;Plasma membrane
B05_6718,Cytosol,Nuclear bodies
C05_6718,Nucleoplasm,
D05_6718,Nucleoplasm,Aggresome;Cytosol
E05_6718,Mitochondria,Nucleoplasm
F05_6718,Nucleoplasm,Cell Junctions
G05_6718,Golgi apparatus,Vesicles
H05_6718,Nucleoplasm,Cytosol
A06_6718,Microtubules;Cytosol,Nucleoplasm
B06_6718,Vesicles,Cytosol
C06_6718,Nucleoplasm,
D06_6718,Nucleoplasm,Vesicles;Cytokinetic bridge
E06_6718,Nucleoplasm,Vesicles;Cytosol
F06_6718,Centrosome,Nucleoplasm;Mitotic chromosome
G06_6718,Nucleoplasm,Nuclear bodies;Plasma membrane
H06_6718,Nuclear bodies;Mitochondria,Cytosol
A07_6718,Nucleoplasm,
B07_6718,Nucleoplasm,
C07_6718,Intermediate filaments,
D07_6718,Nuclear speckles,
E07_6718,Nucleoplasm,
F07_6718,Nucleoplasm,
G07_6718,Nucleoli,Nucleoplasm
H07_6718,Nucleoplasm,
A08_6718,Nucleoplasm;Nucleoli,Microtubules;Cytosol
B08_6718,Vesicles;Mitochondria,
C08_6718,Nucleoplasm;Plasma membrane,
D08_6718,Nucleoplasm,Nucleoli fibrillar center
E08_6718,Golgi apparatus;Vesicles,
F08_6718,Nucleoplasm,
G08_6718,Nucleoli,Mitotic chromosome;Actin filaments
H08_6718,Nucleoplasm,Cell Junctions
A09_6718,Plasma membrane;Cell Junctions,Cytosol
B09_6718,Microtubules,Vesicles
C09_6718,Nuclear bodies,Nucleoplasm;Midbody
D09_6718,Nucleoli,Nucleoplasm
E09_6718,Plasma membrane,Nucleoplasm;Nuclear bodies
F09_6718,Golgi apparatus,
G09_6718,Plasma membrane;Cytosol,Nucleoli
H09_6718,Nucleoplasm,Cytosol
A10_6718,Mitochondria,
B10_6718,Nucleoplasm,
C10_6718,Nucleoplasm,Centrosome;Cytosol
D10_6718,Cytosol,
E10_6718,Vesicles,
F10_6718,Nucleoplasm,Centrosome
G10_6718,Plasma membrane,
H10_6718,Nucleoplasm;Plasma membrane,Vesicles;Mitochondria;Cytosol
A11_6718,Cytosol,Vesicles;Centrosome
B11_6718,Nucleoplasm,Nuclear bodies
C11_6718,Golgi apparatus,
D11_6718,,
E11_6718,Nucleoplasm,
F11_6718,Nuclear bodies,
G11_6718,Nucleoplasm,Cytosol
H11_6718,Nucleoplasm;Nuclear bodies,
A12_6718,Plasma membrane;Cytosol,
B12_6718,Golgi apparatus,Cytosol
C12_6718,Cytosol,Nucleoli
D12_6718,Plasma membrane,
E12_6718,Plasma membrane,Centriolar satellite
F12_6718,Cytosol,
G12_6718,Cytosol,
A01_6719,Plasma membrane,Cytosol
B01_6719,Plasma membrane,Nucleoplasm
C01_6719,Nuclear bodies,Nucleoplasm
D01_6719,Cytosol,
E01_6719,Nucleoplasm,Nuclear bodies
F01_6719,Cytosol,
G01_6719,Nucleoplasm,Nuclear bodies;Cytosol
H01_6719,Cell Junctions,Nucleoplasm;Vesicles
A02_6719,Cytosol,
B02_6719,Nucleoplasm,
C02_6719,Cytosol,
D02_6719,Nucleoplasm;Cytosol,Nucleoli;Golgi apparatus
E02_6719,Cytosol,Nuclear speckles
F02_6719,Intermediate filaments,
G02_6719,Plasma membrane;Centrosome,Cytosol
H02_6719,Cytosol,
A03_6719,Golgi apparatus,
B03_6719,Endoplasmic reticulum,Golgi apparatus
C03_6719,Nuclear speckles,Centrosome
D03_6719,Nucleoplasm,Nucleoli;Vesicles
E03_6719,Vesicles,Microtubules
F03_6719,Actin filaments,
G03_6719,Mitochondria,Nucleoplasm
H03_6719,Nucleoplasm,Vesicles
A04_6719,Nucleoplasm;Nuclear bodies,Nucleoli;Cytosol
B04_6719,Cytosol,Centriolar satellite
C04_6719,Centrosome,Nucleoli;Plasma membrane
D04_6719,Cytosol,Nucleoplasm
E04_6719,Vesicles,Cytosol
F04_6719,Nucleoli,Nucleoplasm
G04_6719,Cytosol,Nucleoplasm
H04_6719,Nucleoplasm,Cytosol
A05_6719,Cytosol,
B05_6719,Nucleoli,Nucleoplasm
C05_6719,Nucleoli,Nucleoplasm
D05_6719,Vesicles,
E05_6719,Nuclear speckles,Nuclear membrane;Mitochondria;Cytosol
F05_6719,Nucleoplasm;Nucleoli,
G05_6719,Nucleoli,Mitotic chromosome
H05_6719,Plasma membrane,Nucleoplasm
A06_6719,Nucleoplasm;Nucleoli,Cytosol
B06_6719,Nucleoplasm;Nuclear bodies,
C06_6719,Nucleoplasm,Vesicles
D06_6719,Nucleoplasm;Cytosol,Vesicles
E06_6719,Cytosol,
F06_6719,Nuclear bodies,
G06_6719,Endoplasmic reticulum,
H06_6719,Nucleoli,Mitotic chromosome;Actin filaments
A07_6719,Intermediate filaments,
B07_6719,Cytosol,Golgi apparatus;Plasma membrane
C07_6719,Vesicles,
D07_6719,Vesicles,
E07_6719,Vesicles,
F07_6719,,
G07_6719,Plasma membrane,Nucleoplasm;Cytosol
H07_6719,Mitochondria,
A08_6719,Golgi apparatus,Nucleoplasm;Cytosol
B08_6719,Intermediate filaments,
C08_6719,Vesicles,
D08_6719,Nucleoplasm;Nucleoli,
E08_6719,Mitochondria,
F08_6719,Plasma membrane,Nucleoli
G08_6719,Nucleoplasm,Cytosol
H08_6719,Plasma membrane;Actin filaments;Focal adhesion sites,
A09_6719,Nucleoplasm,
B09_6719,Actin filaments,
C09_6719,Vesicles,
D09_6719,Vesicles,
E09_6719,Lipid droplets,Nucleoplasm
F09_6719,Nucleoplasm,Cytosol
G09_6719,Nucleoplasm,Nucleoli
H09_6719,Nucleoli,Nucleoplasm
A10_6719,Nucleoplasm;Nuclear membrane,
B10_6719,Vesicles,Cytosol
C10_6719,Plasma membrane;Cytosol,
D10_6719,Cytosol,
E10_6719,Nucleoli,Nucleoplasm;Cytosol
F10_6719,Actin filaments,Plasma membrane
G10_6719,Golgi apparatus,Cytosol
H10_6719,Nucleoplasm,Nucleoli
A11_6719,Lipid droplets,
B11_6719,Nucleoplasm;Plasma membrane,
C11_6719,,
D11_6719,Cytosol,
E11_6719,Nucleoplasm,Golgi apparatus
F11_6719,Nucleoplasm;Vesicles,Nuclear bodies
G11_6719,Endoplasmic reticulum,
H11_6719,Golgi apparatus,Vesicles
A12_6719,Plasma membrane,Nucleoplasm;Nuclear membrane
B12_6719,Nucleoplasm,Mitochondria
C12_6719,Plasma membrane,Nuclear bodies
D12_6719,Nucleoplasm,Mitochondria
E12_6719,Cytosol,Nucleoplasm
F12_6719,Vesicles,Plasma membrane;Cytosol
G12_6719,Lipid droplets,
A01_6720,Mitochondria,
B01_6720,Nucleoplasm;Cytosol,Vesicles
C01_6720,Nucleoplasm,Cytosol
D01_6720,Mitochondria,Nucleoplasm;Nucleoli
E01_6720,Microtubules;Cytosol,
F01_6720,Cytosol,Nucleoplasm
G01_6720,Nucleoplasm;Mitochondria,Nucleoli;Cytosol
H01_6720,Mitochondria;Cytosol,
A02_6720,Nucleoplasm,
B02_6720,Plasma membrane;Cytosol,
C02_6720,Nuclear speckles;Centriolar satellite;Cytosol,
D02_6720,Nuclear bodies,Nucleoplasm
E02_6720,Cytosol,Nucleoplasm
F02_6720,Intermediate filaments,
G02_6720,Nucleoplasm;Cytosol,
H02_6720,Nucleoli;Cytosol,
A03_6720,Nucleoplasm;Nucleoli,Cytosol
B03_6720,Nucleoplasm,Nuclear bodies;Vesicles
C03_6720,Nucleoplasm,Nucleoli
D03_6720,Nucleoplasm,Nuclear bodies;Cytosol
E03_6720,Nucleoplasm,
F03_6720,Nucleoplasm,Nuclear bodies
G03_6720,Cytosol,Golgi apparatus
H03_6720,Cytosol,Nucleoplasm
A04_6720,Nucleoplasm,Nuclear bodies
B04_6720,Nuclear speckles,Cytoplasmic bodies
C04_6720,Peroxisomes,
D04_6720,Vesicles,Nucleoplasm;Cytosol
E04_6720,Nucleoplasm;Nuclear bodies,Vesicles;Actin filaments
F04_6720,Nucleoli,Nuclear bodies
G04_6720,Nucleoplasm;Plasma membrane,Nuclear membrane;Nuclear bodies
H04_6720,Nucleoli fibrillar center,
A05_6720,Plasma membrane,Vesicles
B05_6720,Nucleoplasm,Vesicles
C05_6720,Nucleoplasm,Cytosol
D05_6720,Nucleoli,Nucleoplasm;Nuclear membrane;Cytosol
E05_6720,Nucleoli,
F05_6720,Nuclear speckles,Actin filaments
G05_6720,Nucleoplasm,Cytosol
H05_6720,Centrosome;Cytosol,
A06_6720,Mitochondria,
B06_6720,Cytosol,
C06_6720,Nucleoplasm;Nuclear bodies,
D06_6720,Plasma membrane;Cytosol,
E06_6720,Nucleoplasm;Vesicles,
F06_6720,Plasma membrane,
G06_6720,Nucleoli,Plasma membrane
H06_6720,Nucleoplasm,
A07_6720,Mitochondria,
B07_6720,Plasma membrane,Focal adhesion sites
C07_6720,Nucleoplasm,
D07_6720,Actin filaments,
E07_6720,Cytosol,Intermediate filaments
F07_6720,Cytosol,
G07_6720,Nucleoli,Golgi apparatus;Cytosol
H07_6720,Cytosol,Nucleoplasm
A08_6720,Nucleoplasm,Cytosol
B08_6720,Mitochondria,Nucleoplasm
C08_6720,Nuclear bodies,Nucleoplasm;Cytosol
D08_6720,Cytosol,Nucleoplasm
E08_6720,Nucleoplasm,Cytosol
F08_6720,Focal adhesion sites;Cytosol,Plasma membrane
G08_6720,Nucleoplasm,Vesicles
H08_6720,Nucleoplasm;Cytosol,Vesicles
A09_6720,Nucleoplasm,
B09_6720,Nucleoplasm;Nucleoli,Cytosol
C09_6720,Cytosol,Plasma membrane
D09_6720,Nucleoplasm,Cytosol
E09_6720,Mitochondria,Nucleoplasm
F09_6720,Vesicles,
G09_6720,Nucleoplasm,
H09_6720,Vesicles,
A10_6720,Mitochondria,
B10_6720,Mitochondria,
C10_6720,Nuclear membrane,Vesicles;Aggresome;Cytosol
D10_6720,Nucleoplasm,
E10_6720,Mitochondria,
F10_6720,Mitochondria,
G10_6720,Nucleoplasm,Nucleoli
H10_6720,Nucleoplasm,Nuclear membrane
A11_6720,Nucleoplasm,Nucleoli;Nuclear bodies;Cytosol
B11_6720,Nucleoplasm,
C11_6720,Nucleoplasm,
D11_6720,Nucleoplasm,Nucleoli fibrillar center;Centrosome
E11_6720,Nucleoplasm,Nucleoli
F11_6720,Intermediate filaments,
G11_6720,Nuclear speckles,
H11_6720,Golgi apparatus,Nucleoplasm;Cell Junctions
A12_6720,Plasma membrane,Nucleoplasm
B12_6720,Vesicles;Cytosol,
C12_6720,Nucleoplasm,Nucleoli fibrillar center;Vesicles
D12_6720,Vesicles,Nucleoplasm
E12_6720,Nucleoli,Nucleoplasm
F12_6720,Nucleoplasm,
G12_6720,Nucleoplasm;Nucleoli,Centriolar satellite
A01_6721,Vesicles,
B01_6721,Nucleoplasm,Cytosol
C01_6721,Plasma membrane;Cytosol,
D01_6721,Nucleoplasm;Cytosol,
E01_6721,Mitochondria,
F01_6721,Cytosol,
G01_6721,Nucleoplasm;Cytosol,
H01_6721,Mitochondria,Nucleoplasm
A02_6721,Cytosol,
B02_6721,Golgi apparatus,Nucleoplasm;Cytosol
C02_6721,Nucleoplasm,
D02_6721,Nucleoplasm,
E02_6721,Nucleoli,
F02_6721,Cytosol,
G02_6721,Nucleoplasm;Nuclear bodies;Plasma membrane;Cytosol,
H02_6721,Vesicles,Intermediate filaments
A03_6721,Cytosol,Nucleoplasm
B03_6721,Nucleoplasm;Cytosol,
C03_6721,Mitochondria,Nucleoplasm;Vesicles
D03_6721,Cytosol,
E03_6721,Nucleoplasm;Cytosol,
F03_6721,Actin filaments,Cytosol
G03_6721,Nucleoplasm;Cytosol,Nuclear bodies
H03_6721,Nucleoli;Nucleoli fibrillar center,
A04_6721,Nucleoli,Nucleoplasm;Vesicles
B04_6721,Nucleoplasm;Centrosome,
C04_6721,Mitochondria,
D04_6721,Mitochondria,Nucleoplasm
E04_6721,Nucleoplasm,
F04_6721,Nucleoli,Nucleoplasm
G04_6721,Nucleoplasm;Cytosol,
H04_6721,Cytosol,
A05_6721,Nucleoplasm;Cytosol,Golgi apparatus
B05_6721,Nucleoplasm,
C05_6721,Mitochondria,
D05_6721,Microtubules,Nucleoplasm
E05_6721,Mitochondria,Vesicles;Cytosol
F05_6721,Nucleoplasm;Nuclear membrane,
G05_6721,Mitochondria,
H05_6721,Cytosol,Nucleoplasm;Nuclear bodies;Plasma membrane
A06_6721,Nucleoplasm;Mitochondria,
B06_6721,Endoplasmic reticulum,
C06_6721,Nucleoli;Mitochondria,Cytosol
D06_6721,Mitochondria,Cytosol
E06_6721,Nucleoplasm;Plasma membrane;Cytosol,
F06_6721,Nucleoplasm;Vesicles,Cytosol
G06_6721,Centrosome,Vesicles;Cytosol
H06_6721,Cytosol,Nucleoplasm
A07_6721,Cytosol,
B07_6721,Intermediate filaments;Cytosol,Nucleoli;Microtubules
C07_6721,Nucleoplasm;Cytosol,
D07_6721,Nucleoli,
E07_6721,Mitochondria,
F07_6721,Nucleoli fibrillar center,Nucleoplasm
G07_6721,Nucleoli,Nucleoplasm
H07_6721,Cytosol,
A08_6721,Nucleoplasm;Nucleoli,Cytosol
B08_6721,Plasma membrane,Nucleoplasm
C08_6721,Nuclear membrane;Cytosol,
D08_6721,Nucleoplasm,
E08_6721,Golgi apparatus,
F08_6721,Nucleoplasm;Mitochondria,
G08_6721,Mitochondria,Nucleoplasm
H08_6721,Nuclear speckles;Intermediate filaments,
A09_6721,Endoplasmic reticulum;Cytosol,
B09_6721,Mitochondria,Nucleoplasm
C09_6721,Cytosol,
D09_6721,Endoplasmic reticulum,
E09_6721,Vesicles,Nucleoplasm
F09_6721,Endoplasmic reticulum,
G09_6721,Nucleoplasm,Nuclear bodies
H09_6721,Vesicles,
A10_6721,Nucleoplasm,Nuclear bodies;Cytosol
B10_6721,Cytosol,
C10_6721,Nucleoplasm;Nucleoli,Cell Junctions
D10_6721,Vesicles,
E10_6721,Golgi apparatus;Cytosol,
F10_6721,Mitochondria,Nucleoplasm
G10_6721,Mitochondria,Nucleoli
H10_6721,Endoplasmic reticulum,
A11_6721,Nucleoplasm,
B11_6721,Nuclear bodies,Nucleoplasm;Centrosome
C11_6721,Nucleoplasm;Cytosol,
D11_6721,Vesicles;Lipid droplets,
E11_6721,Plasma membrane,Nucleoplasm
F11_6721,Nucleoplasm,
G11_6721,Mitochondria,Nucleoplasm
H11_6721,Vesicles,Centrosome
A12_6721,Nucleoplasm;Nucleoli,
B12_6721,Nucleoplasm,Vesicles
C12_6721,Vesicles,
D12_6721,Intermediate filaments,
E12_6721,Vesicles,Nucleoplasm
F12_6721,Cytosol,
G12_6721,Golgi apparatus,Nucleoli;Peroxisomes
A01_6722,Nucleoplasm;Nuclear bodies,
B01_6722,Nucleoli;Mitochondria,
C01_6722,Cytosol,
D01_6722,Mitochondria,
E01_6722,Actin filaments;Focal adhesion sites,
F01_6722,Cytosol,
G01_6722,Cytosol,Golgi apparatus;Rods & Rings
H01_6722,Cytosol,
A02_6722,Vesicles,
B02_6722,Plasma membrane;Cytosol,
C02_6722,Mitochondria,
D02_6722,Endoplasmic reticulum,
E02_6722,Vesicles,
F02_6722,Vesicles,Nucleoplasm
G02_6722,Vesicles,
H02_6722,Nucleoplasm;Actin filaments,
A03_6722,Nucleoplasm;Cytosol,
B03_6722,Peroxisomes,
C03_6722,Cytosol,
D03_6722,Cytosol,
E03_6722,Cytosol,
F03_6722,Centrosome,Cytosol
G03_6722,Lipid droplets,
H03_6722,Cytosol,
A04_6722,Nucleoplasm,
B04_6722,Peroxisomes,
C04_6722,Cytosol,
D04_6722,Nucleoplasm;Golgi apparatus,Cytosol
E04_6722,Mitochondria,
F04_6722,Cytosol,Nucleoli
G04_6722,Nucleoli;Microtubules,
H04_6722,Mitochondria,
A05_6722,Nuclear speckles;Cytosol,
B05_6722,Mitochondria,
C05_6722,Plasma membrane;Cytosol,Nucleoplasm
D05_6722,Nucleoplasm,Mitochondria
E05_6722,Cytosol,
F05_6722,Nucleoplasm,Cytosol
G05_6722,Endoplasmic reticulum,Cytosol
H05_6722,Cytosol,Nucleoli
A06_6722,Nucleoplasm,Vesicles
B06_6722,Nuclear speckles,
C06_6722,Plasma membrane;Cytosol,Nucleoplasm
D06_6722,Nucleoplasm;Centriolar satellite,
E06_6722,Nucleoplasm,
F06_6722,Nucleoplasm,Cytosol
G06_6722,Cytosol,Actin filaments
H06_6722,Golgi apparatus;Cytosol,
A07_6722,Nucleoli,Nucleoplasm
B07_6722,Vesicles,Centrosome
C07_6722,Cytosol,
D07_6722,Nucleoplasm,Nuclear bodies
E07_6722,Nucleoplasm;Cytosol,
F07_6722,Vesicles,
G07_6722,Vesicles,
H07_6722,Nucleoplasm,Centrosome
A08_6722,Nucleoplasm,Nuclear bodies;Vesicles
B08_6722,Mitochondria,
C08_6722,Vesicles,
D08_6722,Nucleoplasm,
E08_6722,Nucleoplasm,Cytosol
F08_6722,Nucleoplasm,
G08_6722,Endoplasmic reticulum,Nuclear bodies
H08_6722,Endoplasmic reticulum,
A09_6722,Nucleoplasm;Cytosol,
B09_6722,Vesicles,
C09_6722,Cell Junctions;Focal adhesion sites,Nucleoplasm;Cytosol
D09_6722,Centriolar satellite;Cytosol,
E09_6722,Plasma membrane,
F09_6722,Lipid droplets,
G09_6722,Cytosol,
H09_6722,Nucleoplasm,
A10_6722,Nucleoplasm,
B10_6722,Nucleoplasm,
C10_6722,Vesicles,
D10_6722,Nucleoplasm;Nuclear bodies,
E10_6722,Mitochondria,
F10_6722,Vesicles,
G10_6722,Vesicles,Nucleoli fibrillar center
H10_6722,Nucleoplasm,
A11_6722,Mitochondria,
B11_6722,Cytosol,
C11_6722,Lipid droplets,
D11_6722,Mitochondria,
E11_6722,Centrosome,Cytosol
F11_6722,Cytosol,
G11_6722,Nucleoplasm,Cytosol
H11_6722,Nuclear speckles;Cytosol,Nucleoli
A12_6722,Mitochondria,
B12_6722,Endoplasmic reticulum,
C12_6722,Endoplasmic reticulum,
D12_6722,Plasma membrane;Cytosol,Endoplasmic reticulum
E12_6722,Nucleoli fibrillar center;Cytosol,
F12_6722,Nucleoplasm;Vesicles,
G12_6722,Nucleoplasm;Nucleoli,Vesicles
A01_6724,Vesicles,
B01_6724,Mitochondria,Cytosol
C01_6724,Golgi apparatus;Plasma membrane;Cytosol,
D01_6724,Nucleoli,Vesicles
E01_6724,Cytosol,
F01_6724,Cytosol,
G01_6724,Nucleoplasm,
H01_6724,Cytosol,
A02_6724,Nucleoplasm,
B02_6724,Nucleoplasm,
C02_6724,Nucleoplasm;Nuclear membrane,Plasma membrane
D02_6724,Endoplasmic reticulum,
E02_6724,Nucleoplasm,Cytosol
F02_6724,Vesicles,Nucleoplasm;Centrosome
G02_6724,Vesicles,
H02_6724,Mitochondria,
A03_6724,Vesicles,
B03_6724,Cytosol,Nuclear bodies
C03_6724,Nucleoplasm;Nuclear bodies,Cytokinetic bridge
D03_6724,Nucleoplasm;Cytosol,Mitochondria
E03_6724,Nucleoplasm;Cytosol,
F03_6724,Vesicles;Plasma membrane;Cell Junctions,Intermediate filaments;Aggresome
G03_6724,Mitochondria,
H03_6724,Plasma membrane;Cytosol,
A04_6724,Centrosome,Intermediate filaments
B04_6724,Endoplasmic reticulum,Vesicles
C04_6724,Nucleoplasm;Mitochondria,Cytosol
D04_6724,Vesicles,
E04_6724,Cytosol,
F04_6724,Cytosol,Nucleoli
G04_6724,Nucleoplasm,Plasma membrane;Cytosol
H04_6724,Vesicles,
A05_6724,Nucleoplasm,
B05_6724,Intermediate filaments,
C05_6724,Cytosol,
D05_6724,Vesicles,
E05_6724,Nucleoplasm,
F05_6724,Cytosol,Nucleoplasm;Nuclear speckles
G05_6724,Nuclear bodies,
H05_6724,Nucleoplasm,
A06_6724,Nucleoli;Nucleoli fibrillar center,Cytosol
B06_6724,Vesicles,Golgi apparatus;Cytosol
C06_6724,Microtubules,Vesicles
D06_6724,Mitochondria,
E06_6724,Nucleoplasm,
F06_6724,Mitochondria,Cytosol
G06_6724,Mitochondria,
H06_6724,Cytosol,
A07_6724,Mitochondria,
B07_6724,Mitochondria,Cytosol
C07_6724,Mitochondria,
D07_6724,Cytosol,
E07_6724,Nucleoplasm;Cytosol,
F07_6724,Cytosol,
G07_6724,Mitochondria,
H07_6724,Mitochondria,Endoplasmic reticulum
A08_6724,Nucleoplasm,Vesicles
B08_6724,Mitochondria,
C08_6724,Plasma membrane,Cytosol
D08_6724,Nucleoplasm,Golgi apparatus
E08_6724,Vesicles,
F08_6724,Mitochondria,
G08_6724,Nucleoplasm;Cytosol,
H08_6724,Cytosol,
A09_6724,Nucleoplasm;Mitochondria,
B09_6724,Nuclear membrane;Mitochondria,
C09_6724,Mitochondria,
D09_6724,Cytosol,
E09_6724,Cytosol,
F09_6724,Mitochondria,Nucleoplasm
G09_6724,Mitochondria,
H09_6724,Cytosol,
A10_6724,Nucleoplasm;Centriolar satellite;Cytosol,Vesicles
B10_6724,Mitochondria,Vesicles
C10_6724,Microtubules,Nucleoli
D10_6724,Cytosol,
E10_6724,Nucleoli;Mitochondria,Nucleoplasm
F10_6724,Mitochondria,
G10_6724,Endoplasmic reticulum,
H10_6724,Mitochondria,Nucleoplasm
A11_6724,Cytosol,
B11_6724,Nucleoplasm,
C11_6724,Mitochondria,
D11_6724,Mitochondria,Nucleoplasm
E11_6724,Cytosol,
F11_6724,Lipid droplets,
G11_6724,Mitochondria,
H11_6724,Cytosol,
A12_6724,Mitochondria,
B12_6724,Mitochondria,
C12_6724,Mitochondria,Nucleoplasm
D12_6724,Mitochondria,Cytosol
E12_6724,Plasma membrane,Nucleoplasm
F12_6724,Vesicles;Cytosol,
G12_6724,Nuclear bodies;Mitochondria,Nuclear membrane;Cell Junctions
A01_6725,Plasma membrane,
B01_6725,Cytosol,Nucleoplasm
C01_6725,Nucleoplasm,
D01_6725,Cytosol,
E01_6725,Nucleoplasm,Cytosol
F01_6725,Cytosol,
G01_6725,Nucleoplasm,
H01_6725,Mitochondria,
A02_6725,Mitochondria,Nucleoplasm
B02_6725,Cytosol,
C02_6725,Cytosol,
D02_6725,Intermediate filaments,
E02_6725,Nucleoplasm;Vesicles,Cytosol
F02_6725,Nucleoplasm,Plasma membrane;Cytosol
G02_6725,Nuclear bodies,
H02_6725,Nucleoli;Cytosol,Nucleoplasm
A03_6725,Nucleoplasm;Golgi apparatus;Vesicles,
B03_6725,Cytosol,Nucleoplasm
C03_6725,Nuclear speckles,
D03_6725,Nuclear speckles,
E03_6725,Nuclear speckles,Cytosol
F03_6725,Cytosol,Plasma membrane
G03_6725,Mitochondria,
H03_6725,Endoplasmic reticulum,
A04_6725,Nucleoplasm;Cytosol,
B04_6725,Vesicles,
C04_6725,Endoplasmic reticulum,Nuclear bodies
D04_6725,Nucleoplasm,
E04_6725,Endoplasmic reticulum,Cytosol
F04_6725,Mitochondria,
G04_6725,Nucleoplasm,
H04_6725,Cytosol,
A05_6725,Cytosol,Plasma membrane
B05_6725,Mitochondria;Cytosol,
C05_6725,Nucleoplasm,Cytosol
D05_6725,Vesicles,
E05_6725,Nucleoplasm,Plasma membrane
F05_6725,Nucleoplasm,
G05_6725,Mitochondria,
H05_6725,Nucleoplasm,Cytosol
A06_6725,Mitochondria,Nucleoplasm
B06_6725,,
C06_6725,Plasma membrane,
D06_6725,Nucleoplasm,
E06_6725,Nucleoplasm,
F06_6725,Mitochondria,
G06_6725,Cytosol,Actin filaments
H06_6725,Nuclear speckles,
A07_6725,Nucleoplasm,Intermediate filaments
B07_6725,Vesicles,
C07_6725,Nucleoplasm,
D07_6725,Nucleoplasm;Nucleoli;Cytosol,Plasma membrane
E07_6725,Cytosol,Nucleoplasm
F07_6725,Nucleoplasm,
G07_6725,Nucleoplasm,Mitochondria
H07_6725,Cytosol,Mitochondria
A08_6725,Nucleoplasm,
B08_6725,Plasma membrane,Intermediate filaments
C08_6725,Vesicles,
D08_6725,Mitochondria,
E08_6725,,
F08_6725,Nucleoplasm,
G08_6725,Nucleoplasm,
H08_6725,Nucleoplasm,Nucleoli
A09_6725,Cytosol,
B09_6725,Vesicles,
C09_6725,Nucleoplasm,Cell Junctions
D09_6725,Cytosol,
E09_6725,Vesicles,
F09_6725,Vesicles,
G09_6725,Nuclear speckles,Nucleoli;Cytosol
H09_6725,Nucleoplasm,Mitochondria
A10_6725,Nucleoplasm,
B10_6725,Cytosol,
C10_6725,Nucleoplasm,
D10_6725,Nucleoplasm,Cytosol
E10_6725,Vesicles,
F10_6725,Nucleoplasm,Cytosol
G10_6725,Nucleoplasm;Vesicles;Plasma membrane,
H10_6725,Nucleoplasm,
A11_6725,Mitochondria,
B11_6725,Nucleoplasm,Cytosol
C11_6725,Nucleoplasm,Nucleoli
D11_6725,Nucleoli,
E11_6725,Nucleoplasm,
F11_6725,Vesicles,
G11_6725,Nucleoplasm,Cytosol
H11_6725,Mitochondria,
A12_6725,Nucleoplasm;Vesicles,Cytosol
B12_6725,Endoplasmic reticulum,
C12_6725,Golgi apparatus,
D12_6725,Vesicles,
E12_6725,Golgi apparatus,
F12_6725,Mitochondria,
G12_6725,Nuclear speckles,Vesicles
A01_6731,Vesicles,
B01_6731,Mitochondria,Cytosol
C01_6731,Cytosol,Nucleoplasm
D01_6731,Plasma membrane,
E01_6731,Cytosol,Nucleoplasm
F01_6731,Nucleoplasm;Cytosol,
G01_6731,Cytosol,
H01_6731,Vesicles,
A02_6731,Nucleoplasm;Cytosol,
B02_6731,Nucleoplasm;Cytosol,Nucleoli
C02_6731,Plasma membrane,Nucleoplasm;Cell Junctions
D02_6731,Cytosol,
E02_6731,Vesicles,Golgi apparatus
F02_6731,Mitochondria,
G02_6731,Nucleoplasm,Mitochondria;Cytosol
H02_6731,Golgi apparatus,
A03_6731,Mitochondria,Vesicles
B03_6731,Plasma membrane;Cytosol,
C03_6731,Nucleoplasm;Cytosol,
D03_6731,Plasma membrane;Cytosol,
E03_6731,Cytosol,Golgi apparatus;Plasma membrane
F03_6731,Nucleoplasm,Vesicles
G03_6731,Nucleoplasm,Nucleoli
H03_6731,Plasma membrane;Cytosol,Vesicles
A04_6731,Cytosol,
B04_6731,Nucleoplasm,
C04_6731,Nucleoplasm;Cytosol,Intermediate filaments
D04_6731,Cytosol,Intermediate filaments;Actin filaments
E04_6731,Mitochondria;Cytosol,Intermediate filaments
F04_6731,Cytosol,
G04_6731,Nucleoplasm;Cytosol,
H04_6731,Cytosol,Plasma membrane
A05_6731,Nucleoplasm,Mitochondria;Cytosol
B05_6731,Nucleoplasm;Cytosol,
C05_6731,Plasma membrane;Cell Junctions,Cytosol
D05_6731,Plasma membrane;Cytosol,Nucleoplasm
E05_6731,Vesicles,
F05_6731,Nucleoplasm,Plasma membrane;Cytosol
G05_6731,Mitochondria,Nucleoplasm
H05_6731,Golgi apparatus,Nucleoplasm
A06_6731,Cytosol,
B06_6731,Endoplasmic reticulum,
C06_6731,Mitochondria,Nucleoplasm
D06_6731,Mitochondria,Plasma membrane;Cytosol
E06_6731,Cell Junctions,
F06_6731,Cytosol,Actin filaments
G06_6731,Nucleoplasm;Nucleoli,Nuclear bodies
H06_6731,Nuclear bodies,Mitochondria;Cytosol
A07_6731,Nucleoplasm;Vesicles,Nucleoli
B07_6731,Nucleoplasm;Cytosol,Actin filaments
C07_6731,Cytosol,Nucleoplasm
D07_6731,Nucleoplasm;Nucleoli,
E07_6731,Mitochondria,Nucleoplasm;Plasma membrane
F07_6731,Mitochondria,
G07_6731,Nucleoplasm;Cytosol,
H07_6731,Plasma membrane;Cytosol,Nucleoplasm
A08_6731,Nucleoplasm,
B08_6731,Mitochondria,
C08_6731,Cytosol,
D08_6731,Cytosol,
E08_6731,Mitochondria,
F08_6731,Cytosol,
G08_6731,Plasma membrane;Mitochondria,
H08_6731,Cytosol,
A09_6731,Nucleoplasm,
B09_6731,Nucleoplasm,Cytosol
C09_6731,Nuclear membrane,Cytosol
D09_6731,Nucleoplasm,
E09_6731,Nucleoplasm,Golgi apparatus;Vesicles
F09_6731,Nuclear speckles,
G09_6731,Plasma membrane,Nucleoplasm
H09_6731,Golgi apparatus;Vesicles,
A10_6731,Nucleoli;Actin filaments,Nucleoplasm;Cytosol
B10_6731,Microtubules,Vesicles
C10_6731,Cytosol,
D10_6731,Golgi apparatus,Nucleoplasm
E10_6731,Nuclear membrane,Nucleoplasm;Vesicles
F10_6731,Nucleoplasm;Vesicles,
G10_6731,Mitochondria,
H10_6731,Vesicles,
A11_6731,Nucleoli,Mitochondria
B11_6731,Endoplasmic reticulum,
C11_6731,Golgi apparatus,
D11_6731,Nuclear bodies,
E11_6731,Mitochondria,
F11_6731,Vesicles,
G11_6731,Vesicles,Nucleoplasm
H11_6731,Mitochondria,Plasma membrane
A12_6731,Cell Junctions,Vesicles
B12_6731,Cytosol,
C12_6731,Plasma membrane,Centriolar satellite
D12_6731,Mitochondria,Nuclear bodies
E12_6731,Mitochondria,
F12_6731,Vesicles,
G12_6731,Cytosol,
A01_6734,Endoplasmic reticulum,Lipid droplets
B01_6734,Cytosol,
C01_6734,Cytosol,
D01_6734,Golgi apparatus,Nuclear bodies
E01_6734,Nucleoplasm;Cytosol,Nuclear membrane
F01_6734,Cytosol,
G01_6734,Nucleoplasm,
H01_6734,Mitochondria,Nucleoplasm
A02_6734,Cytosol,
B02_6734,Mitochondria,Nucleoplasm;Nuclear bodies;Cytosol
C02_6734,Cytosol,
D02_6734,Cytosol,
E02_6734,Cytosol,
F02_6734,Endoplasmic reticulum,
G02_6734,Nucleoplasm,Vesicles;Cytosol
H02_6734,Mitochondria,
A03_6734,Vesicles,Nucleoplasm
B03_6734,Nucleoplasm,
C03_6734,Mitochondria,
D03_6734,Nucleoli,
E03_6734,Nucleoplasm,
F03_6734,Cytosol,
G03_6734,Nucleoplasm,Nucleoli
H03_6734,Cytosol,
A04_6734,Nucleoplasm,Cytosol
B04_6734,Endoplasmic reticulum,
C04_6734,Cytosol,Mitochondria
D04_6734,Cytosol,
E04_6734,Nucleoplasm;Nucleoli,Cytosol
F04_6734,Cytosol,
G04_6734,Mitochondria,Nucleoplasm
H04_6734,Nucleoplasm;Centrosome;Cytosol,
A05_6734,Nucleoplasm,Cytosol
B05_6734,Mitochondria,Nucleoplasm;Plasma membrane
C05_6734,Nucleoplasm,Microtubules
D05_6734,Nucleoplasm,Cytosol
E05_6734,Endoplasmic reticulum,
F05_6734,Nucleoplasm,Nucleoli;Cytosol
G05_6734,Mitochondria,Cytosol
H05_6734,Cytosol,
A06_6734,Endoplasmic reticulum,Nucleoplasm
B06_6734,Nucleoplasm,Cytosol
C06_6734,Vesicles;Cytoplasmic bodies,Cytosol
D06_6734,Cytosol,Nucleoplasm
E06_6734,Mitochondria,
F06_6734,Mitochondria,
G06_6734,Plasma membrane;Cytosol,
H06_6734,Vesicles,Nucleoplasm
A07_6734,Focal adhesion sites;Cytosol,Mitochondria
B07_6734,Mitochondria,
C07_6734,Nucleoplasm;Centrosome,
D07_6734,Nucleoplasm,
E07_6734,Nucleoplasm;Cytosol,
F07_6734,Nucleoplasm,
G07_6734,Cytosol,
H07_6734,Nucleoli,Vesicles
A08_6734,Nucleoplasm;Cytosol,
B08_6734,Nucleoplasm,Cytosol
C08_6734,Mitochondria,Nucleoplasm
D08_6734,Cytosol,
E08_6734,Nucleoplasm,Nuclear bodies;Cytosol
F08_6734,Vesicles,Focal adhesion sites
G08_6734,Golgi apparatus,Nucleoplasm;Vesicles
H08_6734,Nucleoli;Vesicles,
A09_6734,Mitochondria,
B09_6734,Nucleoplasm,
C09_6734,Cytosol,Nucleoplasm
D09_6734,Mitochondria,
E09_6734,Nucleoplasm;Cytosol,
F09_6734,Peroxisomes,Nucleoplasm
G09_6734,Mitochondria,
H09_6734,Nucleoplasm,
A10_6734,Cytosol,Nucleoplasm
B10_6734,Nucleoplasm,
C10_6734,Nucleoplasm,
D10_6734,Nucleoplasm,Cytosol
E10_6734,Mitochondria,Cytosol
F10_6734,Nucleoplasm,
G10_6734,Nucleoplasm,
H10_6734,Cytosol,
A11_6734,Cytosol,Nucleoli
B11_6734,Mitochondria,
C11_6734,Nucleoplasm,Mitochondria;Cytosol
D11_6734,Endoplasmic reticulum,
E11_6734,Endoplasmic reticulum,
F11_6734,Mitochondria,
G11_6734,Mitochondria,
H11_6734,Nucleoplasm,
A12_6734,Endoplasmic reticulum,
B12_6734,Nucleoplasm;Cytosol,
C12_6734,Vesicles,
D12_6734,Nucleoplasm,Cell Junctions
E12_6734,Mitochondria,
F12_6734,Nucleoplasm;Cytosol,Centrosome
G12_6734,Cytosol,
A01_6735,Mitochondria,
B01_6735,Nucleoplasm,Nuclear bodies
C01_6735,Cytosol,Nucleoplasm;Nuclear membrane;Nucleoli
D01_6735,Cytosol,
E01_6735,Nucleoplasm,Cytosol
F01_6735,Vesicles,Nucleoplasm;Cytosol
G01_6735,Mitochondria,
H01_6735,Cytosol,
A02_6735,Cytosol,
B02_6735,Cytosol,Plasma membrane
C02_6735,Nucleoplasm,Nuclear bodies
D02_6735,Nucleoplasm;Vesicles,
E02_6735,Nucleoplasm;Cytosol,
F02_6735,Nuclear bodies,Nucleoplasm
G02_6735,Nucleoplasm,
H02_6735,Nucleoplasm,Cytoplasmic bodies
A03_6735,Vesicles,
B03_6735,Nucleoplasm,
C03_6735,Nuclear bodies,Nucleoplasm;Focal adhesion sites
D03_6735,Mitochondria,
E03_6735,Vesicles,
F03_6735,Nucleoplasm;Cytosol,
G03_6735,Nucleoplasm;Plasma membrane;Cytosol,
H03_6735,Nucleoplasm,Mitotic chromosome
A04_6735,Cytosol,
B04_6735,Plasma membrane;Cytosol,Golgi apparatus
C04_6735,Mitochondria;Cytosol,
D04_6735,Golgi apparatus,
E04_6735,Cytosol,
F04_6735,Cytosol,
G04_6735,Vesicles,
H04_6735,Vesicles,
A05_6735,Mitochondria,
B05_6735,Endoplasmic reticulum,
C05_6735,Nuclear bodies,
D05_6735,Golgi apparatus;Cytosol,
E05_6735,Cytosol,Nucleoplasm
F05_6735,Mitochondria,
G05_6735,Plasma membrane,
H05_6735,Mitochondria,
A06_6735,Cytosol,
B06_6735,Mitochondria,
C06_6735,Nucleoplasm;Mitochondria,Cytosol
D06_6735,Cytosol,
E06_6735,Cytosol,
F06_6735,Cytosol,
G06_6735,Mitochondria,
H06_6735,Nucleoplasm,
A07_6735,Endoplasmic reticulum,
B07_6735,Nucleoplasm;Cytosol,Nucleoli fibrillar center
C07_6735,Nuclear bodies,
D07_6735,Cytosol,Golgi apparatus
E07_6735,Golgi apparatus,Endoplasmic reticulum
F07_6735,Cytosol,Mitochondria
G07_6735,Nucleoplasm;Vesicles;Plasma membrane,
H07_6735,Golgi apparatus,
A08_6735,Mitochondria,Nucleoli
B08_6735,Cytosol,
C08_6735,Vesicles,
D08_6735,Plasma membrane;Cytosol,Nucleoplasm
E08_6735,Golgi apparatus,Vesicles
F08_6735,Vesicles;Plasma membrane,
G08_6735,Cytosol,
H08_6735,Plasma membrane,Actin filaments
A09_6735,Cytosol,
B09_6735,Nucleoplasm;Cytosol,
C09_6735,Nucleoplasm;Cytosol,Centrosome
D09_6735,Mitochondria,
E09_6735,Vesicles,Nuclear speckles
F09_6735,Nuclear bodies;Cytosol,
G09_6735,Nucleoplasm;Vesicles,
H09_6735,Mitochondria,
A10_6735,Nucleoplasm,
B10_6735,Plasma membrane,
C10_6735,Mitochondria,Cytosol
D10_6735,Plasma membrane,Nucleoplasm
E10_6735,Golgi apparatus;Centrosome,Nuclear bodies;Cytosol
F10_6735,Golgi apparatus,
G10_6735,Nucleoplasm,Cytosol
H10_6735,Centrosome;Cytosol,
A11_6735,Plasma membrane,Nucleoplasm
B11_6735,Nuclear bodies,Nucleoplasm;Cytosol
C11_6735,Nucleoplasm,
D11_6735,Nucleoplasm,
E11_6735,Cytosol,
F11_6735,Nucleoplasm,Cytosol
G11_6735,Plasma membrane;Cytosol,
H11_6735,Cytosol,Nucleoplasm;Vesicles
A12_6735,Vesicles,
B12_6735,Nucleoplasm,
C12_6735,Cytosol,
D12_6735,Plasma membrane,
E12_6735,Nuclear bodies,Vesicles
F12_6735,Plasma membrane,
G12_6735,Nucleoplasm;Cytosol,
A01_6736,Nucleoplasm,Vesicles
B01_6736,Nucleoplasm,
C01_6736,Nuclear bodies,Cytosol
D01_6736,Cytosol,
E01_6736,Vesicles;Cytosol,
F01_6736,Nucleoplasm;Centrosome;Cytosol,
G01_6736,Nucleoplasm,Nuclear speckles;Golgi apparatus;Cytosol
H01_6736,Nucleoplasm;Nuclear bodies,Midbody ring
A02_6736,Nuclear bodies,Nucleoplasm
B02_6736,Endoplasmic reticulum,Nucleoplasm
C02_6736,Plasma membrane;Centriolar satellite,
D02_6736,Vesicles,
E02_6736,Centrosome,Cytosol
F02_6736,Lipid droplets,
G02_6736,Nucleoplasm;Cytosol,
H02_6736,Intermediate filaments,
A03_6736,Endoplasmic reticulum,
B03_6736,Nucleoplasm,Nucleoli
C03_6736,Nucleoplasm;Plasma membrane;Cytosol,
D03_6736,Nuclear speckles;Plasma membrane,
E03_6736,Nucleoplasm;Cytosol,
F03_6736,Nucleoli,Nucleoplasm
G03_6736,Mitochondria,Nucleoplasm
H03_6736,Cytoplasmic bodies,
A04_6736,Nucleoli fibrillar center;Plasma membrane,
B04_6736,Cytosol,
C04_6736,Nuclear bodies;Cytosol,
D04_6736,Mitochondria,
E04_6736,Cytosol,
F04_6736,Nucleoplasm;Nucleoli fibrillar center,
G04_6736,Plasma membrane,
H04_6736,Nuclear speckles,Cytosol
A05_6736,Endoplasmic reticulum,Cytosol
B05_6736,Cytosol,
C05_6736,Nucleoplasm;Cytosol,Golgi apparatus
D05_6736,,
E05_6736,Golgi apparatus,Nuclear membrane;Focal adhesion sites
F05_6736,Peroxisomes,Nucleoli
G05_6736,Cytosol,
H05_6736,Endoplasmic reticulum,
A06_6736,Golgi apparatus;Vesicles,Nuclear speckles;Cytosol
B06_6736,Vesicles,
C06_6736,Nucleoplasm,Cytosol
D06_6736,Nucleoplasm,Nuclear bodies;Actin filaments;Cytosol
E06_6736,Plasma membrane,Cytosol
F06_6736,Cytosol,Plasma membrane
G06_6736,,
H06_6736,Mitochondria,
A07_6736,Nucleoplasm;Golgi apparatus,
B07_6736,Cytosol,Nucleoplasm
C07_6736,Nucleoplasm;Golgi apparatus,
D07_6736,Plasma membrane;Cytosol,
E07_6736,Vesicles,Cytosol
F07_6736,Nucleoplasm;Golgi apparatus;Vesicles,
G07_6736,Vesicles,
H07_6736,Mitochondria,
A08_6736,Cytosol,
B08_6736,Mitochondria,
C08_6736,Golgi apparatus,
D08_6736,Nucleoplasm,
E08_6736,Cytosol,Nucleoli
F08_6736,Vesicles,
G08_6736,Nucleoplasm,
H08_6736,Cytosol,Nuclear bodies
A09_6736,Nucleoplasm;Cytosol,
B09_6736,Intermediate filaments,Golgi apparatus
C09_6736,Nucleoplasm,
D09_6736,Nucleoplasm,Cytosol
E09_6736,Nucleoplasm,Mitotic chromosome
F09_6736,Nucleoplasm,Centrosome
G09_6736,Nucleoplasm,
H09_6736,Cytosol,Nucleoplasm
A10_6736,Cytosol,
B10_6736,Peroxisomes,
C10_6736,Nucleoplasm;Vesicles,
D10_6736,Plasma membrane,Actin filaments;Cytosol
E10_6736,Golgi apparatus;Vesicles,
F10_6736,Intermediate filaments,Cytosol
G10_6736,Nucleoplasm,
H10_6736,Vesicles,Nuclear bodies
A11_6736,Cytosol,Nucleoplasm
B11_6736,Vesicles,Nucleoli fibrillar center
C11_6736,Mitochondria,Nucleoli
D11_6736,Nuclear bodies;Endoplasmic reticulum;Cytosol,Nucleoli
E11_6736,Nuclear speckles,
F11_6736,Nucleoplasm,Intermediate filaments;Centrosome
G11_6736,Mitochondria,
H11_6736,Nuclear speckles,Cytosol
A12_6736,Nucleoplasm,Nuclear bodies
B12_6736,Nucleoplasm,Cytosol
C12_6736,Vesicles,
D12_6736,Nucleoplasm,
E12_6736,Vesicles,Centrosome
F12_6736,Vesicles,Nucleoplasm
G12_6736,Vesicles,
A01_6745,Mitochondria,
B01_6745,Cytosol,
C01_6745,Intermediate filaments,
D01_6745,Vesicles,Aggresome
E01_6745,Mitochondria,Vesicles
F01_6745,Cytosol,Nuclear bodies
G01_6745,Vesicles,Cytosol
H01_6745,Vesicles,Plasma membrane
A02_6745,Cytosol,Cell Junctions
B02_6745,Cytosol,
C02_6745,Plasma membrane,Cytosol
D02_6745,Nucleoplasm,Cytosol
E02_6745,Vesicles,
F02_6745,Mitochondria,
G02_6745,Vesicles,
H02_6745,Mitochondria,
A03_6745,Mitochondria,
B03_6745,Nuclear speckles,Cell Junctions
C03_6745,Nucleoplasm;Nucleoli,
D03_6745,Nucleoplasm,Nucleoli
E03_6745,Mitochondria,Nucleoplasm
F03_6745,Plasma membrane,Nucleoplasm;Cytosol
G03_6745,Nucleoplasm,Plasma membrane;Focal adhesion sites
H03_6745,Cytosol,
A04_6745,Nucleoplasm;Cytosol,
B04_6745,Cytosol,
C04_6745,Golgi apparatus,
D04_6745,Nucleoplasm;Cytosol,
E04_6745,Vesicles,
F04_6745,Nucleoli,Cytosol
G04_6745,Golgi apparatus;Plasma membrane,
H04_6745,Nucleoli fibrillar center,Mitochondria
A05_6745,Nucleoli;Nucleoli fibrillar center,Nucleoplasm
B05_6745,Nucleoplasm,
C05_6745,Peroxisomes,Microtubules
D05_6745,Mitochondria,
E05_6745,Mitochondria,Nucleoli
F05_6745,Vesicles,Golgi apparatus
G05_6745,Mitochondria,Nucleoplasm;Cytosol
H05_6745,Nuclear speckles,Nucleoplasm;Cytosol
A06_6745,Nucleoplasm,Cytosol
B06_6745,Nucleoplasm,Vesicles
C06_6745,Mitochondria,
D06_6745,Nucleoplasm,
E06_6745,Nucleoplasm,
F06_6745,Nuclear membrane,Nucleoplasm;Cytosol
G06_6745,Vesicles,Nucleoplasm
H06_6745,Nucleoli,Nucleoplasm;Cytosol
A07_6745,Nucleoplasm,Nuclear bodies;Vesicles
B07_6745,Nucleoplasm,Golgi apparatus
C07_6745,Nucleoplasm,Vesicles
D07_6745,Nucleoplasm;Nuclear membrane;Nucleoli;Mitochondria,
E07_6745,Vesicles,
F07_6745,Actin filaments,Plasma membrane;Cytosol
G07_6745,Nucleoplasm,Golgi apparatus;Actin filaments
H07_6745,Cytosol,
A08_6745,Nucleoplasm,Nuclear speckles
B08_6745,Nuclear speckles,Cytosol
C08_6745,Plasma membrane,
D08_6745,Nucleoplasm,Vesicles
E08_6745,Nucleoplasm,Cytosol
F08_6745,Nucleoplasm,Nucleoli
G08_6745,Nucleoli,
H08_6745,Cytosol,
A09_6745,Vesicles,
B09_6745,Nucleoplasm;Cytosol,
C09_6745,Vesicles,
D09_6745,Mitochondria,
E09_6745,Endoplasmic reticulum,
F09_6745,Nucleoplasm,
G09_6745,Nucleoplasm,Cytosol
H09_6745,Nucleoplasm;Cytosol,Nuclear bodies;Vesicles
A10_6745,Nucleoplasm,Vesicles
B10_6745,Nucleoplasm,
C10_6745,Nucleoli,
D10_6745,Vesicles;Lipid droplets,
E10_6745,Golgi apparatus,Nucleoplasm;Nucleoli
F10_6745,Nucleoplasm,
G10_6745,Plasma membrane;Actin filaments,
H10_6745,Golgi apparatus;Cytosol,
A11_6745,Nucleoplasm;Golgi apparatus,Nuclear bodies;Cytosol
B11_6745,,
C11_6745,,
D11_6745,,
E11_6745,,
F11_6745,,
G11_6745,,
H11_6745,,
A12_6745,,
B12_6745,,
C12_6745,,
D12_6745,,
E12_6745,,
F12_6745,,
G12_6745,,
